Residue	Amino_Acid	Wildtype_Amino_Acid	Substitution	G401_R1_zscore	G401_R2_zscore	BT16_R1_zscore	BT16_R2_zscore	RCRF1009T_R1_zscore	RCRF1009T_R2_zscore	Average_zscore	Average_sd	G401_average_zscore	BT16_average_zscore	RCRF1009T_average_zscore	Mutation_Type	missing_flag
300	A	E	E300A	1.8148152790086456	2.336640653840953	1.3533788154152857	0.2830201418607273	1.343284460408862	0.6322866750137879	1.2939043375913768	0.751564718805838	2.0757279664247994	0.8181994786380065	0.987785567711325	M	False
300	C	E	E300C	-2.044647434161381	-0.0267289457920086	-3.516660778644847	-0.1327536400343157	2.3678791949857474	1.7000200683000348	-0.275481922557795	2.218441006846907	-1.0356881899766948	-1.8247072093395815	2.033949631642891	M	False
300	D	E	E300D	1.562461833237832	0.6287392741250761	0.6180731389019659	0.2036760102776778	0.3509426074544873	0.263603024123343	0.6045826480200637	0.5019212240340567	1.095600553681454	0.4108745745898218	0.3072728157889152	M	False
300	E	E	E300E	0.6062601179041447	1.3587453034848345	1.1591414827588478	0.6406210495035995	1.5870641972313957	0.6261210904928227	0.996325540229274	0.4295479786560384	0.9825027106944896	0.8998812661312237	1.1065926438621092	S	False
300	F	E	E300F	1.9960990861778705	2.7319746478608717	-1.1946409533494036	0.0770564439165259	2.300696789895044	0.4276537282849811	1.0564732904643148	1.5271201845909652	2.364036867019371	-0.5587922547164388	1.3641752590900125	M	False
300	G	E	E300G	1.4500732394057367	1.5874873225564612	0.9182861060696114	0.3481943631771275	0.8317908020151219	0.282138750502643	0.9029950972877836	0.5415522919468542	1.5187802809810989	0.6332402346233694	0.5569647762588824	M	False
300	H	E	E300H	-3.4187372668516054	-0.00064719485777816	-2.074989978527204	-0.5495236448926647	-0.6127743285012203	0.0794203110844235	-1.0962086837576748	1.3760148007426432	-1.7096922308546918	-1.3122568117099345	-0.2666770087083984	M	False
300	I	E	E300I	2.006714836105332	4.365469825798141	-2.0043272998706834	2.29126709916974	3.7176122765238344	-0.0208737511251972	1.7259771644335278	2.379014829601307	3.1860923309517366	0.1434698996495282	1.848369262699319	M	False
300	K	E	E300K	4.215568477748232	4.197509571861062	5.659341626502582	0.0238735267659101	3.113863915413041	1.9709818976596176	3.1968565026584077	1.9839551870076193	4.206539024804647	2.841607576634246	2.5424229065363297	M	False
300	L	E	E300L	1.0234614200352148	0.8392994701915786	0.7925668369591501	0.0172932090991142	-1.2072924151123194	0.2156576345889767	0.2801643592936191	0.8262528555746801	0.9313804451133968	0.4049300230291321	-0.4958173902616714	M	False
300	M	E	E300M	1.1640715528642285	3.412910440624535	1.8589593657884207	-0.0344441394942553	1.6164440580097603	-0.0038549359066957	1.335681056980999	1.2937217255382487	2.2884909967443816	0.9122576131470826	0.8062945610515323	M	False
300	N	E	E300N	-0.1241836211099564	-0.2129797116273218	-0.6113530770814021	0.9208320280851529	1.596591599706396	0.2147884769734633	0.2972826158243886	0.8182228598843246	-0.168581666368639	0.1547394755018754	0.9056900383399296	M	False
300	P	E	E300P	5.051389603496544	1.4577627594390148	1.635690215388144	0.3958698100314997	4.363943386193084	1.0164778381510644	2.3201889354498917	1.9105692069421152	3.254576181467779	1.015780012709822	2.690210612172074	M	False
300	Q	E	E300Q	-2.1280217280078046	1.2643710194662214	1.2530053364167235	0.7287284822868757	-0.2677358654244011	0.4676753994310374	0.2196704406947753	1.282891287795003	-0.4318253542707916	0.9908669093517996	0.0999697670033181	M	False
300	R	E	E300R	5.452644445312212	4.013712910856321	0.8895561911909446	0.2913194773703356	0.2832753399382482	0.7865800201080749	1.952848064129356	2.215159574827873	4.733178678084267	0.5904378342806401	0.5349276800231616	M	False
300	S	E	E300S	1.9328420459052231	-1.2062328639117228	0.8922322817058864	0.1595102000414839	1.0413835418719797	-0.7399432986822068	0.3466319844884405	1.1767303357489598	0.3633045909967501	0.5258712408736852	0.1507201215948864	M	False
300	T	E	E300T	-1.5924783710242152	-0.9098145833428206	0.4883030339536887	0.1863652534638066	-0.1234621586524808	-0.758253163986129	-0.4515566649313584	0.7750731622705993	-1.251146477183518	0.3373341437087477	-0.4408576613193049	M	False
300	V	E	E300V	1.8879840904606104	1.792991467731179	0.8036200575905894	0.4413347393010812	2.793009434802156	1.4394236806134308	1.526393911749841	0.8382667678618455	1.840487779095895	0.6224773984458353	2.116216557707794	M	False
300	W	E	E300W	4.954017666655795	3.1905112953806514	2.7023988354751527	1.2020919530985594	1.6598010692597986	1.503931395485282	2.5354587025592066	1.4081961606760622	4.072264481018223	1.952245394286856	1.5818662323725403	M	False
300	Y	E	E300Y	2.1995113760311455	2.5462559927471617	2.723754974547034	0.9227462796430552	2.5540722262345117	1.6631792526201057	2.101586683637169	0.6900757004819275	2.3728836843891536	1.8232506270950448	2.1086257394273087	M	False
125	A	A	A125A	0.8115751654809359	0.3063137777651729	0.1436374083991325	0.497304913576747	0.3279536551843816	0.932730398930274	0.503252553222774	0.3093176570838961	0.5589444716230544	0.3204711609879397	0.6303420270573277	S	False
125	C	A	A125C	0.059215610028713	0.5786809890961767	0.2808712013050721	-0.7062513156795803	-0.8753671952946377	1.8892891876478612	0.2044064128506008	1.0001047144882889	0.3189482995624448	-0.2126900571872541	0.5069609961766117	M	False
125	D	A	A125D	0.1003144264840238	-0.493609435950081	0.7664142578021859	0.045701736691332	-0.5874338699069713	0.0582373872285933	-0.0183959162751528	0.4877770820959783	-0.1966475047330286	0.4060579972467589	-0.2645982413391889	M	False
125	E	A	A125E	2.301636878391363	3.133536095682854	0.6184179438977928	2.026392587034574	0.5381522979625872	1.3963707490886943	1.6690844253429775	1.012886045339739	2.7175864870371087	1.3224052654661833	0.9672615235256408	M	False
125	F	A	A125F	1.903543085030416	2.674749714032129	0.4216924217718696	1.9654901127683095	2.572936610735134	3.284495071007111	2.1371511692241616	0.9820547993758676	2.2891463995312726	1.1935912672700897	2.9287158408711225	M	False
125	G	A	A125G	0.3157950418195085	0.9600143335896058	0.6186331774602414	-0.1726634906738727	-1.5127955114114382	-0.903296218581602	-0.1157187779662595	0.9442481689479636	0.6379046877045571	0.2229848433931843	-1.20804586499652	M	False
125	H	A	A125H	0.3007008529635168	1.3418585243955263	0.4269516995898978	0.9991550251847552	1.5637538356843756	2.0562916003210256	1.1147852563565162	0.6765778621902725	0.8212796886795215	0.7130533623873265	1.8100227180027009	M	False
125	I	A	A125I	1.935180544702648	1.5887611534520132	2.04992910732769	1.5268199615002678	4.587579843541609	1.0345008514931833	2.120461910336235	1.2601906868968191	1.7619708490773305	1.788374534413979	2.811040347517396	M	False
125	K	A	A125K	2.1972216792237265	0.9260276658861324	0.7692974183874106	3.3294454899028256	3.6694271451707823	4.585434701181227	2.5794756832920176	1.5447377966602165	1.5616246725549294	2.0493714541451182	4.1274309231760045	M	False
125	L	A	A125L	0.6460079111366507	1.4634128699431337	-0.2037362016297294	-0.5516417688553736	1.5572757081277149	1.9557385188088032	0.8111761729218666	1.0204607404645083	1.0547103905398922	-0.3776889852425515	1.756507113468259	M	False
125	M	A	A125M	-0.7453707818542428	-1.5028874504940952	-0.866580347022234	-1.7019820955562437	-0.5457126231069532	-1.9737583355693595	-1.222715272267188	0.580565457940636	-1.1241291161741689	-1.284281221289239	-1.2597354793381563	M	False
125	N	A	A125N	1.7169106558192395	4.272783765087707	1.3868369960395743	2.9443231762428437	5.530822179276193	2.984414977049395	3.1393486249191587	1.5595183310449974	2.994847210453474	2.165580086141209	4.257618578162794	M	False
125	P	A	A125P	1.647570976477416	2.2297519041471183	1.5662172941119177	1.8598128376330367	1.285404977606248	2.371334228772528	1.826682036458044	0.4130647617675532	1.9386614403122673	1.7130150658724772	1.828369603189388	M	False
125	Q	A	A125Q	0.5264125030070639	1.1293954070148515	0.675630643949547	0.7859848959598853	1.648999423739869	1.4148246764060743	1.030207925012882	0.442685189346796	0.8279039550109577	0.7308077699547162	1.5319120500729717	M	False
125	R	A	A125R	-0.7251287189039962	1.2259040389835127	0.3557527162959492	0.2330086251520806	0.4401764723438621	1.9294927478172208	0.5765343136147716	0.9090491833069816	0.2503876600397582	0.2943806707240148	1.1848346100805414	M	False
125	S	A	A125S	0.0024140069291707	0.6387767503229637	0.2419003173607049	0.3458592995392287	-0.9961609804469194	0.1628464997136158	0.065939315569794	0.5619508348969084	0.3205953786260672	0.2938798084499668	-0.4166572403666517	M	False
125	T	A	A125T	0.644776062677164	0.9263338481781116	0.2873717255921701	0.5315968341713749	0.493841243920119	0.3785021482811869	0.5437369771366878	0.2246116295601682	0.7855549554276378	0.4094842798817725	0.436171696100653	M	False
125	V	A	A125V	0.0696095519160843	0.6803293316293451	0.2857683375020527	0.4661966875273432	0.8165993687575166	0.7141877528098678	0.5054485050237016	0.2866098083834388	0.3749694417727147	0.375982512514698	0.7653935607836921	M	False
125	W	A	A125W	0.663465245219258	-0.2741235321316508	-0.93925634783101	-0.1720469485879155	2.6293191562377136	0.2899748842302063	0.3662220761894336	1.2344898125341797	0.1946708565438035	-0.5556516482094628	1.45964702023396	M	False
125	Y	A	A125Y	1.308821554938358	1.6505668207051267	0.6021818498605578	2.972612027812815	2.906241197903878	3.879600790858939	2.2200040403466126	1.2299156477074484	1.4796941878217424	1.7873969388366864	3.3929209943814085	M	False
122	A	E	E122A	1.8118392469131903	1.87814443221532	2.8247766639421026	-2.2035508656035754	-0.4645475294613592	0.091666870369333	0.6563881363958353	1.8592645046907812	1.8449918395642553	0.3106128991692636	-0.1864403295460131	M	False
122	C	E	E122C	0.9572153117913356	0.708929257550359	1.3965023178710754	0.2601975537434562	1.2684061829378643	-0.4142435596818621	0.6961678440353714	0.6796053715755656	0.8330722846708473	0.8283499358072658	0.4270813116280011	M	False
122	D	E	E122D	0.4642973800909576	1.6484710848345911	0.3893251840559971	1.110972135218408	2.457590795858185	1.777727503577117	1.3080640139392092	0.8065656784604593	1.0563842324627744	0.7501486596372027	2.117659149717651	M	False
122	E	E	E122E	0.8912826196880538	1.175511384425295	0.1524526419449796	0.1314614677796283	0.6897643046353554	0.6156953774226037	0.6093612993159859	0.4107710028038761	1.0333970020566745	0.1419570548623039	0.6527298410289796	S	False
122	F	E	E122F	0.5894056874264895	-2.8404070588637325	-1.5974854020508371	0.9593796408828515	0.5137047393910971	-0.7994641670647459	-0.5291444267131462	1.490687948383802	-1.1255006857186216	-0.3190528805839928	-0.1428797138368244	M	False
122	G	E	E122G	0.907236810316751	1.1901482537500023	2.4220847976528965	1.500494809902385	1.0630806566406812	0.910040308420112	1.332180939447138	0.5775099047425176	1.0486925320333769	1.9612898037776407	0.9865604825303964	M	False
122	H	E	E122H	1.5586235810369713	1.390402696285768	3.8082195164349097	0.960575529746604	0.4010658383138534	0.8239235345160898	1.4904684493890328	1.208180033319037	1.4745131386613697	2.384397523090757	0.6124946864149716	M	False
122	I	E	E122I	1.862589071494479	1.924575366620962	2.4928201676202275	3.2092980647997056	1.4713010471348738	3.0676688071005063	2.338042087461792	0.7019471080897187	1.8935822190577205	2.8510591162099663	2.26948492711769	M	False
122	K	E	E122K	0.9979866335387164	0.7346017507915896	1.9352250292085191	0.5882186905075665	1.3996171647327424	0.7470374116003597	1.0671144467299156	0.512114800050239	0.866294192165153	1.2617218598580429	1.073327288166551	M	False
122	L	E	E122L	0.6474602763171904	1.3956490525285503	1.267473580720191	1.706656864991421	-0.6237693200626283	-1.4791774777149038	0.4857154961299701	1.268680017658062	1.0215546644228706	1.487065222855806	-1.051473398888766	M	False
122	M	E	E122M	1.6631522170632078	1.4754228574726505	3.104215565104139	0.1704344148606684	3.0879587021442134	1.196403679067935	1.782931239285469	1.1403471361996824	1.5692875372679291	1.6373249899824036	2.1421811906060744	M	False
122	N	E	E122N	0.8496044581957295	1.335765559341877	3.4919640098469973	0.8736750105177491	-0.2054482584257085	1.128533893036637	1.2456824454188802	1.222183884745164	1.0926850087688031	2.182819510182373	0.4615428173054643	M	False
122	P	E	E122P	0.7034247936153781	1.389817153929218	0.0580457211603945	0.7113042418564128	0.0658618908446535	0.0507249051589346	0.4965297844274986	0.5409955703301113	1.046620973772298	0.3846749815084037	0.058293398001794	M	False
122	Q	E	E122Q	0.759905423340948	1.4522319250741864	-0.9675278993851976	0.6056754163979505	2.5038238888154605	-0.3941403798146264	0.6599947290714535	1.2490243563306531	1.1060686742075672	-0.1809262414936235	1.054841754500417	M	False
122	R	E	E122R	0.7744677456717366	1.4009856368020284	1.738211011185162	0.1420631375498292	-0.5075106270695436	0.1293964810932168	0.6129355642054048	0.8513860403798423	1.0877266912368824	0.9401370743674956	-0.1890570729881634	M	False
122	S	E	E122S	1.8874015553513457	2.557738641110592	4.210252448439788	1.3860570858997534	3.6155295211602168	3.590853471305468	2.874638787211194	1.107852421712601	2.222570098230969	2.79815476716977	3.603191496232842	M	False
122	T	E	E122T	0.8179796651178779	0.6052314162408199	2.615768943931055	-2.7726632527671704	-0.8359531618620382	0.1489159351533916	0.0965465909689893	1.8016864688526797	0.7116055406793489	-0.0784471544180576	-0.3435186133543232	M	False
122	V	E	E122V	1.4201386475566102	0.5789271376291708	-0.0032745695728544	0.4244783948240643	0.5280074768737154	0.2768488464565328	0.5375209889612065	0.4804180132804313	0.9995328925928906	0.2106019126256049	0.4024281616651241	M	False
122	W	E	E122W	0.2321955309027203	1.709625228089353	-0.0559569876790092	0.979077086956646	1.2700736386058278	0.2816798160303794	0.7361157188176528	0.6898824202807556	0.9709103794960366	0.4615600496388183	0.7758767273181035	M	False
122	Y	E	E122Y	-0.1295341911719164	0.079567060400426	-2.1601029709521353	0.2013694820474564	-0.6781374831375405	-0.0566591235826989	-0.4572495377327348	0.887504636718041	-0.0249835653857452	-0.9793667444523394	-0.3673983033601197	M	False
281	A	W	W281A	1.0408028287814424	-0.3146464514586083	-0.4697574005225617	-2.696320415062882	1.3901491977596474	3.5394129922326045	0.4149401252882737	2.1023794134274048	0.363078188661417	-1.5830389077927218	2.464781094996126	M	False
281	C	W	W281C	1.9020109637131288	1.5171170180421023	0.6871185002227983	1.605657323898816	1.853629276126973	2.8889527309242125	1.742414302154672	0.7121096545289636	1.7095639908776157	1.1463879120608071	2.3712910035255925	M	False
281	D	W	W281D	3.470739138815362	3.472236917462689	-0.2645933479123944	-0.6032193584592263	3.1687629870148455	1.6807876540713185	1.8207856651654324	1.8714104835656609	3.4714880281390252	-0.4339063531858104	2.424775320543082	M	False
281	E	W	W281E	1.27513619392072	2.4070782831481763	-0.8156948032666426	1.1367544345381966	2.873073720529503	1.4189369376091263	1.3825474610798465	1.2788179365685703	1.841107238534448	0.160529815635777	2.146005329069314	M	False
281	F	W	W281F	-0.7810323015385334	0.077295503712679	-0.2100603939711962	-1.303429415459344	-0.2993132978548539	1.7518004171413202	-0.1274565813283213	1.0411495312553938	-0.3518683989129272	-0.7567449047152701	0.7262435596432332	M	False
281	G	W	W281G	4.844140418563418	1.3662810321934011	0.7900506005925574	-0.5820557633634691	2.619197866377717	5.474227553025084	2.418640284564785	2.367438654988609	3.10521072537841	0.1039974186145441	4.046712709701401	M	False
281	H	W	W281H	-2.5174791723086547	-1.8371311689179188	-0.912029895491963	-1.6018397003231395	1.4410060434452103	-4.043433876445885	-1.5784846283403915	1.8213519632193216	-2.1773051706132867	-1.2569347979075514	-1.3012139165003374	M	False
281	I	W	W281I	0.4892784146427871	-0.1871708171006123	0.3576119676526015	-3.7650715208823784	0.0755310916590438	-4.038917411658605	-1.1781230459478604	2.1245607307969734	0.1510537987710873	-1.7037297766148884	-1.9816931599997805	M	False
281	K	W	W281K	2.2333545267945825	1.386774180697876	-0.2785440726423159	-0.7305824563655047	3.240257267854716	0.9234322961504928	1.1291152904149744	1.4983283304885526	1.810064353746229	-0.5045632645039103	2.0818447820026043	M	False
281	L	W	W281L	1.1302044366218218	0.96015791238928	0.2408248978241812	-0.7657509750734899	0.0240253424046948	2.5376856807521033	0.6878578824864319	1.135356464279042	1.0451811745055508	-0.2624630386246543	1.280855511578399	M	False
281	M	W	W281M	1.5680975183352517	-0.0804768428912004	1.235553948135812	-0.0983076454737844	1.84258135486041	-0.630900039653788	0.6394247155521168	1.0335977369677667	0.7438103377220256	0.5686231513310138	0.605840657603311	M	False
281	N	W	W281N	0.1014399089207165	0.4901449833860233	0.0618715965704366	-1.1792292209325066	1.608167683022145	3.1616981267625617	0.7073488462882295	1.4983608249845937	0.2957924461533699	-0.558678812181035	2.384932904892353	M	False
281	P	W	W281P	8.125066543579356	6.935799802824928	2.263281189508339	1.010009260246962	6.618518443169935	8.489389039583239	5.573677379818793	3.154166169788151	7.530433173202142	1.6366452248776504	7.553953741376587	M	False
281	Q	W	W281Q	0.3903653470512472	-0.3107923444144297	1.385987379652548	-2.3496855431931793	2.3458196458034455	1.142960099246007	0.4341090973576064	1.635205400102767	0.0397865013184087	-0.4818490817703157	1.7443898725247262	M	False
281	R	W	W281R	2.69303093717013	1.750203037022871	2.010428714699979	0.2723677525326067	2.37589966210243	3.2787690508890974	2.063449859069519	1.027609641542148	2.221616987096501	1.141398233616293	2.827334356495764	M	False
281	S	W	W281S	2.158120327168158	2.90291860454163	0.2993575009483644	1.1304632325871928	1.7311079648728405	0.9016536736824778	1.520603550633444	0.936833495222383	2.530519465854894	0.7149103667677786	1.3163808192776592	M	False
281	T	W	W281T	2.8214939631435856	-1.3285475313972563	-0.832998105233384	-1.8615339441048837	1.2508039940651174	5.263645917675609	0.8854773823581312	2.77312527686147	0.7464732158731646	-1.347266024669134	3.257224955870363	M	False
281	V	W	W281V	-0.2275376747595001	-2.844859025556757	-0.5346772526753713	-1.064736730202848	0.6286752963527892	-0.8126158089885814	-0.8092918659717114	1.156753860870395	-1.536198350158129	-0.7997069914391097	-0.0919702563178961	M	False
281	W															True
281	Y	W	W281Y	-1.373616050246627	-3.1294841225435137	-1.9717275361309496	-1.5912150390170827	-0.1775449892765299	0.945369782755823	-1.21636965907648	1.4246460660888551	-2.2515500863950706	-1.7814712875740162	0.3839123967396465	M	False
123	A	Q	Q123A	1.9244762696475832	2.2054828045352592	2.2751624657317473	1.5208701929335962	2.3104013337551694	1.5806847953259613	1.9695129769882191	0.3520807432417111	2.0649795370914212	1.8980163293326715	1.9455430645405656	M	False
123	C	Q	Q123C	0.9851463174067192	2.083842050553168	2.0820344196334206	2.3099838574584868	2.433457305771872	2.508397625612569	2.067143596072706	0.5584050377812863	1.5344941839799435	2.1960091385459535	2.4709274656922204	M	False
123	D	Q	Q123D	0.2609217410414109	0.4551683489158147	0.3920441290623836	-0.0234781117285276	1.4892052136810845	0.1665233357152129	0.4567307761145632	0.5335451959031828	0.3580450449786128	0.184283008666928	0.8278642746981487	M	False
123	E	Q	Q123E	0.8241319902744674	2.045660762395736	3.3886158053777473	2.648905864742628	2.3229573999871187	1.9551543184160525	2.1975710235322916	0.8492573130784682	1.4348963763351017	3.0187608350601876	2.139055859201586	M	False
123	F	Q	Q123F	-0.091379987582016	1.416140725193169	2.1995087455386004	-0.7750568768241135	0.9568366489479998	1.2967262520433689	0.8337959178861681	1.0842599585985748	0.6623803688055765	0.7122259343572435	1.1267814504956843	M	False
123	G	Q	Q123G	0.6218324316285525	0.948356449720141	0.8277559558281806	0.1536295161240201	1.6763935043635112	0.0771859524197011	0.7175256350140178	0.5868615016669415	0.7850944406743467	0.4906927359761003	0.8767897283916062	M	False
123	H	Q	Q123H	0.3793475628989182	0.4414604491592503	0.3218762251027278	1.2174738008039208	-0.6557997656264869	1.4070502506293732	0.5185680871612839	0.7377025465373998	0.4104040060290843	0.7696750129533243	0.3756252425014431	M	False
123	I	Q	Q123I	0.8433483402270032	-1.1984053688356011	-0.0655330559864557	-0.2566300616833412	0.1581394932226007	0.9350170906095252	0.0693227395922885	0.7858748789349708	-0.1775285143042989	-0.1610815588348984	0.546578291916063	M	False
123	K	Q	Q123K	0.0535759187664893	0.4639602226468773	0.4637159805725294	2.2063107934325044	0.0796654602015509	-0.5209893190626391	0.4577065094262187	0.9297068633311256	0.2587680707066833	1.335013387002517	-0.220661929430544	M	False
123	L	Q	Q123L	0.638683867240305	0.9159671415287818	1.8742389028961957	1.0553085983273065	-0.284307317860022	1.099860863791856	0.8832920093207371	0.7046497736857729	0.7773255043845434	1.464773750611751	0.407776772965917	M	False
123	M	Q	Q123M	-0.561319905712211	0.0626825523699024	0.1248505674001008	0.4551180689419194	-0.3282553645550187	-0.6867755842572812	-0.1556166109687647	0.4417787612850067	-0.2493186766711543	0.2899843181710101	-0.50751547440615	M	False
123	N	Q	Q123N	1.576875531616264	1.8449659926644009	1.6125619349225462	2.105773858468554	0.0002605524889788924	0.6340927135137899	1.295755097279089	0.8066302123946677	1.7109207621403324	1.85916789669555	0.3171766330013844	M	False
123	P	Q	Q123P	1.0223095485806166	3.192860559701743	1.571035035987104	1.8378780560682648	-2.9029293818552784	-0.0693541588998043	0.7752999432637743	2.0933557358146655	2.10758505414118	1.7044565460276844	-1.4861417703775412	M	False
123	Q	Q	Q123Q	0.2963774658138177	0.4055841880127491	0.546854884086772	0.4534156332309968	-0.1810699213481702	0.5689916176324862	0.3483589779047752	0.2776285464241428	0.3509808269132833	0.5001352586588844	0.1939608481421579	S	False
123	R	Q	Q123R	0.3278778496803056	0.7948912145219389	0.6444250614442885	0.6371446001135022	0.7457189654913609	-0.2306096739847762	0.4865746695444366	0.3871281367923592	0.5613845321011223	0.6407848307788953	0.2575546457532923	M	False
123	S	Q	Q123S	0.1564393178255383	0.7330481855262593	0.5869710357717918	-0.6645213442577154	-0.233168597128524	0.056643279711014	0.1059019795747273	0.5173473101177545	0.4447437516758988	-0.0387751542429617	-0.0882626587087549	M	False
123	T	Q	Q123T	0.4361723860858563	1.119134409820715	0.0687094216667679	-0.9014570562065556	0.8287859980044546	0.2834306347478755	0.3057959656865189	0.7023113420499316	0.7776533979532856	-0.4163738172698938	0.5561083163761651	M	False
123	V	Q	Q123V	0.7591476247377323	1.7569041390197953	1.4634858695994422	0.7842008385929827	0.9710402479670271	0.8373243745517404	1.0953505157447867	0.4159456389849783	1.2580258818787635	1.1238433540962125	0.9041823112593838	M	False
123	W	Q	Q123W	0.2216886249992831	-0.0690432959893503	0.8914920749834624	1.8063997987346927	0.2333467904297231	-0.621087099211606	0.4104661489910342	0.8415528894143213	0.0763226645049663	1.3489459368590777	-0.1938701543909414	M	False
123	Y	Q	Q123Y	0.518262368156946	0.5971983377881587	0.925595663952356	-0.3869002323146106	2.589499901837528	1.791105801005975	1.005793640071059	1.0464707844337144	0.5577303529725524	0.2693477158188727	2.1903028514217517	M	False
63	A	I	I63A	-0.0907802081107988	0.3541927523331765	-0.14920379365326	0.409530121019014	-0.3418541822611226	-0.2972571327439963	-0.0192287405694978	0.3245544213735601	0.1317062721111888	0.130163163682877	-0.3195556575025594	M	False
63	C	I	I63C	1.6149757709443089	1.0714647981473011	0.7884406601479217	1.0658136246681562	1.0583909822156383	1.3509216196539644	1.1583345759628818	0.2858417974915442	1.343220284545805	0.927127142408039	1.2046563009348017	M	False
63	D	I	I63D	1.792866461798058	1.7649028934999682	1.2652162836916845	1.0421138067619746	0.3525309258956842	0.9335137070596085	1.191857346451163	0.5456387254091802	1.778884677649013	1.1536650452268296	0.6430223164776463	M	False
63	E	I	I63E	2.6297940964643147	2.5712389525481485	1.9260871934116095	0.943758493009644	3.078837968556388	1.7536319723347995	2.1505581127208173	0.7658519262278874	2.6005165245062316	1.434922843210627	2.416234970445594	M	False
63	F	I	I63F	0.4829330065451054	1.586503705931708	0.7636743875403833	0.1667952997025295	4.1300972624324706	0.2466197270373782	1.2294372315315958	1.5106731472554549	1.0347183562384066	0.4652348436214564	2.1883584947349246	M	False
63	G	I	I63G	0.869723746320874	1.1802515786617302	0.685451853058539	0.6535267749456999	1.4279340530543798	1.3366357573620002	1.0255872939005373	0.3349536372544326	1.024987662491302	0.6694893140021194	1.38228490520819	M	False
63	H	I	I63H	1.1582340479935946	1.589633029900347	1.1464791786970083	0.9358587170616622	1.667620727854796	1.1168112296445538	1.2691061551919938	0.2909051188692851	1.373933538946971	1.0411689478793351	1.3922159787496748	M	False
63	I	I	I63I	0.5594913900882196	0.7056148459518953	0.389346117636157	1.2353290963913128	0.6531863925311172	1.1495601383907483	0.782087996831575	0.3366667398352583	0.6325531180200574	0.8123376070137349	0.9013732654609328	S	False
63	K	I	I63K	0.4752457811806208	0.8890043643188668	0.7745839593754148	-0.0373142503559025	0.6673990532401267	0.458326155875756	0.5378741772724804	0.3277781425524488	0.6821250727497438	0.3686348545097561	0.5628626045579413	M	False
63	L	I	I63L	0.9113678736509512	1.3377319064674484	0.6980369328671543	0.573476783633602	1.7484960165258412	-0.2154012244976762	0.8422847147745535	0.6757549849734212	1.1245498900591997	0.6357568582503781	0.7665473960140825	M	False
63	M	I	I63M	-2.1439362176020476	-1.4061687919167571	-1.272484638172568	-1.8885222192890256	-1.013836751513146	-2.02347831281742	-1.6247378218851607	0.4567708409292931	-1.7750525047594023	-1.5805034287307969	-1.5186575321652829	M	False
63	N	I	I63N	1.3699674762553635	1.4984792381049326	0.9869042838082316	1.7709126123647252	2.1498395187237316	2.0248888802033087	1.6334986682433823	0.4346124705022623	1.434223357180148	1.3789084480864784	2.0873641994635204	M	False
63	P	I	I63P	2.1540615601420505	0.9863697859253598	0.950282016246644	0.2241911767418849	0.5115474936459232	0.6995528750127115	0.9210008179524288	0.6675034347145278	1.5702156730337051	0.5872365964942644	0.6055501843293174	M	False
63	Q	I	I63Q	1.2244296643809365	1.0736431820791497	0.884295115036012	0.0326585073618496	1.2395414454253997	1.4564263432951945	0.9851657095964236	0.5038479830672072	1.1490364232300432	0.4584768111989308	1.347983894360297	M	False
63	R	I	I63R	0.384356344184422	-0.4963697044804798	3.3492538206580535	0.5701620117419883	0.671153166426873	0.8856423621578802	0.8940330001147896	1.2942748929307866	-0.0560066801480289	1.959707916200021	0.7783977642923765	M	False
63	S	I	I63S	1.172057481554747	2.0368196031396324	0.4338117825730865	0.9515695187105312	0.9921321931179672	0.9784028250234632	1.094132234019905	0.524380844605753	1.60443854234719	0.6926906506418089	0.9852675090707153	M	False
63	T	I	I63T	-0.0601630147079034	0.1568803534497698	0.2571256401873686	-0.2690432720886941	-0.0489206430577432	-0.4809362638870991	-0.0741762000173835	0.2710753319946227	0.0483586693709331	-0.0059588159506627	-0.2649284534724211	M	False
63	V	I	I63V	-1.11030572936337	-1.1409560596255808	-0.6519680685282729	-0.7599464048838789	-0.7970912392029486	-1.5965445187091465	-1.0094686700521995	0.3485074783307951	-1.1256308944944755	-0.7059572367060759	-1.1968178789560473	M	False
63	W	I	I63W	0.6996581448964552	1.114949931560288	0.7387259183403174	1.316770454394613	2.0643153902082436	0.6132430220053363	1.0912771435675424	0.5485226506630015	0.9073040382283716	1.0277481863674651	1.33877920610679	M	False
63	Y	I	I63Y	2.437257921925967	1.7362671297660173	0.7875086004398482	1.4559940051067737	3.187056978377616	1.2942430110401395	1.8163879411093935	0.8639148455694431	2.086762525845992	1.121751302773311	2.240649994708878	M	False
315	A	I	I315A	-0.4650114695813921	1.2409372778692658	1.245072094237531	0.0953246359046011	-1.3281414670111475	-0.5693808315082798	0.036466706651763	1.038809671116575	0.3879629041439368	0.6701983650710661	-0.9487611492597136	M	False
315	C	I	I315C	-0.2935209128933556	-1.8762524061319608	-2.8414094884427237	-0.4186024974353088	0.8899350948046842	0.3304593032283304	-0.7015651511450557	1.4002385086792326	-1.0848866595126585	-1.6300059929390165	0.6101971990165074	M	False
315	D	I	I315D	1.4308669502279232	-1.132976878656799	0.7221141014727734	1.423179055135074	-0.4548454645143109	1.2668363437557504	0.5425290179034018	1.0884517942649323	0.148945035785562	1.0726465783039236	0.4059954396207197	M	False
315	E	I	I315E	0.4661508238928779	0.5105265518439843	0.2057556371777791	-0.5793773342250513	0.6505712216813601	1.6716752184050911	0.4875503531293402	0.7276615006564932	0.4883386878684311	-0.1868108485236361	1.1611232200432255	M	False
315	F	I	I315F	-0.354857186418481	-0.645022211786054	1.087931041979696	-0.6556128523828696	-0.6336496947258801	0.9036392252387448	-0.0495952796824739	0.8195995455316487	-0.4999396991022675	0.2161590947984131	0.1349947652564324	M	False
315	G	I	I315G	0.7818338832886427	-1.355701823497068	-0.8422971047427115	0.4441472307916089	-0.8809075899345689	2.535185977958154	0.1137100956440095	1.4478611149071612	-0.2869339701042126	-0.1990749369755513	0.8271391940117925	M	False
315	H	I	I315H	-0.4021801571879485	0.919589080034446	-0.8409370898791495	-1.2590261329624333	0.7396640390387025	0.7321254388327836	-0.0184608036872665	0.9360321243170596	0.2587044614232487	-1.0499816114207914	0.7358947389357431	M	False
315	I	I	I315I	0.5107565771029395	0.8516220448547225	0.1122968412471244	0.5708248572145389	-0.506491284465106	0.9265735432478824	0.4109304298670169	0.534129765065837	0.681189310978831	0.3415608492308316	0.2100411293913881	S	False
315	K	I	I315K	1.5739253031008291	2.6329143539998072	-0.0836833109939821	0.5979717090842191	1.10471352643538	1.77748755103522	1.2672215221102456	0.9506633020813738	2.1034198285503183	0.2571441990451185	1.4411005387353	M	False
315	L	I	I315L	0.7297570918883527	1.9640768357656009	1.1588439997859108	1.0438678200573666	-0.4252436299384114	-0.4632929263085467	0.6680015318750454	0.9529783704145416	1.346916963826977	1.1013559099216388	-0.4442682781234791	M	False
315	M	I	I315M	-0.1202422501531416	-1.7488103951820655	-0.399614684492019	-0.4120252866891784	-0.8025363317812159	0.1196375441354325	-0.5605985673603646	0.6595461944986637	-0.9345263226676036	-0.4058199855905987	-0.3414493938228917	M	False
315	N	I	I315N	1.362443578413979	0.2522424522803032	1.008835278889695	0.6512985259267454	0.639612145579149	0.7988936635290537	0.7855542741031543	0.3759198919795289	0.8073430153471411	0.8300669024082202	0.7192529045541014	M	False
315	P	I	I315P	0.9952885732174253	4.0629814650823395	-1.6343099140559705	0.3618263469616933	6.6087510689663045	3.3252001825073747	2.2866229537798612	2.9550290922056863	2.5291350191498823	-0.6362417835471386	4.96697562573684	M	False
315	Q	I	I315Q	0.5811719669718574	2.492602672475358	-0.5615045406638525	-1.5205007786756533	0.6101103890023782	1.2177788122055857	0.4699430868859455	1.3934259792266512	1.5368873197236077	-1.0410026596697528	0.913944600603982	M	False
315	R	I	I315R	3.398975381705967	5.605917667177436	1.153607759241506	2.525008236451381	4.820927843227124	5.460646432173381	3.827513886662799	1.780261408005906	4.502446524441702	1.8393079978464435	5.1407871377002525	M	False
315	S	I	I315S	-0.051369981213249	-0.9401545566823682	1.452002028918273	-0.4681467007216565	1.1305138276273388	0.244696470539208	0.2279235147445909	0.920895628886316	-0.4957622689478086	0.4919276640983082	0.6876051490832734	M	False
315	T	I	I315T	1.0044449811366871	-0.0412312571523523	1.665893360533374	0.87128882727344	2.4111437519957417	0.9309200449127264	1.1404099514499362	0.8272813094117246	0.4816068619921674	1.268591093903407	1.671031898454234	M	False
315	V	I	I315V	0.2513034886034649	-0.0291523149431369	2.662246736842679	0.5195255860319462	1.170792306388028	0.0129756083584466	0.7646152352135714	1.028063428666499	0.1110755868301639	1.5908861614373129	0.5918839573732374	M	False
315	W	I	I315W	2.134309422412644	4.026170679146972	4.060911995843527	-0.4069861785239126	3.579747527993776	3.4221981463580984	2.8027252655385175	1.7214174431731646	3.080240050779808	1.826962908659807	3.5009728371759374	M	False
315	Y	I	I315Y	1.684629530765448	-0.4941964348482269	-0.1915000171068223	0.3070111445490681	2.2860907815704814	1.2702927226436174	0.8103879545955943	1.1056778656221744	0.5952165479586105	0.0577555637211228	1.7781917521070494	M	False
277	A	D	D277A	0.2418203893462774	1.6914116657473317	-0.0023560214345557	0.2750674750647362	1.2550085482919338	0.6606731424387978	0.6869375332424202	0.6595838991922005	0.9666160275468044	0.1363557268150902	0.9578408453653656	M	False
277	C	D	D277C	-0.4381809620517687	0.5199696201189151	-0.5167076565238411	0.2006996597623142	0.7663829189987083	-1.294332577550119	-0.1270281662076318	0.7662193924549762	0.0408943290335732	-0.1580039983807634	-0.2639748292757054	M	False
277	D	D	D277D	1.085361138084733	-0.9372121529643226	0.2647814870187021	-0.9945221379529992	1.031878958600679	-0.4506031812238874	-5.264807284918738e-05	0.9363093862582004	0.0740744925602052	-0.3648703254671485	0.2906378886883957	S	False
277	E	D	D277E	-0.929324716436899	-0.0770791796099054	-0.8000300870107153	1.58296793474545	0.2288746919541104	-0.3911970310397143	-0.0642980645662789	0.9160823703285712	-0.5032019480234022	0.3914689238673673	-0.0811611695428019	M	False
277	F	D	D277F	0.15892138790726	0.5771287172475985	2.862063745721346	1.219413268164106	1.7573766822691546	2.504461996451661	1.5132276329601877	1.0637919577700916	0.3680250525774293	2.040738506942726	2.130919339360408	M	False
277	G	D	D277G	0.3760859917436865	1.083124359267001	2.480672091602799	-0.2925188563123936	1.50587869344011	0.3729064472620471	0.921024787833875	0.9870066116413392	0.7296051755053438	1.0940766176452026	0.9393925703510786	M	False
277	H	D	D277H	-0.1385487838473365	-1.2344884199550736	-2.1120920484898713	-0.4941667282293075	0.4386944254173769	0.2370483014364757	-0.5505922089446227	0.9672667691898482	-0.6865186019012051	-1.3031293883595894	0.3378713634269263	M	False
277	I	D	D277I	0.8210576677582646	2.373140144158594	-0.9024427694773578	-0.3469710407393579	1.7247048206606117	1.2539569577826104	0.8205742966905608	1.2448038724989212	1.5970989059584295	-0.6247069051083579	1.489330889221611	M	False
277	K	D	D277K	2.9408036496302556	4.215603956623076	4.607720868154511	2.2774807078950827	5.155775700570529	6.647724201106349	4.3075181806633	1.5673950150829854	3.578203803126666	3.442600788024797	5.901749950838439	M	False
277	L	D	D277L	0.6375041805065932	1.8342374849385643	2.4613602965003087	4.486188800168892	2.1897843130187127	0.4737062822947037	2.013796892904629	1.4589248517631264	1.2358708327225787	3.4737745483346005	1.331745297656708	M	False
277	M	D	D277M	0.6413371328424073	-0.0634567848069443	-3.8630229635437536	-4.897649033386375	0.1971381937617442	0.6615257570301064	-1.2206879496838026	2.4844016552977837	0.2889401740177315	-4.380335998465064	0.4293319753959253	M	False
277	N	D	D277N	0.2902017721134752	1.258816687622832	2.267023770434081	1.2409754068209868	1.8469009233914473	1.5553610020166668	1.4098799270665816	0.6710999437595037	0.7745092298681535	1.753999588627534	1.701130962704057	M	False
277	P	D	D277P	1.213683635174014	4.106324536100266	3.691266010807763	-0.2054684416946578	1.4687851053971894	1.935543753030125	2.0350224331357833	1.6160663780105466	2.66000408563714	1.7428987845565524	1.7021644292136573	M	False
277	Q	D	D277Q	-0.0428549841206714	0.7022968047602891	-1.7896381828176635	0.1969577874985815	0.7783019108697067	-0.7421716480281008	-0.1495180519729764	0.9756119391952072	0.3297209103198088	-0.796340197659541	0.0180651314208029	M	False
277	R	D	D277R	2.3081372049054867	3.929965802599127	2.1074013567379684	0.2219324432202172	3.897019653041626	3.2007706190328924	2.6108711799228863	1.399594789712192	3.1190515037523068	1.1646668999790928	3.548895136037259	M	False
277	S	D	D277S	0.2514402470128211	-1.0099848046631617	-1.7792139281528057	-2.4324743735241636	-0.6977137681998142	-0.9714982362128473	-1.106574143956662	0.9218894285447474	-0.3792722788251702	-2.1058441508384846	-0.8346060022063307	M	False
277	T	D	D277T	-0.1668028748266069	0.0329029195445343	-0.523270740493803	-0.8713048143384511	1.2598153056019914	0.7520050698129204	0.0805574775500975	0.796944080174919	-0.0669499776410363	-0.697287777416127	1.005910187707456	M	False
277	V	D	D277V	0.9713222522550848	1.2483161286354298	2.028313847994937	1.9864111466093584	0.91822076041492	0.968300607348067	1.3534807905429662	0.5197923263985119	1.1098191904452572	2.0073624973021476	0.9432606838814934	M	False
277	W	D	D277W	-0.6176178790443405	0.5697757922160324	-0.3576560524304417	-2.1769395046205493	1.7371388555497187	0.7205292380021205	-0.0207949250545766	1.3496146834824136	-0.023921043414154	-1.2672977785254955	1.2288340467759196	M	False
277	Y	D	D277Y	0.9117203384314014	1.4643602778738167	-3.061549992325329	2.157536960182845	0.1202166207893442	0.632784603275463	0.3708448013712569	1.8217218381969504	1.1880403081526092	-0.4520065160712418	0.3765006120324036	M	False
90	A	L	L90A	0.2065698195237972	0.8227509500654432	0.2246158508142882	0.6475894165312533	1.5165158644680874	1.3234432231438216	0.7902475207577818	0.5465875989624668	0.5146603847946202	0.4361026336727708	1.4199795438059546	M	False
90	C	L	L90C	0.1758469240278747	1.4698824147763234	1.4584812319127425	0.4986085749248746	1.5248432805363898	1.6404999251391907	1.1280270585528993	0.6243350437710027	0.8228646694020991	0.9785449034188084	1.5826716028377903	M	False
90	D	L	L90D	-0.413760750774539	0.8242524803594854	1.8473263660350716	1.2359088175299402	2.4444510158458974	0.1645535894855095	1.017121919746894	1.056964717770828	0.2052458647924732	1.541617591782506	1.3045023026657034	M	False
90	E	L	L90E	0.5177173979208115	1.6095798399890269	1.2678580182961778	1.363183118675639	2.6549654262450173	1.9877407322310048	1.5668407555596129	0.7203506990959441	1.0636486189549192	1.3155205684859084	2.321353079238011	M	False
90	F	L	L90F	0.81246205549551	0.0843403585259446	1.0675169616521851	1.2982068047869864	1.7133998539064397	0.9261715153292636	0.9836829249493882	0.5440370232362194	0.4484012070107273	1.182861883219586	1.3197856846178515	M	False
90	G	L	L90G	0.2076392644503203	0.4367219331867639	0.951432268407839	0.0770939290417699	1.561403220997277	1.5025605729681626	0.7894751981753555	0.6482358689714142	0.3221805988185421	0.5142630987248045	1.5319818969827197	M	False
90	H	L	L90H	0.5627883651483342	1.343342448215353	0.804182242323106	0.2160624484234481	1.8985673934391445	1.6619559695730035	1.081149811187065	0.6584888828918526	0.9530654066818436	0.510122345373277	1.780261681506074	M	False
90	I	L	L90I	1.1157997660821375	1.2844132723170227	0.589778172896363	0.8523302970727434	1.3102091923485784	0.3357866200172124	0.9147195534556762	0.394502576335959	1.20010651919958	0.7210542349845532	0.8229979061828954	M	False
90	K	L	L90K	1.1437515241492715	1.0868411798395563	2.024602579300063	0.4681280386028653	1.6257842529335091	1.0549300691319397	1.2340062739928674	0.5342235011951798	1.115296351994414	1.246365308951464	1.3403571610327245	M	False
90	L	L	L90L	-0.0508328189737058	0.3348196428804774	0.3320551648811589	0.0080941256084661	0.1036193888843556	0.1074100179966026	0.1391942535462258	0.1618875934308093	0.1419934119533857	0.1700746452448125	0.1055147034404791	S	False
90	M	L	L90M	-0.6015374802374764	-0.5638734371542635	-1.068675468608168	-1.18698580123716	-1.517806648602182	-0.170000944303282	-0.8514799633570886	0.4926117575567166	-0.58270545869587	-1.127830634922664	-0.843903796452732	M	False
90	N	L	L90N	0.0912426904026158	0.2016848065209225	1.6631829375434932	-0.7768188847461341	-0.1434232819096987	-0.0535767814881047	0.1637152477205156	0.8100927932599518	0.1464637484617691	0.4431820263986795	-0.0985000316989017	M	False
90	P	L	L90P	-0.1029197011086462	0.4768409886398531	0.4550127022959923	0.0014923332694432	-0.2481147907253391	0.2227152282030613	0.1341711267623941	0.2993861233733761	0.1869606437656034	0.2282525177827177	-0.0126997812611388	M	False
90	Q	L	L90Q	-0.2763313176163123	0.3783157914659761	1.104947078627833	0.5284021255469924	1.3223571253840376	1.1418731210862256	0.6999273207491254	0.6054274116268104	0.0509922369248318	0.8166746020874127	1.2321151232351315	M	False
90	R	L	L90R	0.329979973915554	0.7212117305328577	0.9702105410253816	0.1168131294210681	0.6547738951459925	0.8509992419219924	0.6073314186604744	0.3236685945620953	0.5255958522242059	0.5435118352232249	0.7528865685339925	M	False
90	S	L	L90S	1.742971006272958	1.4755282050660194	1.3720269515920271	1.198483901407645	2.420987604447353	2.192033420727459	1.7336718482522435	0.4829981499801989	1.6092496056694887	1.2852554264998362	2.3065105125874057	M	False
90	T	L	L90T	0.787064118328679	0.599207775342386	0.5811594028011127	-0.0567177314477255	1.0339113177799175	0.1957367176125257	0.5233936000694825	0.3957583477348178	0.6931359468355325	0.2622208356766936	0.6148240176962216	M	False
90	V	L	L90V	0.5238781176791332	-0.0659591949377961	-0.0348926220096599	0.5998931877297825	2.3042999580555565	0.6111747952745612	0.6563990402985962	0.8646459339844739	0.2289594613706685	0.2825002828600613	1.457737376665059	M	False
90	W	L	L90W	0.0172882895186871	0.8202538567798423	0.1708820022974848	0.3761028623354858	1.0820556097994294	0.4000558410492326	0.4777730769633603	0.4012619185800298	0.4187710731492647	0.2734924323164853	0.7410557254243311	M	False
90	Y	L	L90Y	1.2613694871909045	-0.6944353354826283	1.0332490141179314	0.7816336897579734	2.085516609010507	-0.0413180574826562	0.737669234518672	0.9836665572768142	0.2834670758541381	0.9074413519379524	1.0220992757639251	M	False
91	A	L	L91A	0.7449316632426719	0.9405805250772	1.9762596423285788	0.1973206579975848	0.4483197086200184	0.9593832441071476	0.8777992402288669	0.6135748131006867	0.8427560941599359	1.0867901501630817	0.703851476363583	M	False
91	C	L	L91C	0.1243405498483764	0.7420753806083153	0.2838982178983399	-0.624073910619186	2.0707479205555854	2.1765642393534628	0.795592066274149	1.1192704150374324	0.4332079652283458	-0.170087846360423	2.1236560799545243	M	False
91	D	L	L91D	-0.1760636193754746	-0.4179301893945206	0.3399366862214665	-0.520242649199992	0.3272734533239358	0.6685529945224156	0.0369211126829717	0.4770252434254944	-0.2969969043849976	-0.0901529814892627	0.4979132239231757	M	False
91	E	L	L91E	1.0748911048098526	1.10305852139009	-2.039637962590574	0.5378224508357542	2.1372658089118035	0.5952426083431912	0.5681070886166864	1.400517755102427	1.0889748130999712	-0.7509077558774098	1.3662542086274974	M	False
91	F	L	L91F	-0.8880974525698573	-0.3505066399403816	0.5980039440415228	-0.1425011905376186	0.7513837372437813	-0.2659224684480931	-0.0496066783684411	0.6180638544494704	-0.6193020462551194	0.227751376751952	0.242730634397844	M	False
91	G	L	L91G	0.6480313666022757	0.4158821460793824	0.8389834825127375	0.3946548278827075	0.9480737791850016	2.0829107860342395	0.8880893980493907	0.6257304353182552	0.5319567563408291	0.6168191551977225	1.5154922826096209	M	False
91	H	L	L91H	0.7317567222751167	0.6233408931413589	1.160054281176014	0.3066969867434941	0.4960270720252212	-0.158145016533006	0.5266218231380331	0.4406541004947554	0.6775488077082378	0.733375633959754	0.1689410277461075	M	False
91	I	L	L91I	0.0287845701985436	0.2934442912598736	0.966065054523754	0.3523212620999804	0.265666165242481	0.9568932189325076	0.47719576037619	0.3909676319906371	0.1611144307292086	0.6591931583118673	0.6112796920874943	M	False
91	K	L	L91K	1.882966791167148	1.8556062226163683	3.0010370992823994	0.9552688410617228	0.950608080222725	2.716339518291417	1.8936377587736304	0.8572715966507579	1.869286506891758	1.978152970172061	1.8334737992570709	M	False
91	L	L	L91L	0.4241664139657496	0.64567849130825	0.3190861356556306	0.195441136183499	0.1276747542685274	0.6320742751104206	0.3906868677486795	0.2176384253302937	0.5349224526369998	0.2572636359195648	0.379874514689474	S	False
91	M	L	L91M	0.743631468136339	1.1803748165955392	0.3523603421434707	-0.3770385744030274	1.1923846947523835	1.2000636257100228	0.715296062155788	0.6331874275721922	0.9620031423659392	-0.0123391161297783	1.1962241602312031	M	False
91	N	L	L91N	0.4982895704042795	1.0441505254751888	1.4597062086095207	0.0306710236215681	1.9187054850868772	1.4946913764259235	1.074369031603893	0.7014479162153867	0.7712200479397342	0.7451886161155444	1.7066984307564004	M	False
91	P	L	L91P	1.063113427922017	1.3092702139321042	1.171434120086804	0.4807672042030174	1.3930793849204877	0.6216172410391297	1.00654693201726	0.3731089559327253	1.1861918209270603	0.8261006621449106	1.0073483129798086	M	False
91	Q	L	L91Q	1.956970152999765	1.029543603311451	1.2343327733377836	1.516598094506287	0.9626047283607392	0.7354864174709825	1.2392559616645014	0.4396260885498036	1.493256878155608	1.3754654339220354	0.8490455729158608	M	False
91	R	L	L91R	0.6398928206035537	1.4599993363329988	-1.265419388381441	0.7946036605262733	0.7808390827636702	2.8345668521747873	0.8740803940033071	1.3292194545145368	1.049946078468276	-0.2354078639275839	1.8077029674692289	M	False
91	S	L	L91S	0.2851256633878196	0.1397907674695204	0.5040994711428904	0.2342059233146001	0.4002782797886366	-0.2943460296266711	0.2115256792461327	0.2786432853878077	0.21245821542867	0.3691526972287453	0.0529661250809827	M	False
91	T	L	L91T	0.4105248280304593	0.9896424612947696	-0.7770427388625714	0.1953503807809219	0.796879703528928	0.5328087997048913	0.3580272390795664	0.6228453227437776	0.7000836446626145	-0.2908461790408247	0.6648442516169096	M	False
91	V	L	L91V	-0.2341369058287809	-0.3446751196458227	1.171569723216293	0.4712743059550971	-0.303567588170708	0.5590714808030441	0.219922649388187	0.6136472093208067	-0.2894060127373018	0.821422014585695	0.127751946316168	M	False
91	W	L	L91W	1.1834818487828809	0.6427282669900484	1.2352346016930509	0.7337886333458584	1.4977914653111164	1.749979062385187	1.173833979751357	0.4281279975581727	0.9131050578864646	0.9845116175194546	1.6238852638481518	M	False
91	Y	L	L91Y	0.4478232830531483	1.10874427313084	1.1902119814196244	0.7286165631608051	1.5010415678516165	1.5839900391579924	1.0934046179623378	0.4396122141055703	0.7782837780919941	0.9594142722902148	1.5425158035048043	M	False
77	A	K	K77A	1.7116565094915277	-0.8812921505933857	-1.1344911232201615	2.1510483922680663	0.0558077060548917	0.460448146945444	0.3938629134910638	1.3345322914088815	0.415182179449071	0.5082786345239524	0.2581279265001679	M	False
77	C	K	K77C	-1.303724280981317	-1.475144953437881	4.183306881105989	-0.0758529439849707	1.3135727033204152	-0.0289182998612416	0.4355398510268323	2.096172679388505	-1.389434617209599	2.0537269685605093	0.6423272017295868	M	False
77	D	K	K77D	1.900508347165406	0.0093748803870009	0.0233499007315852	-2.871426965068041	-5.424636495760535	-0.3429803276924162	-1.1176351100395	2.6041246160955813	0.9549416137762036	-1.4240385321682278	-2.8838084117264757	M	False
77	E	K	K77E	2.2409557442276933	1.0741213640530032	1.187358799719613	1.208113625220274	1.0955924549401796	0.1854674540925593	1.1652682403755537	0.6530848910667649	1.6575385541403482	1.197736212469943	0.6405299545163695	M	False
77	F	K	K77F	0.4248553513069411	1.3369657646768782	1.8711656344403096	2.290411111463026	2.256190372576502	2.6834649809255016	1.8105088692315263	0.817184009172983	0.8809105579919096	2.080788372951668	2.4698276767510015	M	False
77	G	K	K77G	0.2848178919887784	0.3252712008437639	2.9412027204572397	-1.9084714142670685	0.7020315765754283	-0.4138931564042457	0.3218264698656494	1.582566357963231	0.3050445464162712	0.5163656530950856	0.1440692100855913	M	False
77	H	K	K77H	-1.6429951830246186	0.8612213924515252	-5.0224543372626504	-3.5221637688529586	-2.0253798508045797	-0.0400041781419738	-1.898629320939209	2.170107127636819	-0.3908868952865467	-4.272309053057804	-1.0326920144732767	M	False
77	I	K	K77I	2.894361988096282	3.223549976797092	3.294826263740401	5.219346695158375	4.6292688996261875	1.1584763247718777	3.403305024698369	1.4243140943499493	3.0589559824466868	4.257086479449388	2.893872612199033	M	False
77	K	K	K77K	1.0771737304509086	0.3873065861974161	-1.3584063039684553	-0.7477270636352216	0.4240322522929958	0.424259639571805	0.0344398068182414	0.9019263913015756	0.7322401583241623	-1.0530666838018383	0.4241459459324004	S	False
77	L	K	K77L	0.623029107763364	0.7851925263450673	1.907818400976203	4.738231645090615	2.020792060535204	-0.1292500904844713	1.6576356083709969	1.715171946083862	0.7041108170542156	3.323025023033409	0.9457709850253664	M	False
77	M	K	K77M	0.4529746008632873	-0.3126855547177322	-2.2797395491264334	-3.973078051298176	-0.5948983998759569	-1.26465191510021	-1.328679811542537	1.590372797909486	0.0701445230727775	-3.126408800212305	-0.9297751574880836	M	False
77	N	K	K77N	1.5691968115754522	0.4908449392926427	-0.9205722320000748	1.161003193005909	-0.7127606769074719	0.7024883030077377	0.3817000563290325	1.0026003228391709	1.0300208754340474	0.120215480502917	-0.0051361869498671	M	False
77	P	K	K77P	2.2755367889986453	1.9506905360199425	0.9948779705924652	1.8062834705259103	3.646520089997387	1.2203153959706736	1.9823707086841704	0.9426791681344266	2.113113662509294	1.4005807205591878	2.4334177429840302	M	False
77	Q	K	K77Q	1.6327734837430323	2.5266605117790504	2.8287992595966607	2.5673100493633294	2.588769942216709	-0.0976210825855477	2.0077820273522056	1.110610319148275	2.0797169977610412	2.698054654479995	1.2455744298155806	M	False
77	R	K	K77R	-0.4073633029015626	-1.0778891238795825	-1.6802396960176318	-3.085374349793613	-0.7888361696948369	-0.6361804155525305	-1.2793138429732929	0.98768969916461	-0.7426262133905726	-2.3828070229056224	-0.7125082926236836	M	False
77	S	K	K77S	4.602790123229291	0.1779780665436884	7.300956251365914	-0.1539606456878866	0.7234894687072385	1.0069396401552178	2.276365484052244	2.9997114769186437	2.39038409488649	3.5734978028390136	0.8652145544312282	M	False
77	T	K	K77T	0.4672375581487331	0.0780126365514868	-0.9369275015311832	-2.759642561567612	0.4731898928612278	-0.2028101592618828	-0.480156689133205	1.2328499565346225	0.27262509735011	-1.8482850315493975	0.1351898667996725	M	False
77	V	K	K77V	2.039010755829078	1.7816375592073612	1.187668659624779	0.9234905893277916	0.7000903764142387	0.458858282331456	1.1817927037891174	0.6190415912414595	1.9103241575182195	1.0555796244762852	0.5794743293728473	M	False
77	W	K	K77W	0.7302267259680634	-0.2495615528490294	1.5936253544063952	-0.4806095266463677	1.5852387848900489	-0.6084003902165371	0.4284198992587621	1.014693126687926	0.2403325865595169	0.5565079138800137	0.4884191973367559	M	False
77	Y	K	K77Y	2.432571034428958	0.8376892780822631	3.616878247058184	4.546915625908836	2.684352550764392	1.269407578736442	2.5646357191631792	1.3948749845800783	1.6351301562556106	4.08189693648351	1.976880064750417	M	False
55	A	A	A55A	-0.3323361040769972	-0.3679113055083384	-0.873403192070752	-0.0954871099014583	-0.3823454242563687	-0.1385025683051366	-0.3649976173531752	0.2770517495727362	-0.3501237047926678	-0.4844451509861052	-0.2604239962807527	S	False
55	C	A	A55C	1.949526496638175	2.208922322582197	0.5324079804295971	1.3682225508734682	1.8751051077762284	1.93245784518737	1.644440383914506	0.6100475433573115	2.0792244096101857	0.9503152656515328	1.9037814764817993	M	False
55	D	A	A55D	-0.1139559683331991	0.8313045746725224	0.274511643644201	0.1979533110362034	0.3158076688103807	0.7428863888375756	0.3747512697779473	0.3542820908923099	0.3586743031696616	0.2362324773402022	0.5293470288239781	M	False
55	E	A	A55E	0.4596372903902478	0.8476083981024686	0.8551333453163893	-0.4647838494331102	1.0478976576698824	0.7495433698181115	0.5825060353106649	0.5479066667535996	0.6536228442463582	0.1951747479416395	0.898720513743997	M	False
55	F	A	A55F	1.1031360905280854	1.3779665456642736	1.0369479594266968	1.5810086054805463	2.8565328891212585	2.553425937655607	1.751503004646078	0.7699010105691092	1.2405513180961796	1.3089782824536216	2.7049794133884326	M	False
55	G	A	A55G	-0.1036884623549471	0.9912926643699784	0.1115440094310395	0.3216093521790805	1.366264023491398	1.18552313644282	0.6454241205932283	0.6135137816504428	0.4438021010075156	0.21657668080506	1.275893579967109	M	False
55	H	A	A55H	1.820327342057218	2.004761660126453	2.4674257246057567	0.7713725757497136	1.4265207481774125	2.365168668585936	1.809262786550415	0.6331286748020877	1.9125445010918352	1.6193991501777352	1.8958447083816743	M	False
55	I	A	A55I	1.189353471086532	0.6482315035923907	1.1356007674263764	-0.4100235448329237	1.3271309636610555	0.6261460501544753	0.752739868514651	0.6397039603840535	0.9187924873394614	0.3627886112967263	0.9766385069077654	M	False
55	K	A	A55K	0.2373667328531041	0.1538453568666969	0.4046476207557759	-0.4565880924504687	1.4697601854364006	1.013426657017361	0.4704097434131449	0.6799618187082224	0.1956060448599005	-0.0259702358473463	1.2415934212268809	M	False
55	L	A	A55L	0.3312562415725025	0.2818791480799272	-0.185642752213283	-0.6635352269086287	0.9580948976076636	0.9528903615019088	0.2791571116066817	0.6359720900483887	0.3065676948262148	-0.4245889895609558	0.9554926295547862	M	False
55	M	A	A55M	0.0398718016311635	0.266099644196149	-0.3400473250261982	-0.4573901274200302	0.3317411532766137	0.1391363603344447	-0.0034314155013095	0.3245233936084654	0.1529857229136562	-0.3987187262231142	0.2354387568055292	M	False
55	N	A	A55N	0.6510333290363673	1.0396792969857704	0.4946272537688299	-0.4555964462629425	0.3435772415569446	0.8410346999153662	0.4857258958333893	0.5228400310217333	0.8453563130110688	0.0195154037529436	0.5923059707361554	M	False
55	P	A	A55P	0.3189754569890112	-0.1490220839980851	1.956981556303535	0.027761476959805	0.5052535456191468	-0.2879693491922689	0.3953301004468573	0.8191449928449396	0.084976686495463	0.99237151663167	0.1086420982134389	M	False
55	Q	A	A55Q	-0.2195442584790579	0.7125076866317779	2.0670254580311114	0.8353266809002141	1.629289779758965	0.8228987125733366	0.9745840099027244	0.7948704694912763	0.24648171407636	1.4511760694656628	1.2260942461661508	M	False
55	R	A	A55R	2.3183439654480527	1.5477540346389662	1.9458342831192823	1.3615341264867242	1.3249730313062535	1.3460245056123885	1.6407439911019446	0.4062998809244294	1.9330490000435097	1.6536842048030032	1.335498768459321	M	False
55	S	A	A55S	-0.2323931711324114	-0.6116243547951912	0.4201083941877788	-0.4402467310829476	0.1996988186869612	0.4165888961239708	-0.0413113580019732	0.4475679481872714	-0.4220087629638013	-0.0100691684475843	0.308143857405466	M	False
55	T	A	A55T	0.6496311041984053	0.9585329355200384	1.4179266401950197	0.6866658985194511	0.2299657117385297	0.5111744237308293	0.7423161189837123	0.4076312476287048	0.8040820198592218	1.0522962693572353	0.3705700677346795	M	False
55	V	A	A55V	0.459436267798452	0.0638457278637644	-0.3155568961541567	-0.1310732417021242	-0.9307100207756536	2.6804504728796283	0.3043987183183184	1.251159359361197	0.2616409978311082	-0.2233150689281405	0.8748702260519874	M	False
55	W	A	A55W	-1.3127135590101089	2.052258949226065	1.3345098505086257	2.610571207876476	1.1834133139044816	-0.6539666765725985	0.8690121809888234	1.5380525814508257	0.369772695107978	1.9725405291925504	0.2647233186659415	M	False
55	Y	A	A55Y	-0.2803746653275186	-1.6394754770925015	0.4899192740148425	-2.00443981244566	-1.1020724931167276	0.4659655808742297	-0.6784129321822226	1.0671937699448135	-0.95992507121001	-0.7572602692154089	-0.3180534561212489	M	False
52	A	R	R52A	-0.0569931168469619	1.3886366337382048	0.3023445095342847	-0.1980234957193292	2.104667120467742	0.5746307943478537	0.6858770742536323	0.894365193318772	0.6658217584456214	0.0521605069074777	1.339648957407798	M	False
52	C	R	R52C	-0.0996491816313089	1.7905738364820267	0.2016121893988016	0.8520529258054538	0.4780253753335457	1.974720682977168	0.8662226380609478	0.8495535733179572	0.8454623274253589	0.5268325576021278	1.226373029155357	M	False
52	D	R	R52D	1.1182437660008404	1.2505024131901363	0.7778563978060288	1.3535339898939085	1.720171972365756	2.9550513019887754	1.5292266402075745	0.7630799895391005	1.1843730895954885	1.0656951938499686	2.3376116371772655	M	False
52	E	R	R52E	0.5256281150617579	0.541802873017317	0.9164022531773798	0.2251707799318864	2.027145971827972	1.6654530277176036	0.9836005034556528	0.7125398395261464	0.5337154940395374	0.5707865165546331	1.8462994997727875	M	False
52	F	R	R52F	1.0228770302123311	0.7724116451232196	0.9149368881406688	0.0870093615667876	1.0760881870088124	2.1267492960600136	1.0000120680186388	0.6585530873290223	0.8976443376677754	0.5009731248537282	1.601418741534413	M	False
52	G	R	R52G	0.2585969710214855	0.0960952318574441	-0.5174126612843954	0.6754864474049729	1.3537226531082769	0.5922042392855089	0.4097821468988821	0.6286249954871843	0.1773461014394648	0.0790368930602887	0.9729634461968928	M	False
52	H	R	R52H	-0.0548794600372836	1.8431139658854976	0.9148335412555004	0.5780784902435268	2.692850875489183	1.2095004362843471	1.1972496415201286	0.967995135704606	0.894117252924107	0.7464560157495136	1.951175655886765	M	False
52	I	R	R52I	-0.0287919534449625	0.2698542286751207	-2.771188534332228	-0.3074858757620234	0.1112475186978001	0.9122491644077187	-0.3023525752930956	1.2762253568696522	0.1205311376150791	-1.5393372050471257	0.5117483415527595	M	False
52	K	R	R52K	0.0817125770975318	0.1196545733117368	-0.5611602045097112	0.591233623630388	0.5768100293519185	0.2872810636056589	0.1825886104145871	0.424419780537009	0.1006835752046343	0.0150367095603384	0.4320455464787887	M	False
52	L	R	R52L	-0.467789438729223	0.4335242357842784	1.114970520918643	0.1390489195047871	-1.2483671190719845	-0.0401176126451906	-0.0114550823731149	0.8035554318008645	-0.0171326014724723	0.6270097202117151	-0.6442423658585876	M	False
52	M	R	R52M	0.5190111996980762	0.5689691130618172	-0.9965615731955464	0.6135163694463049	-0.9088885063474204	1.103455411028933	0.1499170022820274	0.879940599976958	0.5439901563799467	-0.1915226018746207	0.0972834523407563	M	False
52	N	R	R52N	-0.5035720690346452	-1.4078471204044714	-2.2546616888368876	0.9519975650127236	3.7596084154433385	0.475012426247735	0.1700895880712988	2.117173893320173	-0.9557095947195584	-0.6513320619120819	2.117310420845537	M	False
52	P	R	R52P	1.1584499838143276	1.8969214235379308	2.563418647818646	2.419630114326112	4.226050194561078	1.6664849145012126	2.3218258797598845	1.06371631818714	1.527685703676129	2.491524381072379	2.946267554531145	M	False
52	Q	R	R52Q	1.146050868094937	-0.0647622494530768	2.9705914092002947	1.2828698926996511	2.736158725087452	0.4828455792274235	1.4256257041427802	1.209383955210359	0.5406443093209301	2.126730650949973	1.6095021521574375	M	False
52	R	R	R52R	-0.3341977137542806	-0.3695663257253421	-0.3878143367631803	-0.3541464679469648	0.6200293584761468	-0.5586054964885658	-0.2307168303670311	0.4245425850816421	-0.3518820197398113	-0.3709804023550725	0.0307119309937904	S	False
52	S	R	R52S	0.6555500706927772	1.2842723359934416	0.1319399732921573	0.6320074501355065	1.4378087022924366	1.190203683021566	0.8886303692379809	0.4983649214052402	0.9699112033431094	0.3819737117138319	1.3140061926570017	M	False
52	T	R	R52T	0.2571629193863808	0.0228620867712505	-0.35531436157445	0.1119922126942709	0.5045535469367837	0.4888780012198438	0.1716890675723466	0.3231591433408958	0.1400125030788157	-0.1216610744400895	0.4967157740783137	M	False
52	V	R	R52V	0.6524993502345227	1.4890667967400273		-0.2820433653346161	2.876371452393769	-0.4165522748094978	0.863868391844841	1.3636632029932467	1.070783073487275	-0.2820433653346161	1.2299095887921356	M	False
52	W	R	R52W	0.0318155399831523	-0.5036137545549098	-0.0764343578266366	0.6958599495351838	-2.016793891004512	-0.4624691179748202	-0.3886059386404237	0.907738966154774	-0.2358991072858787	0.3097127958542736	-1.239631504489666	M	False
52	Y	R	R52Y	0.7338730250530449	1.3013604408340569	0.6364254605032219	0.8876038830495108	0.1855851625457338	1.0764512702759943	0.8035498737102604	0.3857515849473339	1.0176167329435508	0.7620146717763663	0.6310182164108641	M	False
297	A	L	L297A	-0.0234830693559182	2.196474716075218	1.4240593186616015	2.239177866689711	2.771007792476127	0.7655843854997676	1.5621368350077511	1.0478444335110424	1.08649582335965	1.8316185926756563	1.768296088987947	M	False
297	C	L	L297C	4.983913121841002	5.479910014273111	2.766939907266237	2.1452964789879996	6.106694038041639	2.317446044249184	3.966699934109862	1.753914207846372	5.231911568057057	2.4561181931271183	4.212070041145411	M	False
297	D	L	L297D	2.4250395321466884	1.5035303856925448	-0.685648426501859	1.0575018533919458	0.4885743651056985	1.5578329087147316	1.0578051030916251	1.065990877336182	1.9642849589196167	0.1859267134450434	1.023203636910215	M	False
297	E	L	L297E	-0.7610822143695958	-1.5275454556471673	-0.1048515093579808	0.5379379390102879	4.487015076154787	0.6614455840506983	0.5488199033068382	2.0965021897458382	-1.1443138350083817	0.2165432148261535	2.5742303301027425	M	False
297	F	L	L297F	-1.8757707653302405	0.8530162270434865	0.0568219841889754	0.9204843678653712	0.9746295464163088	0.3969664011442597	0.2210246268880268	1.0872944972984937	-0.511377269143377	0.4886531760271733	0.6857979737802843	M	False
297	G	L	L297G	0.1446039996594893	-1.1167522220768358	0.3286918693805257	1.4228102634457092	0.0705352515754605	-0.3127852420355911	0.0895173199914596	0.8312885129572934	-0.4860741112086732	0.8757510664131174	-0.1211249952300652	M	False
297	H	L	L297H	-1.4749239102450018	-0.2886536719003239	0.8891980842425096	-0.1341899736770997	-0.3082049902485756	0.9704670832309104	-0.0577178964329301	0.9037931408908718	-0.8817887910726628	0.3775040552827049	0.3311310464911673	M	False
297	I	L	L297I	0.4176920336067416	-1.3380915553616828	-0.8496542502611355	-0.2010815267549103	1.391170895699576	-1.2089090729002132	-0.298145579328604	1.0574284523882038	-0.4601997608774706	-0.5253678885080229	0.0911309113996814	M	False
297	K	L	L297K	0.6798997920723063	-2.019851567267403	1.3526768415854864	0.7882168136382813	1.1070123028971497	3.160187504886484	0.8446902813020508	1.6687921225225033	-0.6699758875975483	1.070446827611884	2.1335999038918168	M	False
297	L	L	L297L	-0.4725253049327507	0.5755714790368212	0.50237595352387	0.772547183726353	-0.317134162003205	0.1445574054833984	0.2008987591390811	0.506573290391981	0.0515230870520352	0.6374615686251115	-0.0862883782599032	S	False
297	M	L	L297M	1.9203596008071175	0.490826148263554	0.1329465136509668	1.1428899372248638	-0.4832295226926424	-0.1257342958405421	0.513009730235553	0.8857549856689777	1.2055928745353357	0.6379182254379153	-0.3044819092665922	M	False
297	N	L	L297N	2.4358676206263254	-2.08730508555407	-2.099762376894699	-0.3559257754651828	0.874483543376804	1.5098688738023136	0.0462044666485818	1.88984629796938	0.1742812675361278	-1.227844076179941	1.1921762085895589	M	False
297	P	L	L297P	1.410427146747275	1.5153897297512913	1.2819476764219344	0.9663096503081932	0.4563667099097223	1.9887043864374023	1.2698575499293032	0.5197771604359247	1.4629084382492832	1.1241286633650638	1.2225355481735625	M	False
297	Q	L	L297Q	0.4775912515696292	1.7328098083599142	-0.0283907272230342	0.3764062496597876	0.3702251882270645	-0.1210155542526475	0.4679377027234523	0.6650004851558523	1.1052005299647716	0.1740077612183766	0.1246048169872085	M	False
297	R	L	L297R	2.079294424335585	2.3971186122188817	-0.0069990451747	0.8195655890730023	1.924114915228612	1.0812377434313114	1.382388706518782	0.9106790581655844	2.2382065182772335	0.4062832719491511	1.5026763293299616	M	False
297	S	L	L297S	0.5441681379132801	-0.9847337878146408	-0.7660073780607219	0.5424252859082006	1.3493908681514064	-0.0013981627007255	0.1139741605661331	0.88201236992104	-0.2202828249506803	-0.1117910460762606	0.6739963527253404	M	False
297	T	L	L297T	-0.3560758050629297	-1.559815611422632	0.5122323633223498	-0.7823669997485587	2.652512774628067	-0.388503390045706	0.0129972219450983	1.4573976927312384	-0.9579457082427808	-0.1350673182131044	1.1320046922911804	M	False
297	V	L	L297V	1.8754455892835429	0.6837017006480562	1.3118093064005034	1.3789550607387668	-3.3477312164063884	0.4881569209994056	0.3983895602773144	1.9026518817756373	1.2795736449657995	1.3453821835696351	-1.4297871477034914	M	False
297	W	L	L297W	0.736222479795101	-1.9178010836906416	-0.2275568156812187	-0.3717341931472817	1.7011239414853614	-0.258692177508568	-0.0564063081245412	1.212568120024591	-0.5907893019477704	-0.2996455044142502	0.7212158819883967	M	False
297	Y	L	L297Y	0.8081731484494383	-1.460389074820486	-1.7648718529334526	-0.1699400597368934	1.3682118865986086	0.2823507608098175	-0.1560775319388279	1.2437923389226002	-0.3261079631855238	-0.967405956335173	0.825281323704213	M	False
377	A	R	R377A	-0.7557147476158422	-1.0016147517126837	1.527942391152854	0.1517519579752972	-0.6600794819413955	0.3156023207929853	-0.0703520518914641	0.9420813954411452	-0.878664749664263	0.8398471745640756	-0.1722385805742051	M	False
377	C	R	R377C	0.3237026950649502	0.7456009906054683	0.3996581688445499	4.173864099061695	0.2613053803492615	0.1557713291638656	1.0099837771816318	1.5629276546988944	0.5346518428352093	2.286761133953122	0.2085383547565635	M	False
377	D	R	R377D	0.1985625026464186	0.5657750986970389	0.605892279634117	1.014066193365157	-0.0613243439524293	0.7981738927581402	0.5201909371914071	0.3929923155061973	0.3821688006717287	0.809979236499637	0.3684247744028554	M	False
377	E	R	R377E	1.3620837276139626	0.8479574122738559	1.0036644727081292	2.0763699586506603	0.4585680136422401	0.9091634038264328	1.1096344981192134	0.5553537313316146	1.1050205699439093	1.5400172156793948	0.6838657087343365	M	False
377	F	R	R377F	0.8571148561574274	1.4467202547604383	0.3969672925380497	2.201623784559015	0.028652876738462	1.6949153184013384	1.1043323971924552	0.8232416844675344	1.151917555458933	1.2992955385485323	0.8617840975699003	M	False
377	G	R	R377G	0.176806207959059	0.8157703229419437	0.0588148439059361	1.8845203724637356	0.0244384642676072	0.4570978643908936	0.5695746793215293	0.7091772245752593	0.4962882654505014	0.971667608184836	0.2407681643292504	M	False
377	H	R	R377H	0.5755761139421824	0.1436383714863208	0.8485119187027362	2.5203895662742095	0.8786911535510488	0.9429769086274444	0.984964005430657	0.8080389753270503	0.3596072427142516	1.684450742488473	0.9108340310892468	M	False
377	I	R	R377I	0.2541990441711197	1.06713977208014	1.2666493157449208	1.066369991045419	0.6473585285249595	0.8673516359949814	0.8615113812602567	0.3641732166877421	0.6606694081256299	1.16650965339517	0.7573550822599704	M	False
377	K	R	R377K	-0.4324327620042551	-0.3225332083786303	-0.4965609381172399	2.2516405052434214	0.2533506404677149	0.4121803004108799	0.2776074229369818	1.0372239250742623	-0.3774829851914427	0.8775397835630907	0.3327654704392974	M	False
377	L	R	R377L	0.2227141303028124	0.7994102270094456	0.3682363851598433	0.2019749637072521	0.7985203277477252	0.358613554510288	0.4582449314062278	0.2725282035136228	0.511062178656129	0.2851056744335477	0.5785669411290066	M	False
377	M	R	R377M	0.7758397397626031	1.2392221832988546	-1.4322165179730455	1.7128907028315992	0.1451802937991465	-0.7765395941487878	0.2773961345950617	1.2070821845786084	1.0075309615307289	0.1403370924292768	-0.3156796501748206	M	False
377	N	R	R377N	0.3044913706506568	0.4034250347075521	-0.4118519440646759	3.7425014455114103	-0.2992363748018115	0.3419106112426915	0.6802066905409706	1.5402444137122546	0.3539582026791045	1.6653247507233673	0.02133711822044	M	False
377	P	R	R377P	0.0038895376642482	1.2912549469448682	0.3759359105012185	2.928059309393646	0.2530113320441998	-0.7952536487934959	0.6761495646257808	1.291169027838289	0.6475722423045582	1.6519976099474325	-0.271121158374648	M	False
377	Q	R	R377Q	0.9044496514954954	-0.3386759123119426	0.2711684342732303	0.3044540776456888	-0.3042212320266391	-0.5112206281515905	0.054325731820707	0.5357507869613096	0.2828868695917764	0.2878112559594595	-0.4077209300891148	M	False
377	R	R	R377R	-0.4426957209990093	0.1545685230930201	0.0944275945311769	1.1793692417691424	0.1424119155789521	-0.4357282234091312	0.1153922217606918	0.5915990801343405	-0.1440635989529946	0.6368984181501597	-0.1466581539150895	S	False
377	S	R	R377S	0.4403550025496042	1.2860622896946563	0.8812703933297787	0.040801702085171	0.436409942309933	0.968444571288291	0.6755573168762391	0.4508311039385759	0.8632086461221303	0.4610360477074749	0.702427256799112	M	False
377	T	R	R377T	0.3581204441430188	-0.1098189991604985	0.4173003466191558	1.400032203232232	0.6814177263706495	0.0164917772557987	0.460590583076726	0.5415311994116353	0.1241507224912601	0.908666274925694	0.3489547518132241	M	False
377	V	R	R377V	0.4299699481307757	-0.1950969933042506	0.1650705159990477	-1.019444588306792	0.5355228062654361	0.9884477684952244	0.1507449095465735	0.6952585184692822	0.1174364774132625	-0.4271870361538721	0.7619852873803303	M	False
377	W	R	R377W	1.404251424025067	1.4694427405009405	1.378634854473059	-1.619598163335117	0.5615096044118665	0.6000967355352483	0.632389532601844	1.177355197407676	1.4368470822630035	-0.1204816544310291	0.5808031699735574	M	False
377	Y	R	R377Y	1.0564862471003211	0.3692299624922053	1.933562450890114	3.5729092560698765	0.6015809451251802	0.7804296307021223	1.3856997487299698	1.2005686602064745	0.7128581047962632	2.753235853479995	0.6910052879136512	M	False
294	A	A	A294A	-0.0464268400756915	-0.1365190747214699	-0.3155210735056583	0.235461153692431	-0.6811223572340738	-0.3790765378098662	-0.2205341216090547	0.3135612559757043	-0.0914729573985807	-0.0400299599066136	-0.53009944752197	S	False
294	C	A	A294C	-0.2877194074041637	-1.3481596516461285	-2.9818551226211065	-0.395412380799971	-3.0211394846379047	-1.9437850811616408	-1.6630118547118191	1.2049947286878668	-0.8179395295251461	-1.6886337517105388	-2.482462282899773	M	False
294	D	A	A294D	-0.2284729803612374	2.566251391076936	0.973028866438302	1.139249961886043	-0.5528028618281917	1.095390417155723	0.8321074657279292	1.1165640078795394	1.1688892053578492	1.0561394141621725	0.2712937776637656	M	False
294	E	A	A294E	2.037650999660803	3.2579665776903948	0.6302946174909958	1.1960685079575613	2.9466560341652577	3.5344867885916926	2.2671872542594507	1.177180476009093	2.647808788675599	0.9131815627242784	3.2405714113784754	M	False
294	F	A	A294F	2.2376345638696185	4.189478940064211	4.496440994151713	1.2983927909322528	3.1594716413572828	2.622070888758792	3.0005816365223117	1.2082320586465276	3.2135567519669146	2.8974168925419828	2.8907712650580373	M	False
294	G	A	A294G	0.411769075739394	1.5037695352723095	0.5555962971693934	0.6807788873080833	-1.269637497516989	-0.3076008831684584	0.2624459024672887	0.9482989290173374	0.9577693055058516	0.6181875922387383	-0.7886191903427238	M	False
294	H	A	A294H	1.1989744026981946	2.922569746738062	0.6475942288685874	0.9393402283739528	2.957650944464178	1.029766137533942	1.615982614779486	1.0411926269873168	2.060772074718128	0.7934672286212701	1.99370854099906	M	False
294	I	A	A294I	-0.8309018362356667	-2.195467393689463	-0.5045822592125484	0.474542262482681	-0.1992964859533854	3.020562262247649	-0.0391905750601222	1.7403774657122155	-1.513184614962565	-0.0150199983649337	1.4106328881471315	M	False
294	K	A	A294K	1.6058372369508076	-1.953044315612576	-3.9037669184988064	0.4806449698622994	3.319329365688195	2.0911235525329466	0.2733539818204776	2.713150265833404	-0.1736035393308842	-1.7115609743182536	2.7052264591105706	M	False
294	L	A	A294L	-0.5383097407689346	0.7490693998591496	-2.302914111556617	0.6285955469188663	2.1549868924598083	-0.6800752241067543	0.001892127134253	1.5268187479770987	0.1053798295451075	-0.8371592823188754	0.737455834176527	M	False
294	M	A	A294M	0.0210432585211285	0.5869724073484746	3.845879462759903	0.3673489586060684	3.584599137838907	0.616377546162985	1.503703461872911	1.7281921870036845	0.3040078329348015	2.1066142106829857	2.100488342000946	M	False
294	N	A	A294N	-0.394365189073161	0.1342151105878352	-3.444789513977414	1.8462040201701213	-1.9560497662237544	1.7036988649170508	-0.351847745599887	2.0704840579789643	-0.1300750392426629	-0.7992927469036464	-0.1261754506533517	M	False
294	P	A	A294P	-0.773422906256173	-1.1998316318878106	-0.7144281720877361	-1.1780856163294933	0.134851977106052	-2.7495170552976824	-1.0800722341254738	0.950238409748298	-0.9866272690719918	-0.9462568942086148	-1.3073325390958153	M	False
294	Q	A	A294Q	-0.6780366073976629	0.7846612112147673	-1.6626943895610993	0.7589518828786886	2.127674062274001	-0.1139295747629572	0.2027710974409562	1.319792984258833	0.0533123019085521	-0.4518712533412053	1.0068722437555218	M	False
294	R	A	A294R	1.545260056083088	5.641270761904692	-0.6419828678619933	0.9902087658458066	-0.2088031743320101	0.4901194599048971	1.3026788335907469	2.267439209430292	3.59326540899389	0.1741129489919066	0.1406581427864435	M	False
294	S	A	A294S	-0.0727408046225516	0.163582757049997	-1.353504498333079	-0.6060325189974346	-1.3007820880853451	-0.365191108586795	-0.5891113769292013	0.6283925021929329	0.0454209762137227	-0.9797685086652568	-0.83298659833607	M	False
294	T	A	A294T	0.1849057059690086	1.9624905835988349	0.7717166588922545	0.1774935420347201	0.9091690412592364	0.8913663976934343	0.8161903215745815	0.6537174503130454	1.0736981447839218	0.4746051004634873	0.9002677194763353	M	False
294	V	A	A294V	-0.2935695932200508	2.0995705953231845	1.498838778890353	0.6581398077451583	-0.0898193426724718	-0.3899511336939084	0.5805348520620441	1.030732806957126	0.9030005010515668	1.0784892933177557	-0.2398852381831901	M	False
294	W	A	A294W	0.2598372280010539	1.6645318488330345	1.5372686023751856	-1.558208316523188	3.36860377223374	-0.0343627211403797	0.8729450689632411	1.697401731159333	0.9621845384170442	-0.0104698570740011	1.66712052554668	M	False
294	Y	A	A294Y	0.0175126724117392	2.264472762318264	2.5996523830022373	0.4776649479030311	0.088076875688669	0.6312104427829041	1.0130983473511408	1.128049155893157	1.1409927173650016	1.5386586654526342	0.3596436592357865	M	False
53	A	R	R53A	0.9925028770604344	0.4740111340361078	0.3516377394022631	-0.1918411494121442	1.6525071602242682	-0.0386130466020775	0.540034119118142	0.6859519554069756	0.7332570055482711	0.0798982949950594	0.8069470568110954	M	False
53	C	R	R53C	-0.3480727530047716	0.1190227708254746	-0.9437234799596078	-0.512107940595972	-0.2855843116595375	0.3980461464358716	-0.2620699279930904	0.472462667650364	-0.1145249910896484	-0.7279157102777899	0.056230917388167	M	False
53	D	R	R53D	0.6154031671927853	0.3556168279089822	0.549464527967429	0.3488810238860104	0.2823905577409716	-0.5390639951473221	0.2687820182581427	0.4160974406883811	0.4855099975508837	0.4491727759267196	-0.1283367187031752	M	False
53	E	R	R53E	0.8293505778575057	0.3980087575436665	-1.7845553221021009	1.1555195787953527	-0.6506990486708643	2.1913467114871064	0.3564952091517777	1.4020679872027504	0.613679667700586	-0.3145178716533741	0.7703238314081211	M	False
53	F	R	R53F	0.721079153515203	0.63187070188581	0.1300484671649865	0.5762109383874833	1.794272103075941	1.2038044119243707	0.8428809626589657	0.5786216237979576	0.6764749277005064	0.3531297027762349	1.499038257500156	M	False
53	G	R	R53G	0.8086715731058641	1.039485038553237	2.2042109748411014	0.6467673422952087	2.542615317934363	1.6796727642031664	1.4869038351554902	0.7787461762339307	0.9240783058295504	1.425489158568155	2.1111440410687647	M	False
53	H	R	R53H	0.0662561208918126	0.3637725415141331	-0.2385594370887522	0.00020501597142336117	0.3886695203318158	1.3431190969683693	0.3205771430981337	0.5535423487295722	0.2150143312029729	-0.1191772105586644	0.8658943086500925	M	False
53	I	R	R53I	0.3855016236165345	0.2102830476240448	-0.8702622064138583	-0.8814313728194445	-2.4430066795102103	0.5697409224408702	-0.5048624441770106	1.1393575263651612	0.2978923356202897	-0.8758467896166514	-0.93663287853467	M	False
53	K	R	R53K	0.6695529133819924	0.65239477248524	0.3138470283609799	0.3704743160132586	0.4461443930758595	1.0834753569946602	0.5893147967186652	0.2824476269750749	0.6609738429336163	0.3421606721871193	0.7648098750352599	M	False
53	L	R	R53L	0.9981820418727604	0.4700632347128453	0.4320771770455649	1.3594211779972794	-0.6815685012140555	1.526751668750414	0.684154466527468	0.8048783429711093	0.7341226382928028	0.8957491775214221	0.4225915837681792	M	False
53	M	R	R53M	-0.1076625510110836	-0.0231035549046287	-1.3462497334674557	0.3032591184017174	-0.9762861480159676	0.2738585644677159	-0.3126973840882837	0.6867218751344197	-0.0653830529578561	-0.5214953075328692	-0.3512137917741258	M	False
53	N	R	R53N	0.8694417528208106	1.249576140760614	1.758237365386258	1.1195554697167065	2.2816422316975524	1.1792413201849696	1.4096157134278184	0.5170251799208602	1.0595089467907124	1.4388964175514822	1.730441775941261	M	False
53	P	R	R53P	0.7337805137145703	0.7506847552925233	0.6849363420515898	0.7033550306572998	2.1401992155945844	0.6259591223974257	0.9398191632846656	0.589665105501666	0.7422326345035468	0.6941456863544448	1.3830791689960051	M	False
53	Q	R	R53Q	0.0052198924117474	0.2091457563426562	0.6971838055466857	0.607658004360196	0.9018243828916204	0.4450366519298238	0.4776780822471216	0.3290499783423602	0.1071828243772018	0.6524209049534408	0.6734305174107221	M	False
53	R	R	R53R	0.3500936923835626	0.6495678146521654	0.4007117760605234	0.5749216147221559	0.0814294531034375	0.4262736891769879	0.4138330066831387	0.198192935909381	0.499830753517864	0.4878166953913396	0.2538515711402127	S	False
53	S	R	R53S	0.9966003193587674	1.417328365591307	2.2630465491587666	1.4233792531061604	2.3578234404560807	1.5300634944122846	1.664706903680561	0.5333575342329253	1.2069643424750371	1.8432129011324636	1.943943467434183	M	False
53	T	R	R53T	0.7875128695892042	0.8468769213275674	1.2436650263196252	1.0290019281115328	0.4065010079752252	1.1633556336746584	0.9128188978329688	0.3040177836361523	0.8171948954583859	1.136333477215579	0.7849283208249418	M	False
53	V	R	R53V	0.5321425032492921	0.852285407858498	0.7272914674782901	0.9873734190290452	1.2975595141646934	1.2691675198059285	0.9443033052642912	0.302529238129486	0.6922139555538951	0.8573324432536676	1.283363516985311	M	False
53	W	R	R53W	0.6362986157652629	0.4493172646084015	-1.917469451657716	-0.2305543752576993	0.1571301762750528	-0.0721286559176829	-0.1629010710307301	0.9173089155059972	0.5428079401868322	-1.0740119134577075	0.0425007601786849	M	False
53	Y	R	R53Y	0.2571942209847486	0.4498257014387625	0.5706886903007149	0.6917866444927862	0.7879360087135423	0.5101291950000402	0.5445934101550991	0.1867240888751189	0.3535099612117556	0.6312376673967506	0.6490326018567912	M	False
50	A	L	L50A	0.201403603528353	-0.4648869893280365	-0.3329671726212463	-2.3019931882767843	-6.550120998148901	-0.6123745635009089	-1.6768232180579208	2.5328005910447096	-0.1317416928998417	-1.3174801804490153	-3.581247780824905	M	False
50	C	L	L50C	0.9111988990708751	1.4096148276562948	1.8217972703260852	0.1480124254334992	1.4950718117103503	0.6702938360637926	1.0759981783768162	0.6158005258005819	1.160406863363585	0.9849048478797924	1.0826828238870714	M	False
50	D	L	L50D	1.3487999073254602	1.6322254294770144	3.4157784364177894	1.443627638709981	3.5172790385385415	1.8658002231096535	2.2039184455964067	0.9943789365261976	1.4905126684012373	2.4297030375638853	2.6915396308240975	M	False
50	E	L	L50E	-0.1070903117698444	-0.5259269975275659	-0.9491729622689768	-0.633356163473136	-1.4687649235565	0.3533604746228677	-0.5551584806621925	0.6360920181080568	-0.3165086546487051	-0.7912645628710564	-0.557702224466816	M	False
50	F	L	L50F	-0.160651042872041	0.7281731002036818	-0.3066489897992669	0.3959084115619588	2.89975695208801	0.2745745643549081	0.6385188325895418	1.1700056127960163	0.2837610286658203	0.0446297108813459	1.587165758221459	M	False
50	G	L	L50G	0.7745342977911441	1.5092167805913814	0.9119760109986766	-0.6624833189051644	3.418354963064843	-0.1475173995638318	0.9673468889961748	1.431123689729071	1.1418755391912627	0.1247463460467561	1.6354187817505057	M	False
50	H	L	L50H	0.3934230070130095	0.8746018289133185	1.0822218521161333	1.3505307812243443	0.39730862596588	0.8936164191623237	0.8319504190658349	0.3790522391381619	0.634012417963164	1.2163763166702388	0.6454625225641019	M	False
50	I	L	L50I	0.2051131373786343	0.8580173934115798	0.8629574044005123	0.6377354929157503	-1.3671779265062929	0.069101580085349	0.2109578469475888	0.8410230102940153	0.5315652653951071	0.7503464486581313	-0.649038173210472	M	False
50	K	L	L50K	0.4564704816842918	0.9237893953306836	0.5183846676288226	0.448860476540777	0.3365531777760484	1.2454467673202447	0.6549174943801447	0.3529460818981224	0.6901299385074877	0.4836225720847998	0.7909999725481466	M	False
50	L	L	L50L	0.2266060555821378	0.4910501560219741	0.8234604641362515	0.7380722066640968	0.2481067028549159	0.5970656719725427	0.5207268762053198	0.2475575704499697	0.3588281058020559	0.7807663354001741	0.4225861874137293	S	False
50	M	L	L50M	-0.2964928825567081	-0.2055001379854906	0.6401528741226442	0.4505441517845635	-1.2146815692982915	0.6471327241549978	0.0035258600369525	0.726234336616608	-0.2509965102710993	0.5453485129536039	-0.2837744225716468	M	False
50	N	L	L50N	0.5192805958479128	0.7570800456655906	-0.2990796237468334	0.328143390502267	0.487588485796516	0.940207764965364	0.4555367765051361	0.4281588217310041	0.6381803207567517	0.0145318833777167	0.71389812538094	M	False
50	P	L	L50P	0.0353020407085521	0.903461336549382	0.8806161295562829	1.0120472764516384	-0.2017214193379057	0.5984519134815898	0.5380262129015899	0.5058094635887638	0.469381688628967	0.9463317030039606	0.198365247071842	M	False
50	Q	L	L50Q	0.3609636354513778	2.000268367501514		1.312654697515527	4.2974986446597025	1.9286162125189816	1.980000311529421	1.4526251728177382	1.1806160014764455	1.312654697515527	3.113057428589342	M	False
50	R	L	L50R	0.6570985836679398	0.7324460217068325	-2.092860862210618	0.6823447929841302	-4.167775779902236	1.0423507111603814	-0.5243994220989283	2.1270072008184746	0.6947723026873862	-0.7052580346132439	-1.5627125343709274	M	False
50	S	L	L50S	0.393520558573135	0.9334524790813186	0.96710712912236	0.2896384893545213	0.7166156507160435	0.2758398364342223	0.5960290238802668	0.3173328337272678	0.6634865188272268	0.6283728092384406	0.4962277435751329	M	False
50	T	L	L50T	-0.3921479889220057	0.2017908243469124	0.21929487919908	-0.7397061860259143	2.6129370101736713	0.5564542175827737	0.4097704593924196	1.176381333305749	-0.0951785822875466	-0.2602056534134171	1.5846956138782224	M	False
50	V	L	L50V	-0.1498057492609742	0.4386678064775525	0.8373717793152494	0.0360939210730139	-0.9287922322609988	1.3018034909318936	0.2558898360459561	0.7850904617233045	0.1444310286082891	0.4367328501941316	0.1865056293354474	M	False
50	W	L	L50W	0.3883911593378371	1.6745088456250747	0.8477776460646166	0.6010409929723126	4.1303042802096135	-0.7147761924444169	1.1545411219608397	1.6496867592206734	1.031450002481456	0.7244093195184647	1.7077640438825985	M	False
50	Y	L	L50Y	0.2684462703912621	1.0055993957879772	0.5171075703246684	2.0020000261056863	2.3267172267958074	0.8596894259587987	1.1632599858940331	0.823690971492464	0.6370228330896197	1.2595537982151774	1.593203326377303	M	False
209	A	N	N209A	0.9884475275950734	3.5767668468931455	6.753939059405742	-4.055877463881847	6.182272967677432	-5.644306398079117	1.3002070899350713	5.2109804703913705	2.2826071872441096	1.3490307977619471	0.2689832847991575	M	False
209	C	N	N209C	-1.4938062764731084	1.0484741684919223	0.0972440224144243	-1.4279090346191936	-0.2606773102330864	3.4804160486702727	0.2406236030418718	1.855423730932348	-0.222666053990593	-0.6653325061023847	1.609869369218593	M	False
209	D	N	N209D	-0.0084171263840963	0.4087470839655518	2.364984366786336	3.0260546505160275	0.4537364284231759	3.7722350968879614	1.6695567500324928	1.5892399915001854	0.2001649787907277	2.6955195086511816	2.1129857626555686	M	False
209	E	N	N209E	-0.4237471201480944	1.438281198389993	1.4412831833287223	0.8663955550316326	2.639490802419264	2.8101656214140065	1.461978206739254	1.192963851401258	0.5072670391209493	1.1538393691801774	2.724828211916635	M	False
209	F	N	N209F	0.8347011000814393	0.8703289637244955	5.261010428183714	-2.47246411881335	3.614182572797141	-0.9052140498584924	1.2004241493524912	2.8453866974923474	0.8525150319029674	1.394273154685182	1.3544842614693242	M	False
209	G	N	N209G	4.479225017978024	1.0834229135215432		-3.2079668374912207	-1.701179864039455	-5.7029930325435325	-1.0098983605149283	3.9321426146525646	2.7813239657497837	-3.2079668374912207	-3.7020864482914937	M	False
209	H	N	N209H	-0.4075164185938926	0.6466429199078914	3.520528430788253	2.6069454855963494	0.5644963141762889	1.338213314554766	1.3782183410716091	1.4482443222138577	0.1195632506569993	3.063736958192301	0.9513548143655276	M	False
209	I	N	N209I	0.7063738661361765	0.0896953570881717	-0.4322443695352044	-0.8510117193526867	-1.935354976955588	0.5192977246404871	-0.3172073529964406	0.9828134535289336	0.3980346116121741	-0.6416280444439455	-0.7080286261575504	M	False
209	K	N	N209K	2.751244440612204	-0.7348441862426414	4.240839951073295	0.3609220730927781	-0.0599856577955947	2.5261802249137606	1.5140594742756337	1.9419195885279477	1.0082001271847814	2.3008810120830367	1.233097283559083	M	False
209	L	N	N209L	-2.2272095153519516	3.9537770505520218	0.3266969616822006	-2.42779373353485	-1.085330654591699	-1.6122838310525094	-0.5120239537161313	2.399921628499764	0.8632837676000351	-1.0505483859263247	-1.348807242822104	M	False
209	M	N	N209M	0.2646260818976391	0.2236118682996451	3.377304848510043	1.7391247816885675	1.104786044398922	-0.3664726351605325	1.0571634982723808	1.3564703240882818	0.2441189750986421	2.558214815099306	0.3691567046191947	M	False
209	N	N	N209N	0.3872285791233433	0.7160959473601042	1.4115778488714057	0.6213913962079791	1.0075355725002535	0.5686265536894511	0.7854093162920895	0.3684225812093732	0.5516622632417237	1.0164846225396924	0.7880810630948523	S	False
209	P	N	N209P	5.647814518262603	-2.624875462237465	6.2692730582896425	-2.775562744610173	-4.880882913558668	5.304905050359997	1.156778584417656	5.093751637106359	1.511469528012569	1.7468551568397348	0.2120110684006642	M	False
209	Q	N	N209Q	-0.2950750243392848	-0.5975610091479496	-2.2941359355014654	3.998393590793988	-0.9210085745940616	3.623079046396715	0.5856153489346569	2.592745493741024	-0.4463180167436172	0.8521288276462613	1.351035235901327	M	False
209	R	N	N209R	1.921325569850119	-0.3720773431720059	5.006057850954784	10.972457628461802	-1.6061071772697428	-5.307945992038336	1.7689517561311034	5.679156700361679	0.7746241133390566	7.989257739708293	-3.4570265846540393	M	False
209	S	N	N209S	-0.241783957088102	-2.0151933304341014	-1.8299373807958108	-1.2376059612482158	1.038963671078284	0.8399270432551731	-0.5742716525387954	1.3271019807261406	-1.1284886437611017	-1.5337716710220133	0.9394453571667286	M	False
209	T	N	N209T	2.038030211256741	0.8168771350462111	6.491126363980398	3.976456888255022	0.2465716726883655	1.722951711866853	2.548668997182266	2.3161547660326	1.4274536731514758	5.233791626117711	0.9847616922776092	M	False
209	V	N	N209V	2.7011092384214472	0.5571203130412856	-3.0305856454944964	-0.5507404820934354	0.9082707657976816	-1.6768677084099326	-0.1819489197895749	2.026442559433543	1.6291147757313664	-1.790663063793966	-0.3842984713061255	M	False
209	W	N	N209W	-4.029021343726631	-3.9868991657799	-1.5871850367515778	-1.3422112106161512	0.6995091296679042	-2.4349792979141367	-2.113464487520082	1.792601996250201	-4.007960254753265	-1.4646981236838643	-0.8677350841231162	M	False
209	Y	N	N209Y	-2.8714113576944187	-0.7123034770558214	1.780763352020463	-0.6560264928367903	-0.4035594033871079	-3.8872701403925713	-1.1249679198910412	2.0017133019226905	-1.79185741737512	0.5623684295918364	-2.14541477188984	M	False
124	A	K	K124A	0.0373145887328964	-1.069986454007687	1.242927278794011	1.704332364134533	0.4558825329625927	2.6819525909862305	0.8420704836004295	1.322277036490517	-0.5163359326373953	1.473629821464272	1.5689175619744116	M	False
124	C	K	K124C	-0.848519317686733	-0.6207169147097991	0.7388419679122816	-4.1925061257884675	0.1292473098213099	-3.9397317232507	-1.4555641339503511	2.10021231398375	-0.7346181161982661	-1.7268320789380929	-1.905242206714695	M	False
124	D	K	K124D	-0.5142785102690983	-2.7462804901568165	0.1716857546577814	0.5405179754904265	1.085113821313375	-4.46783884341548	-0.988513382063302	2.163528520438285	-1.6302795002129575	0.3561018650741039	-1.6913625110510524	M	False
124	E	K	K124E	-0.1031574877038038	0.5606433932618624	0.8436362788289925	-0.3086408336327549	0.5003198199589319	-2.174768615470712	-0.113661240792914	1.0985780813349693	0.2287429527790292	0.2674977225981187	-0.83722439775589	M	False
124	F	K	K124F	1.3688530721045893	2.609924854183019	1.0855742412010243	5.656579422101473	4.808868409368414	6.140318799492519	3.611686466408506	2.2101531267034873	1.989388963143804	3.3710768316512487	5.474593604430467	M	False
124	G	K	K124G	-0.2075086190009554	-0.8075722492070281	1.6138845967591389	2.8175845725317443	-2.230389121624814	-0.3135368050904918	0.1454103957279323	1.799150629745515	-0.5075404341039917	2.2157345846454417	-1.271962963357653	M	False
124	H	K	K124H	-0.0385712641882756	-0.3884815577415164	-0.4590451376620235	0.1094305250885761	-0.4644418950196209	3.066950587680892	0.3043068763596719	1.3741454997550708	-0.213526410964896	-0.1748073062867237	1.3012543463306354	M	False
124	I	K	K124I	2.0280799010833612	1.5255199243619086	2.638399891552978	4.424334555617866	0.3442637345443355	-0.9709421538716296	1.6649426422148033	1.8657573018203948	1.7767999127226348	3.531367223585422	-0.313339209663647	M	False
124	K	K	K124K	-0.269133727903355	-0.8007181740697243	0.1063297831003164	0.0500294207459531	0.0755372978758737	-0.3127844100414964	-0.191789968382072	0.3493511534826999	-0.5349259509865396	0.0781796019231348	-0.1186235560828113	S	False
124	L	K	K124L	0.9745103829143325	-4.858823595733843	-0.8270043535763165	3.95489545462922	-0.0863398618740213	-12.590008877260798	-2.2387951418169045	5.819373290275597	-1.942156606409755	1.563945550526452	-6.33817436956741	M	False
124	M	K	K124M	-0.7440310713836393	0.7206615900313463	1.3929460318414797	3.683940526382221	-0.8881358130083946	-1.7209381231728345	0.4074071901150298	1.9666815373551567	-0.0116847406761464	2.5384432791118505	-1.3045369680906145	M	False
124	N	K	K124N	0.461613308616756	0.0618045684575575	0.2314717489184026	2.0300418661175073	-1.0065476698057647	1.0496863097597895	0.471345022010708	1.0172058377687792	0.2617089385371568	1.130756807517955	0.0215693199770125	M	False
124	P	K	K124P	1.6652557823862486	1.6412847207326522	1.6239502142917048	4.7116294214400165	2.91176272877533	4.015637957817927	2.7615868042406464	1.3527083049627102	1.6532702515594504	3.167789817865861	3.4637003432966287	M	False
124	Q	K	K124Q	0.4124782604685895	4.787496123734077	1.38207520973839	5.680821472472777	2.4546383506320315	1.7831110762591669	2.750103415550839	2.0541880976645994	2.5999871921013336	3.5314483411055835	2.1188747134455994	M	False
124	R	K	K124R	0.072739754590257	-3.711659853689756	-2.138466333042149	2.064004911309742	-6.605677217380051	-2.1238907608212627	-2.0738249165055365	2.9985412863943086	-1.8194600495497495	-0.0372307108662035	-4.364783989100657	M	False
124	S	K	K124S	-0.7563321000020675	-2.595068726668076	-1.59410768481516	-1.5054493864372804	-0.7431628878019836	0.8564230889282589	-1.0562829494660515	1.1580437536289152	-1.6757004133350717	-1.54977853562622	0.0566301005631376	M	False
124	T	K	K124T	0.4438558661413748	1.3665455503244646	1.5201650364044204	2.305118252148928	0.9519793819760476	2.7104476387712593	1.5496852876277492	0.8405439747455312	0.9052007082329196	1.9126416442766745	1.8312135103736535	M	False
124	V	K	K124V	0.0419283249334972	2.2178854043084155	-0.1944382790494427	0.6292141293816534	-0.0031331467926772	1.3938688438509808	0.6808875461054045	0.9503392429935652	1.1299068646209565	0.2173879251661053	0.6953678485291518	M	False
124	W	K	K124W	0.1529253104421134	2.2539660355205884	-1.065728355810907	2.2398990510151195	0.6406717014736998	0.6900860450128258	0.8186366312755733	1.2745475354937064	1.203445672981351	0.5870853476021063	0.6653788732432628	M	False
124	Y	K	K124Y	0.0011203473803347	5.252168208465141	0.4617966358956823	3.5522719503798794	1.1025548200919115	0.0846797798479578	1.7424319570101512	2.164418967535264	2.626644277922738	2.0070342931377807	0.5936172999699347	M	False
82	A	T	T82A	-0.4503342563349932	0.6688113577132181	-0.3699088863948803	-0.0083539650306594	-0.0513491492450456	-0.0199240040979753	-0.0385098172317226	0.3952588044632998	0.1092385506891124	-0.1891314257127699	-0.0356365766715104	M	False
82	C	T	T82C	2.1946131782893756	1.7976264168427227	1.120150980956141	2.330904179589352	1.5750033376757795	0.1459243228861235	1.5273704027065824	0.8050351036733155	1.9961197975660492	1.7255275802727466	0.8604638302809515	M	False
82	D	T	T82D	0.5543124902359302	0.0870779915874597	0.15751472371311	1.1923081058616147	0.5736093911788545	1.016339541714604	0.5968603740485955	0.4440212566949569	0.320695240911695	0.6749114147873624	0.7949744664467292	M	False
82	E	T	T82E	-0.6087112769233846	0.9302034415384044	-0.7115405761077528	-1.2607527045961378	1.14471823294612	0.1478585001230099	-0.0597040638366234	0.963581833822544	0.1607460823075099	-0.9861466403519452	0.646288366534565	M	False
82	F	T	T82F	0.8922575089988789	0.4705372740190582	-1.4510840112796497	0.835293498683324	0.4491570474044731	1.9528538454054385	0.5248358605385872	1.1120749018878606	0.6813973915089686	-0.3078952562981628	1.2010054464049558	M	False
82	G	T	T82G	1.218029499403406	0.5173038459186993	-0.4725717227890288	1.6014197045403982	-0.0800852511584234	0.4539959256584063	0.5396820002622429	0.7751198892061076	0.8676666726610527	0.5644239908756847	0.1869553372499914	M	False
82	H	T	T82H	1.247533044192843	0.0415348897641658	-0.0609372680434899	0.2213842155351622	1.759062469858429	1.052189143931022	0.7101277492063554	0.7465256072311163	0.6445339669785044	0.0802234737458361	1.4056258068947254	M	False
82	I	T	T82I	0.0724551995566634	-0.6115837095736796	-1.6523134334388494	1.3817646392576508	-0.0323965161146512	1.4131851286817358	0.0951852180614783	1.1800405059270735	-0.269564255008508	-0.1352743970905993	0.6903943062835423	M	False
82	K	T	T82K	-0.2380270977222942	0.7238591862996414	0.7874129355644955	1.02251233913116	0.2756047995530807	0.2618509399406869	0.4722021837944617	0.4588799715858633	0.2429160442886735	0.9049626373478276	0.2687278697468838	M	False
82	L	T	T82L	1.855749120602166	0.1012412671128507	1.204165132801304	0.721109714022041	1.2451020058444409	1.3687528928988015	1.082686688880267	0.6024231351133931	0.9784951938575084	0.9626374234116726	1.3069274493716212	M	False
82	M	T	T82M	-1.5965891697938883	-1.5065639079768365	-1.251423844976782	-1.9993988202959605	-0.475038628093899	-0.835337090749565	-1.2773919103144886	0.5505557676458975	-1.5515765388853624	-1.6254113326363713	-0.655187859421732	M	False
82	N	T	T82N	0.5689506298087197	1.050653796107508	0.0797883991308885	0.8852225517042784	1.3435134142959322	0.6756838603549492	0.7673021085670461	0.4351149714236985	0.8098022129581138	0.4825054754175835	1.0095986373254406	M	False
82	P	T	T82P	1.240849898133526	0.480665290971391	-0.103867482104634	1.3059834273574715	0.6165363797418656	1.5775083304416355	0.8529459740902092	0.6309797762007123	0.8607575945524586	0.6010579726264187	1.0970223550917506	M	False
82	Q	T	T82Q	2.446924984188919	1.3825603818976329	1.9435196411727425	0.1388495665983168	1.2243557403314902	0.9693797538714364	1.3509316780100895	0.7980111001485148	1.914742683043276	1.0411846038855297	1.0968677471014634	M	False
82	R	T	T82R	-0.2807730654530949	-0.326924219932566	0.4256640679486926	0.326166867071582	1.0767824377173068	-0.615088228165183	0.1009713098644562	0.6244854518545185	-0.3038486426928304	0.3759154675101374	0.2308471047760618	M	False
82	S	T	T82S	0.9205803779012058	0.4520486479095505	0.5112571332461275	-0.4901718704215187	0.4729776901561683	1.3250277398874746	0.5319532864465013	0.6058100600337585	0.6863145129053783	0.0105426314123044	0.8990027150218214	M	False
82	T	T	T82T	-0.2734466428844709	0.2437378348867549	-0.492264261912123	0.5470366105226728	0.2390264935943297	0.883585485333862	0.1912792532568376	0.5087405652475157	-0.0148544039988579	0.0273861743052749	0.5613059894640959	S	False
82	V	T	T82V	1.8540576632952792	-0.2295970905599665	-0.6139405362721264	-0.0658604663106897	1.1366810322007217	-0.921683718231448	0.1932761473536283	1.076003332385267	0.8122302863676564	-0.3399005012914081	0.1074986569846368	M	False
82	W	T	T82W	-0.5115141546079711	0.0430408556614915	1.2894254656330502	-0.6351812504324288	0.3434356502402272	0.023269696086528	0.0920793770968161	0.6924146665744383	-0.2342366494732398	0.3271221076003107	0.1833526731633776	M	False
82	Y	T	T82Y	1.9704125724176071	0.3004000346262995	0.7222125438535396	0.7355096424643246	1.427995770886536	1.4987677791486853	1.1092163905661654	0.6226784161800658	1.1354063035219533	0.7288610931589321	1.4633817750176106	M	False
78	A	D	D78A	-1.0486753110531306	0.5052157674050546	2.7362140443434333	-2.8689689361326174	0.4342922641217125	3.4563791053458712	0.5357428223383873	2.3446047425111174	-0.271729771824038	-0.066377445894592	1.945335684733792	M	False
78	C	D	D78C	0.4080530035657067	-0.3678985922891588	1.310908739561854	0.5587785612990682	-0.5785357797498083	-0.7109417281532074	0.1033940340390757	0.7884886382929548	0.0200772056382739	0.9348436504304612	-0.6447387539515079	M	False
78	D	D	D78D	-0.4819518992799926	0.5082645821396513	-0.912493908719256	-1.3487630444191834	-0.4150263282491758	-1.7434663044735528	-0.7322394838335848	0.7921225965699057	0.0131563414298293	-1.1306284765692196	-1.0792463163613644	S	False
78	E	D	D78E	0.5912554296758399	-1.4574946554366632	-0.4699645553569795	-0.6413574950561249	-0.5622549452864083	-0.2890251056329442	-0.4714735545155467	0.6590936250706969	-0.4331196128804117	-0.5556610252065523	-0.4256400254596763	M	False
78	F	D	D78F	3.420492014040585	4.447608984609579	2.9312490528105464	4.875208552295548	3.37387603123522	2.075554288443502	3.5206648205724966	1.0160070021011425	3.934050499325082	3.903228802553047	2.724715159839361	M	False
78	G	D	D78G	0.327170051506476	1.317738170702011	0.4913008128184009	-0.2222993192608587	1.50242917617953	-0.8718511049526352	0.424081297832154	0.9025093573768976	0.8224541111042436	0.134500746778771	0.3152890356134473	M	False
78	H	D	D78H	0.1524892765417891	-1.1527455286123065	-0.9927595990377812	0.3446371637894527	0.8431698168456533	0.1218249325928234	-0.1138973229800615	0.7879546538337127	-0.5001281260352586	-0.3240612176241643	0.4824973747192383	M	False
78	I	D	D78I	2.001222609153182	1.097976648360309	3.572824896811855	1.5369274424505102	2.9402747586140205	1.237213200122929	2.064406592585468	0.9942769272195374	1.5495996287567455	2.5548761696311826	2.088743979368475	M	False
78	K	D	D78K	2.79584177473203	2.4792927545075085	4.388730721740105	2.0326982474418025	3.313232062323568	2.289659647083278	2.8832425346380486	0.8599960723169313	2.6375672646197694	3.2107144845909534	2.801445854703423	M	False
78	L	D	D78L	-1.1551378771416172	0.6281266241154273	-1.182295699722134	0.1812894704386183	-0.5659179824505738	0.4119986037431399	-0.2803228101695232	0.7972573373437768	-0.2635056265130949	-0.5005031146417579	-0.0769596893537169	M	False
78	M	D	D78M	-0.433293174247592	-2.047861581557827	-4.858313193934472	-0.8019310114429679	-0.5311716964194386	-1.473524901996038	-1.6910159265997224	1.6687714219351804	-1.2405773779027094	-2.83012210268872	-1.0023482992077382	M	False
78	N	D	D78N	0.0246857416228832	0.5605360044134338	-0.9376387966298684	1.2695691502489084	0.829595871054892	0.2828069673557525	0.3382591563443336	0.759931034666185	0.2926108730181585	0.16596517680952	0.5562014192053222	M	False
78	P	D	D78P	2.414967053785866	2.6335781740844095	4.929645609635669	3.4866881194460517	3.268792480156589	2.6103798745066564	3.2240085519358734	0.933798721202293	2.5242726139351377	4.2081668645408605	2.9395861773316225	M	False
78	Q	D	D78Q	0.3340922278220451	-0.7605275839863139	-2.5692797882742635	0.5259794800393043	-0.24409627322396	-0.0089796797767309	-0.4538019362333198	1.1306563852761171	-0.2132176780821344	-1.0216501541174796	-0.1265379765003454	M	False
78	R	D	D78R	1.4772250871475765	1.3515741681489752	-0.4240042556370563	1.301098089916282	2.5045253509339105	0.1308010990995722	1.05686992326821	1.0458962177224338	1.414399627648276	0.4385469171396129	1.3176632250167413	M	False
78	S	D	D78S	-0.2362820604372045	-1.0469786525227645	0.5426327078787917	-0.2835723895553391	-0.5332742229311163	0.3348132807212579	-0.2037768894743958	0.5786515829733444	-0.6416303564799845	0.1295301591617263	-0.0992304711049291	M	False
78	T	D	D78T	1.2560141159624612	2.952818835243585	-0.2504696361297925	1.1970200756060876	1.9739207433743509	1.6029580758801223	1.455377034989469	1.0535090358983794	2.1044164756030233	0.4732752197381475	1.7884394096272365	M	False
78	V	D	D78V	-1.7818365760968924	-1.680166538673557	-2.21878411547762	-3.100312998098547	-3.9041948938822113	-2.375264437459738	-2.510093259948094	0.8501828855399682	-1.7310015573852249	-2.659548556788083	-3.1397296656709743	M	False
78	W	D	D78W	-1.5022042379100269	-0.8852417771193398	-4.5297214709295615	-0.184070745094204	0.85934875904281	-0.3872500227634778	-1.1048565824623	1.852388926909743	-1.1937230075146834	-2.356896108011883	0.2360493681396661	M	False
78	Y	D	D78Y	-0.3360022640902229	0.2735242195947635	-0.1215389654030363	0.4390040204037994	0.2879357824312634	0.725275254735839	0.2113663412787343	0.383688962260764	-0.0312390222477297	0.1587325275003815	0.5066055185835512	M	False
88	A	V	V88A	-1.3514667279395616	-0.3812441050919924	-0.0197625109450446	-1.5872732872959603	-0.0012477458449546	0.0081354339424821	-0.5554764905291719	0.7266882939429713	-0.866355416515777	-0.8035178991205025	0.0034438440487637	M	False
88	C	V	V88C	1.7654422618867964	1.6538116834613614	1.061178219713875	1.304094555491172	0.1806462087950686	2.0242883882880514	1.3315768862727209	0.6588529115730518	1.709626972674079	1.1826363876025234	1.10246729854156	M	False
88	D	V	V88D	1.0520887753859964	1.6784878385731017	1.196745145713037	2.119584612459886	0.5599066154359482	1.2098078313514933	1.3027701364865771	0.5372002093030614	1.365288306979549	1.6581648790864616	0.8848572233937207	M	False
88	E	V	V88E	0.177363366750945	0.8160042429818425	0.1099109616735384	0.2087304679373221	0.1303685491349951	-1.205302887642504	0.0395124501393565	0.6653349717905661	0.4966838048663938	0.1593207148054303	-0.5374671692537545	M	False
88	F	V	V88F	1.7632959500238994	2.279619196586559	-0.0382853927365224	1.0589003985627996	2.013316641026146	2.427411783004807	1.584043096077948	0.9294330308419418	2.021457573305229	0.5103075029131385	2.2203642120154763	M	False
88	G	V	V88G	-2.938734886974143	-1.976016291335784	-0.204538970619338	-2.547212504470007	-0.7686803104833722	-1.7432491821318647	-1.696405357669085	1.042494235814445	-2.457375589154964	-1.3758757375446726	-1.2559647463076185	M	False
88	H	V	V88H	0.5657417094292896	0.39712743332531	0.8021624893436062	0.2793561162948369	1.4940416022571457	1.3962156841369688	0.8224408391311928	0.5142768363029834	0.4814345713772998	0.5407593028192216	1.4451286431970574	M	False
88	I	V	V88I	0.6644871026568168	-2.638577663571683	1.7215964363737477	1.1540599438564665	-1.9191023409197463	-0.5967981182961876	-0.2690557733167644	1.7495233393150524	-0.9870452804574332	1.437828190115107	-1.257950229607967	M	False
88	K	V	V88K	0.4453242814930139	0.768456044704288	0.6749630215605262	0.813138190814521	-0.2027308941817718	0.5699571223450158	0.5115179611225988	0.3746076335651702	0.606890163098651	0.7440506061875236	0.183613114081622	M	False
88	L	V	V88L	-1.5319849641955143	-0.4784469057014184	0.2912370692462581	-0.0904013047850574	-0.8011460327509464	-2.089650695496142	-0.7833988056138033	0.8938762399419362	-1.0052159349484664	0.1004178822306003	-1.445398364123544	M	False
88	M	V	V88M	-1.44474242407377	-0.381908870230152	-0.6572455952692161	-1.996481562851619	-0.530831164881969	-1.36823873472988	-1.063241392006101	0.6359262339550078	-0.9133256471519612	-1.3268635790604175	-0.9495349498059245	M	False
88	N	V	V88N	1.0057163254074375	1.478169821737488	1.112563532802332	1.2491517347458438	-0.2017907806369665	3.320192849793824	1.3273339139749931	1.1391345121511942	1.2419430735724628	1.180857633774088	1.5592010345784286	M	False
88	P	V	V88P	0.3343604470534689	1.3812515476228944	0.4933601859446207	0.8421157559065064	2.214616850578369	0.9791992449229432	1.0408173386714672	0.6834867265769127	0.8578059973381816	0.6677379709255635	1.596908047750656	M	False
88	Q	V	V88Q	-0.3562900866835632	0.6637702747437809	1.3305716287478926	0.0501533305997247	0.1821167774403122	0.8579135845927887	0.454705918240156	0.6114093924793488	0.1537400940301088	0.6903624796738087	0.5200151810165504	M	False
88	R	V	V88R	0.8109160267747724	1.9929495802858437	1.388425108107624	0.0522726545351061	1.5409179730517837	1.3572077668964615	1.190448184941932	0.6742891633841337	1.401932803530308	0.7203488813213651	1.4490628699741226	M	False
88	S	V	V88S	1.27079261165333	1.078738538871293	1.725768615160865	0.004559164304375	1.4701398582249228	0.4633948643472518	1.0022322754270063	0.6490173488793198	1.1747655752623114	0.86516388973262	0.9667673612860872	M	False
88	T	V	V88T	0.8525460265003231	0.6253962878517773	1.041781717118571	0.3229168031441854	1.1002903230410772	1.6906618000936553	0.9389321596249316	0.4662518990935652	0.7389711571760502	0.6823492601313782	1.3954760615673665	M	False
88	V	V	V88V	-0.2854259772503246	-0.2277465198795326	-0.5236749828004145	-0.4298856347330101	-0.7409037985410845	0.1786818247641915	-0.3381591814066957	0.3121312075852551	-0.2565862485649286	-0.4767803087667123	-0.2811109868884464	S	False
88	W	V	V88W	0.1817539505567417	1.4860966622423066	0.7128023817008597	2.3106587505180536	1.109932591618964	1.1114098692710366	1.1521090343179936	0.7199721909189258	0.8339253063995242	1.5117305661094569	1.1106712304450004	M	False
88	Y	V	V88Y	-0.1444114234273056	0.9285377555692148	0.8738550524172077	-0.233240741623829	1.1790980209581288	0.6791940821154558	0.5471721243348121	0.592664097315796	0.3920631660709546	0.3203071553966893	0.9291460515367924	M	False
379	A	A	A379A	1.131438501523872	0.6611975152204275	-0.3662266725535076	1.948734060662609	-0.8314146543663091	0.6082484676664726	0.5253295363589273	1.005426421676653	0.8963180083721497	0.7912536940545507	-0.1115830933499182	S	False
379	C	A	A379C	1.231313668491865	1.120930500092753	1.3758034233365988	2.063893680792174	0.0251168003406199	-1.7176787848647903	0.6832298813648701	1.34724485958763	1.176122084292309	1.7198485520643865	-0.8462809922620852	M	False
379	D	A	A379D	0.4378673755472692	1.2710615774038367	1.15936003927286	1.310687824496128	1.3691603769508067	0.3745611687553832	0.987116393737714	0.4555978938281255	0.8544644764755529	1.235023931884494	0.8718607728530949	M	False
379	E	A	A379E	-0.2526483149339318	0.5941504888143543	0.2127878857181487	-0.0751522837138789	0.278064927334238	0.5516076840213638	0.218135064540049	0.3358172797955943	0.1707510869402112	0.0688178010021348	0.4148363056778009	M	False
379	F	A	A379F	1.1371765254816004	1.133085342841767	1.5878981399363516	1.6465042498297349	-1.1025523381964055	-1.3840906259351	0.5030035489929914	1.3727856853315787	1.1351309341616838	1.6172011948830431	-1.2433214820657528	M	False
379	G	A	A379G	0.0569357074270249	0.3603289776680956	0.2636019288429335	0.5217062046331988	0.6011314164483469	-0.2586861776862277	0.257503009555562	0.3178593105624304	0.2086323425475602	0.3926540667380661	0.1712226193810596	M	False
379	H	A	A379H	-0.3936357007333579	1.254300462692185	-0.2548677965696581	-4.438155462902453	-2.864681916853267	0.9696897668927764	-0.9545584412456292	2.2436581755902036	0.4303323809794135	-2.346511629736056	-0.9474960749802454	M	False
379	I	A	A379I	0.1249723778704701	-1.5151291019345734	-0.7536735111146836	0.8514807525449135	0.982738911211189	1.6842381347756898	0.2291045938921675	1.1909473453227335	-0.6950783620320516	0.0489036207151149	1.3334885229934397	M	False
379	K	A	A379K	0.2806607033042309	-0.4516502346489745	1.0599857679758675	-1.3994635240983158	3.1354522148476485	0.7587539302825362	0.5639564762771655	1.540344962917933	-0.0854947656723718	-0.1697388780612241	1.9471030725650924	M	False
379	L	A	A379L	-1.9175562395670096	1.855128817539938	0.1543055606798074	-2.3524762805437094	1.6694514978264867	-0.9596745050179656	-0.258470191513742	1.7879419530799454	-0.0312137110135357	-1.099085359931951	0.3548884964042605	M	False
379	M	A	A379M	-0.2356602673642157	1.5847793850060203	-3.0899017922198126	0.0348011745102951	2.5193422809667783	-0.0131766817629641	0.1333640165226835	1.916053707820088	0.6745595588209023	-1.5275503088547588	1.2530827996019072	M	False
379	N	A	A379N	-0.1120729301334194	-0.8440736013767804	0.8251501624993663	-1.5288363478377165	1.644576783295136	0.2037344601280704	0.0314130877624427	1.1387233017070286	-0.4780732657550999	-0.3518430926691751	0.9241556217116031	M	False
379	P	A	A379P	0.990637952266248	-0.1784270951141343	0.2221129721270933	1.478111852644321	0.6379340740112035	-0.1566905723881634	0.4989465305910947	0.6610861635191607	0.4061054285760568	0.8501124123857072	0.24062175081152	M	False
379	Q	A	A379Q	1.0662361703300045	1.3709405701130342	0.3623511631698807	0.2057877959231669	1.8577262817003677	1.3241922148773455	1.0312056993523	0.6347133831116805	1.2185883702215192	0.2840694795465238	1.5909592482888566	M	False
379	R	A	A379R	1.289243985773006	0.4816539006902	0.5657612355958533	0.2398926380599236	0.3926941360791929	1.0971954164310749	0.6777402187715418	0.4180503390515567	0.8854489432316031	0.4028269368278885	0.7449447762551339	M	False
379	S	A	A379S	0.4604563119193907	0.3740424932657926	-0.2896544159946663	1.3828989154964275	0.0315041700833351	0.2900298383863696	0.3748795521927748	0.5639394721270776	0.4172494025925917	0.5466222497508806	0.1607670042348523	M	False
379	T	A	A379T	0.3973137058541365	0.8707648421771236	0.714863752415547	2.2096475575668735	1.9993861794940215	0.7006203010883495	1.1487660564326752	0.7589591940266263	0.63403927401563	1.4622556549912102	1.3500032402911857	M	False
379	V	A	A379V	0.1372618928366681	0.6976716109537349	0.0136779924178067	3.1492863872052834	1.698092468975801	-0.0265083815679267	0.9449136618035612	1.2610176920231186	0.4174667518952015	1.581482189811545	0.8357920437039371	M	False
379	W	A	A379W	0.1650495402744554	1.2411645867755206	0.9889024497223357	2.376260825330079	1.7948564593485896	0.664823483860076	1.2051762242185091	0.7926002817440062	0.703107063524988	1.6825816375262077	1.229839971604333	M	False
379	Y	A	A379Y	0.5113149577324483	1.345610881000454	1.2749973444168508	-1.1081206721013184	2.070813202563801	-0.5182496711058325	0.5960610070844006	1.212499812601312	0.9284629193664512	0.0834383361577661	0.7762817657289842	M	False
66	A	S	S66A	0.1234879484233588	1.5918346156824492	0.3280108827008321	0.6306779652746778	-0.4346182679199544	0.1610423332270962	0.4000725795647433	0.679560418289254	0.857661282052904	0.4793444239877549	-0.1367879673464291	M	False
66	C	S	S66C	0.5176556551339622	0.2906893379597487	0.4711070653903466	0.4061851616825574	1.5039016032361798	0.7747092403633873	0.660708010627697	0.4431884268801596	0.4041724965468554	0.438646113536452	1.1393054217997836	M	False
66	D	S	S66D	0.8526562550237413	1.1844065295409003	0.5826687399617995	1.199210030285416	2.616800066134066	1.1249434421337916	1.2601141771799524	0.7061533786162427	1.0185313922823207	0.8909393851236078	1.8708717541339288	M	False
66	E	S	S66E	-0.0653849576710786	0.3238248709084161	0.6839116593748922	1.648274791834095	0.6594511175634687	0.6013551141947175	0.6419054327007518	0.5688463640689921	0.1292199566186687	1.1660932256044936	0.6304031158790931	M	False
66	F	S	S66F	0.9987060489958404	0.7702924923245353	0.7535287608611595	0.3494039354982601	1.8222184186383972	0.9971663308796014	0.9485526645329656	0.4892771631556959	0.8844992706601879	0.5514663481797097	1.4096923747589991	M	False
66	G	S	S66G	-0.1291822639125842	0.2646722636214878	0.6479282683303306	0.4676694291123691	1.6224926953317085	0.6289894696286789	0.5837616436853318	0.5845869584154697	0.0677449998544517	0.5577988487213499	1.1257410824801937	M	False
66	H	S	S66H	1.0051072293332175	0.7581022115164975	0.6063851145896615	0.8290829534199463	1.4239762215683809	0.9202544560745274	0.9238180310837052	0.2807058861500784	0.8816047204248575	0.717734034004804	1.1721153388214542	M	False
66	I	S	S66I	0.4935513812224384	0.4474647689433795	0.3950540073884437	0.5234994495581368	0.3750109447978246	1.398210514964145	0.6054651778123947	0.3924371010512533	0.4705080750829089	0.4592767284732902	0.8866107298809849	M	False
66	K	S	S66K	0.9360070687702152	1.0438036987931432	1.4463555596936013	1.001813181920951	1.3135307332181556	0.6912345256627207	1.072124128009798	0.2711740151052103	0.9899053837816792	1.2240843708072762	1.002382629440438	M	False
66	L	S	S66L	0.0040876085863814	0.3671249575209088	-0.026598286490132	-0.0053399767576109	0.1352306907049028	-0.0786421646214824	0.0659771381571612	0.1636382964853216	0.1856062830536451	-0.0159691316238715	0.0282942630417101	M	False
66	M	S	S66M	-1.423716354806062	-1.0951042426098745	-1.5608129293181598	-1.758373644782728	-2.0003378582074345	-1.2941114696318243	-1.5220760832260138	0.3255822047214262	-1.2594102987079685	-1.659593287050444	-1.6472246639196295	M	False
66	N	S	S66N	0.3611583160126799	0.2793839948145587	0.5353118487775136	0.0861590821291047	0.7676745163045826	0.8651305834490026	0.4824697235812403	0.2978542573224432	0.3202711554136193	0.3107354654533091	0.8164025498767926	M	False
66	P	S	S66P	0.0840508456136906	0.1999989958800507	0.2616240989365122	0.214444841004228	-0.1027368197812104	0.0236196910931397	0.1135002754577351	0.1380701059254155	0.1420249207468706	0.2380344699703701	-0.0395585643440353	M	False
66	Q	S	S66Q	0.4239757419533854	0.7529581116860157	0.8433195310739073	0.2117898284680028	1.1523704809195003	-0.2663218733415752	0.5196819701265394	0.5062041239893476	0.5884669268197005	0.527554679770955	0.4430243037889625	M	False
66	R	S	S66R	0.412955394608198	0.8936336594869748	0.9954408544600464	-0.1443216232129182	-0.3550198172773067	0.2052147603289904	0.3346505380656641	0.5435164714541262	0.6532945270475864	0.425559615623564	-0.0749025284741581	M	False
66	S	S	S66S	0.3918356249935344	0.4801483936962117	0.1772720366829772	0.3466327314248485	0.0080010313058287	0.4217097946926477	0.3042666021326747	0.1778153192890869	0.4359920093448731	0.2619523840539128	0.2148554129992382	S	False
66	T	S	S66T	0.0442919255053333	-0.1728415255831624	-0.4951027183688822	0.1481149312459083	0.6919263019726088	0.1061873912563686	0.0537627176713624	0.3928347980461968	-0.0642748000389145	-0.1734938935614869	0.3990568466144887	M	False
66	V	S	S66V	-0.6023834947322871	-0.3711364258752256	0.1018219626785811	-1.1627201576991837	-0.5447412591659161	-0.8731082818932708	-0.575377942781217	0.4325728719313007	-0.4867599603037563	-0.5304490975103012	-0.7089247705295935	M	False
66	W	S	S66W	0.1937943798106617	0.686298755233379	0.4275446381667566	0.4344033848217872	1.026679732251368	0.3301893226413562	0.5164850354875515	0.297529316726096	0.4400465675220203	0.4309740114942719	0.6784345274463621	M	False
66	Y	S	S66Y	0.9338206268490348	1.0438979968152011	1.3091254899183389	0.8678881228842806	1.9142454059347176	1.4690757044703555	1.2563422244786548	0.395203118064734	0.988859311832118	1.0885068064013097	1.6916605552025366	M	False
42	A	S	S42A	-0.7420619940740448	-0.2533226565047873	-0.3640158400086148	2.447930046981668	0.2312116387088285	-1.2904958293745945	0.0048742276214091	1.300645468756098	-0.4976923252894161	1.0419571034865265	-0.5296420953328829	M	False
42	C	S	S42C	-1.2030941418142744	0.24955627944708	0.6526210951572993	-1.987184187484886	0.6711005769337423	-0.3353735842520201	-0.3253956603355098	1.0781545854187449	-0.4767689311835972	-0.6672815461637933	0.167863496340861	M	False
42	D	S	S42D	2.342191312393301	0.1727676409830411	-0.0580284776510766	-0.3068979614219513	0.6585788374830371	0.5210653276614476	0.5549461132412998	0.9455904498065364	1.2574794766881712	-0.1824632195365139	0.5898220825722424	M	False
42	E	S	S42E	-0.8702195165777177	-0.0554393118598749	0.7513608965577872	-0.2446630647851078	0.1790812274245234	1.018844667380274	0.129827483023314	0.6861111027602597	-0.4628294142187963	0.2533489158863396	0.5989629474023987	M	False
42	F	S	S42F	0.7242080645727244	0.8128256086757621	0.4318361226112801	0.5028831603735094	0.1730474610042183	-0.8866623658350559	0.2930230085670731	0.6205606133393448	0.7685168366242432	0.4673596414923948	-0.3568074524154188	M	False
42	G	S	S42G	-2.537808305522333	-0.4209944650763709	0.3189096414243114	1.0128092168867424	2.545622002471014	0.0866229413856708	0.1675268385948391	1.6771700371726503	-1.479401385299352	0.6658594291555269	1.3161224719283424	M	False
42	H	S	S42H	0.7606935726758557	0.2887214567834594	1.161456769586254	-0.1326268834418959	-1.3912124959528165	0.72349339775557	0.2350876362344044	0.9116912014685952	0.5247075147296576	0.514414943072179	-0.3338595490986232	M	False
42	I	S	S42I	-1.312061061909515	0.1944253649296076	1.742192050070462	0.6114802822684502	1.4446448569129582	3.5321685429152163	1.03547500586453	1.6308531006306444	-0.5588178484899536	1.1768361661694562	2.488406699914087	M	False
42	K	S	S42K	-1.3643676089799452	-0.5127895416399837	-0.4632519023285809	-1.784996914957384	-1.7053520001087017	-0.5193749228064531	-1.058355481803508	0.6296897962332197	-0.9385785753099644	-1.1241244086429825	-1.1123634614575777	M	False
42	L	S	S42L	1.4258028612728204	0.5902192405252765	1.9325062590796576	-0.9044749963223658	-1.2174025652668592	1.56470104847494	0.5652253079605782	1.3377151038929411	1.0080110508990483	0.5140156313786459	0.1736492416040403	M	False
42	M	S	S42M	3.4135655941260112	2.7333156618399657	1.8520202852457084	2.046877647054282	2.1560575264288526	5.131177254613971	2.888835661551465	1.2368077466172267	3.0734406279829884	1.9494489661499952	3.643617390521411	M	False
42	N	S	S42N	1.3903288984324378	0.0567172187679789	1.3781295905783728	1.8694821036274043	0.6390460374192269	0.6446566125380115	0.9963934102272388	0.6629628664256528	0.7235230586002084	1.6238058471028889	0.6418513249786193	M	False
42	P	S	S42P	0.0742064741719254	0.5631052509399908	1.1441047590622635	0.0600276294742321	0.4276459689959942	0.1862776875873907	0.4092279617052995	0.4118126866178405	0.3186558625559581	0.6020661942682479	0.3069618282916925	M	False
42	Q	S	S42Q	-0.6720428781229257	-0.2485297171261858	0.5026762632850943	-0.6775246893819543	0.4273688469856613	-0.7357419211349858	-0.2339656825825493	0.5693245898174943	-0.4602862976245558	-0.08742421304843	-0.1541865370746622	M	False
42	R	S	S42R	1.2366839960806968	1.3209793766916644	1.7280197995785562	1.2428740862362888	1.1430119143853017	2.6898617884672844	1.5602384935732987	0.5900728731768532	1.2788316863861806	1.4854469429074224	1.916436851426293	M	False
42	S	S	S42S	0.4746255130371626	0.5642148659148181	0.3252659885148189	0.0869859230418702	0.7819401059606603	0.2084797477270742	0.4069186906994007	0.2523368843891278	0.5194201894759903	0.2061259557783445	0.4952099268438673	S	False
42	T	S	S42T	1.46811018464621	-0.5556601772405352	0.7262733495942346	-1.0644288579530694	-0.6401059083814038	-1.999118615175211	-0.3441550040849624	1.2506112368975044	0.4562250037028375	-0.1690777541794174	-1.3196122617783073	M	False
42	V	S	S42V	1.361041558556239	1.095421023420213	1.237865667654149	-0.6121392646273682	-2.7182570620601068	2.0849019301314025	0.4081389755124214	1.771760717864288	1.228231290988226	0.3128632015133904	-0.3166775659643521	M	False
42	W	S	S42W	1.3365418433046858	0.2567650418226884	0.9991857513530492	0.0676103387458823	1.1001616486363657	0.6248245614865126	0.7308481975581973	0.5002284613537076	0.7966534425636871	0.5333980450494658	0.8624931050614391	M	False
42	Y	S	S42Y	0.4788579283753934	0.2668907270068854	-0.2434185507457555	0.5358175231568016	-0.2639972510905516	0.7072964314160693	0.2469078013531404	0.4125701397247052	0.3728743276911394	0.146199486205523	0.2216495901627588	M	False
80	A	G	G80A	-0.1862442836369767	0.7617161813619069	-0.4002869493116011	0.3761910103943026	-0.1203656027703499	1.5144946369183765	0.3242508321592763	0.7202774552733948	0.287735948862465	-0.0120479694586492	0.6970645170740133	M	False
80	C	G	G80C	2.0200633001051806	1.0164909450934327	1.3486590418200208	1.775269422249779	0.2322394557805684	1.2377751888012962	1.2717495589750465	0.6271065697089648	1.5182771225993066	1.5619642320349	0.7350073222909324	M	False
80	D	G	G80D	1.7038976339257286	1.6571629977584366	0.7566720741404875	2.806113487721112	1.2515221435120367	1.5763377369692082	1.6252843456711683	0.6779579622341575	1.6805303158420826	1.7813927809307997	1.4139299402406225	M	False
80	E	G	G80E	1.42023725411355	0.5654506070312663	-0.154332779053774	1.0825193185984567	-0.1520447431400664	0.2981516789975561	0.5099968894244981	0.6455859343360819	0.9928439305724082	0.4640932697723413	0.0730534679287448	M	False
80	F	G	G80F	-0.406866873988	-0.136571121745705	-0.0625208991209451	1.4001938968899634	-0.73244974460035	1.6391175315390347	0.283483798162333	0.9889039047146008	-0.2717189978668525	0.6688364988845091	0.4533338934693424	M	False
80	G	G	G80G	1.0333930677549028	0.1784448013838157	0.5967726594011791	0.5755094304345092	0.2435076410352607	-0.0442516348737129	0.4305626608559924	0.3836773227710512	0.6059189345693592	0.5861410449178441	0.0996280030807739	S	False
80	H	G	G80H	0.7223264656395415	-0.2230646889262128	0.3302245512316619	2.703577254891077	0.1534990538410174	-0.3467995461016274	0.5566271817625762	1.120242882026418	0.2496308883566643	1.5169009030613694	-0.0966502461303049	M	False
80	I	G	G80I	0.3757795411470062	-0.5896149882069955	-0.2810158485075296	0.2271977765469334	-0.1739658575601975	-0.0367782694056542	-0.0797329409977395	0.3501192779780921	-0.1069177235299946	-0.0269090359802981	-0.1053720634829259	M	False
80	K	G	G80K	2.4546378037854812	-2.401232369065804	2.383023151167998	1.1941028812003214	1.4821277400446695	1.598364404803214	1.1185039353226467	1.7967197753836914	0.0267027173598386	1.7885630161841597	1.5402460724239415	M	False
80	L	G	G80L	0.3135497887027823	-0.3691378050161565	-0.482454080142069	0.3194305213150323	0.0805092020432469	0.5605272909514819	0.0704041529757196	0.4148026261871314	-0.0277940081566871	-0.0815117794135183	0.3205182464973644	M	False
80	M	G	G80M	-2.22481415762822	-1.6853595357004838	-0.8024497843506523	-3.283789018789521	-0.8372303668608576	-1.0106266154698909	-1.6407115797999376	0.9785851717085254	-1.955086846664352	-2.043119401570087	-0.9239284911653742	M	False
80	N	G	G80N	0.9758903559041366	0.6064560906889768	1.2863778621125	2.0370669299267674	-0.1965638358665249	1.1875799927363244	0.9828012325836968	0.745406555099272	0.7911732232965567	1.6617223960196337	0.4955080784348997	M	False
80	P	G	G80P	1.614230602061946	0.5053807329196947	-0.3124007877526265	-0.1685941968036536	1.1459720220202387	-0.6862859323139775	0.3497170733552703	0.8986207704023114	1.0598056674908205	-0.24049749227814	0.2298430448531306	M	False
80	Q	G	G80Q	1.60362525729458	0.3247274886190847	-0.019393165807778	-0.7445002458161507	0.8536333275181721	0.4419684089857245	0.4100101784656054	0.7933592467876147	0.9641763729568325	-0.3819467058119644	0.6478008682519483	M	False
80	R	G	G80R	-0.3907587518859549	-0.4775022342606337	-0.2068384106518996	-0.9457440338419052	0.8906561669346861	-0.3935238006936301	-0.2539518440665562	0.6130407566141504	-0.4341304930732943	-0.5762912222469024	0.2485661831205279	M	False
80	S	G	G80S	1.5777778688230812	1.4368009005040676	1.6849167847058857	2.9273583799462277	1.5052662037917264	1.8583295863997744	1.8317416206951271	0.5567229999034836	1.5072893846635744	2.306137582326057	1.6817978950957504	M	False
80	T	G	G80T	3.106825089199398	1.1109978270758372	0.5303856967596305	0.3936314979762235	0.6436306832364644	0.31718610106759	1.017109482552524	1.0612002951654889	2.1089114581376176	0.462008597367927	0.4804083921520272	M	False
80	V	G	G80V	-1.7175881335773062	-1.1013219647115702	-1.326593540194109	-1.588451808334011	-1.0101461449921012	-0.2649089474398758	-1.1681684232081622	0.5194065516795678	-1.4094550491444382	-1.45752267426406	-0.6375275462159885	M	False
80	W	G	G80W	0.6826275903843629	0.3151351497638212	-0.2678331659273372	0.2981501537818973	0.3965867876378974	1.061473223765969	0.4143566232344351	0.4426684371700926	0.498881370074092	0.01515849392728	0.7290300057019332	M	False
80	Y	G	G80Y	0.9449448944802976	-0.4109681279323548	-0.9653978920113724	1.1000369303261748	-0.0827886764044303	1.2195983003090674	0.300904238127897	0.911581462040516	0.2669883832739714	0.0673195191574012	0.5684048119523185	M	False
47	A	Y	Y47A	0.4112450963001207	2.598241167585184	1.9590254145608048	4.4398025137635475	2.983549023790859	-0.0562328869303886	2.0559383881783546	1.674099017938008	1.5047431319426523	3.199413964162176	1.4636580684302352	M	False
47	C	Y	Y47C	-0.9993499299880754	-0.2301856964127954	-0.5991834326586358	-1.3462216070424724	-0.5672453632807556	-1.10670035065812	-0.8081477300068092	0.4125422610739873	-0.6147678132004354	-0.972702519850554	-0.8369728569694379	M	False
47	D	Y	Y47D	1.4480311456560222	2.3313178808974473	0.8485803500621538	2.8445068750001488	-0.1026521495884446	0.8347537818186802	1.3674229806410012	1.0799465658246037	1.8896745132767347	1.8465436125311512	0.3660508161151178	M	False
47	E	Y	Y47E	0.1726874948086675	0.6869476311632207	0.3782941695341335	-0.7229057019212494	0.9177260371152663	-1.3827798396294426	0.0083282985117659	0.885584795730611	0.4298175629859441	-0.1723057661935579	-0.2325269012570881	M	False
47	F	Y	Y47F	1.9896779403664873	1.7812766451608588	1.4578316209407118	2.035386166262499	0.4141862471668279	-0.9351656688396576	1.1238654918429545	1.1719622764227486	1.8854772927636732	1.746608893601605	-0.2604897108364148	M	False
47	G	Y	Y47G	-0.8983887107113437	1.9726539559252616	0.3439956768210801	-1.449206756013398	2.287031784103324	-0.1346322265663899	0.3535756205930889	1.5109960326731484	0.5371326226069589	-0.552605539596159	1.076199778768467	M	False
47	H	Y	Y47H	0.7257078117377729	1.3363232470764996	0.7305122415349738	1.5396073296813313	0.639456938498458	-0.6638742522160233	0.7179555527188354	0.7711450782058578	1.0310155294071364	1.1350597856081526	-0.0122086568587826	M	False
47	I	Y	Y47I	0.0079491525068626	1.99972457434469	0.1248288111782882	-2.2710286290488444	-1.1618436164938546	0.3618852416402249	-0.1564140776454388	1.449562979902134	1.0038368634257764	-1.0730999089352782	-0.3999791874268148	M	False
47	K	Y	Y47K	0.4881052942143726	3.367960974707106	1.355133598608968	-0.6265546712718012	0.7332563611097579	1.446199560371275	1.1273501862899464	1.327705775834366	1.928033134460739	0.3642894636685834	1.0897279607405164	M	False
47	L	Y	Y47L	-0.8980183152389815	1.1305322489862486	-2.008825456606428	0.0118734732559892	-1.7613258454959404	-1.718784005233269	-0.8740913167220635	1.2322608624657356	0.1162569668736335	-0.9984759916752194	-1.7400549253646047	M	False
47	M	Y	Y47M	2.67319940877177	3.549452502422326	1.5957243568971755	1.2268392068444816	2.321550025378306	2.966414230752407	2.388863288511078	0.8654801962175911	3.111325955597048	1.4112817818708283	2.6439821280653564	M	False
47	N	Y	Y47N	0.6315088251976811	-0.2621674441771037	1.2418382639802883	0.5040863309149495	-0.3778995612125796	1.1065978354679746	0.4739940416952017	0.6757433250046253	0.1846706905102887	0.8729622974476189	0.3643491371276975	M	False
47	P	Y	Y47P	0.113228075042788	2.872774496710318	-1.1620605188238706	-0.7854961632150022	-0.041383619700758	0.936219987650792	0.3222137096107111	1.4483323651048898	1.493001285876553	-0.9737783410194364	0.447418183975017	M	False
47	Q	Y	Y47Q	-0.1843266460076432	1.8608884407128736	0.3247417834504206	-0.6125983251893147	-2.3218259334049387	0.1458631180512715	-0.1312095937312218	1.3628258879598092	0.8382808973526151	-0.143928270869447	-1.0879814076768335	M	False
47	R	Y	Y47R	0.7498961396175544	0.8272930198248338	0.0019432806710939	0.7235294914931721	0.4121421246334795	-2.2305933348035234	0.0807017869061017	1.1727393357411195	0.7885945797211942	0.362736386082133	-0.909225605085022	M	False
47	S	Y	Y47S	0.3089380287768731	1.3233723174537422	0.0243559981422375	-1.1931817866351044	-0.113357941217059	-0.7015966661316836	-0.0585783416018323	0.8666639901329477	0.8161551731153076	-0.5844128942464335	-0.4074773036743713	M	False
47	T	Y	Y47T	1.4849035362664786	0.2257710115494297	-0.8550554244713063	-0.1622675550819759	0.1505958206059444	-0.165226278063706	0.113120185134144	0.7728600606139379	0.8553372739079542	-0.5086614897766412	-0.0073152287288808	M	False
47	V	Y	Y47V	0.0029530231460124	0.8635331067892416	1.6015947074391192	-1.9158990727345324	-1.0919016683651013	-1.1965383552899702	-0.2893763765025384	1.3492956811656152	0.433243064967627	-0.1571521826477065	-1.1442200118275356	M	False
47	W	Y	Y47W	-1.354231128833599	1.082759886041566	0.4065801828214382	-0.7858177706678336	0.6574205370774766	-0.4272735180969941	-0.0700936352763243	0.9353516611931434	-0.1357356213960165	-0.1896187939231977	0.1150735094902412	M	False
47	Y	Y	Y47Y	-0.8239602939055539	-0.2230100826414521	0.4195959627043371	0.2714165192506373	-1.3023408731037531	-1.7351356324287095	-0.565572400020749	0.8678624702591567	-0.523485188273503	0.3455062409774873	-1.5187382527662314	S	False
142	A	L	L142A	-1.957782473805361	0.4758592865742283	-0.7144926794261827	-0.7077002027751067	0.9915052263979356	0.87125522217019	-0.1735592701440494	1.1517052570806077	-0.7409615936155663	-0.7110964411006446	0.9313802242840628	M	False
142	C	L	L142C	-0.8413447141328195	-0.3526910871859507	0.5678242190212173	0.7353739691297603	0.2046432897019641	1.7771253275726415	0.3484885006844688	0.9128898120172788	-0.5970179006593851	0.6515990940754888	0.9908843086373028	M	False
142	D	L	L142D	0.3248531762798555	1.086302841933187	0.8224501313498762	0.1111706066772323	1.409403935382962	1.8345713972665971	0.9314586814816184	0.6512674697502536	0.7055780091065214	0.4668103690135542	1.6219876663247796	M	False
142	E	L	L142E	-0.5725930112658589	0.2471038437108433	0.0058324253314259	0.3627627586650344	0.5413758404751997	-0.4120090054357954	0.0287454752468081	0.4423653036833071	-0.1627445837775078	0.1842975919982301	0.0646834175197021	M	False
142	F	L	L142F	-1.6821099726782571	-0.1601094907467388	1.5353413974450234	-0.1331329192430718	0.3988760804310787	-2.4448992929462383	-0.4143390329563673	1.4378247643511513	-0.921109731712498	0.7011042391009759	-1.0230116062575798	M	False
142	G	L	L142G	-0.599353854556099	-0.0180473599938095	0.3042697354762994	-0.7567654761199123	0.0422426852021886	-0.6216943996840614	-0.274891444945899	0.4381144462290112	-0.3087006072749543	-0.2262478703218064	-0.2897258572409363	M	False
142	H	L	L142H	5.981676783907003	1.6581234516192234	0.7307717701869748	0.7114494678994738	1.6412133656084522	-1.3538517339457556	1.5615638508792284	2.4275759151936516	3.819900117763113	0.7211106190432244	0.1436808158313482	M	False
142	I	L	L142I	1.6158170587005904	1.005497184730778	0.9042532880940212	1.0263541208454776	2.119012238491746	-1.2433778865373992	0.9045926673875356	1.150603338979591	1.3106571217156842	0.9653037044697494	0.4378171759771734	M	False
142	K	L	L142K	-0.9868338547790376	-0.9833763879191612	-0.3739896362056378	-0.2146574261991197	1.8893768339333117	0.2430861344051168	-0.0710657227940879	1.070079427283139	-0.9851051213490992	-0.2943235312023787	1.0662314841692142	M	False
142	L	L	L142L	0.1349000409891709	-0.2104627817708145	-0.2149203494299666	-0.4125888099663883	-0.1267772015911185	-0.5385701056717266	-0.2280698679068072	0.2336441379373887	-0.0377813703908218	-0.3137545796981775	-0.3326736536314225	S	False
142	M	L	L142M	2.9711510811279904	0.4086350675965004	-0.2805142036353455	-0.4033575422562414	0.4114892764520631	-2.208587490126552	0.1498026981930691	1.6821797719956564	1.6898930743622451	-0.3419358729457935	-0.8985491068372444	M	False
142	N	L	L142N	-0.2708190410174952	0.4048963557412884	1.3219125401812497	0.2482169989089755	1.277704741297472	0.0226093797023497	0.5007534958023067	0.6595247778425333	0.0670386573618966	0.7850647695451126	0.6501570604999108	M	False
142	P	L	L142P	3.1443614825870285	-0.3404543546433853	1.0618766547477694	1.4217613978140695	0.579504279725877	-0.501367454384426	0.8942803343078222	1.3372117588133403	1.4019535639718217	1.2418190262809194	0.0390684126707255	M	False
142	Q	L	L142Q	0.564063337265517	0.4341033859548036	0.334412409828498	0.3980291852074868	0.4208258175002183	-1.9629018724764884	0.0314220438800059	0.9799006226006416	0.4990833616101603	0.3662207975179924	-0.771038027488135	M	False
142	R	L	L142R	-0.1790272960129006	0.6404155843600423	0.1550621192050471	-1.008552718973315	0.9224561544751302	0.3503776888477501	0.1467885886502923	0.6823216667222872	0.2306941441735708	-0.4267452998841339	0.6364169216614401	M	False
142	S	L	L142S	-0.4030541904453411	0.6267818030040665	0.6609464298890165	-0.0613719462234515	1.725084062034416	-0.3358828799867259	0.3687505463786634	0.8085536896712339	0.1118638062793627	0.2997872418327825	0.694600591023845	M	False
142	T	L	L142T	-0.7291762647799979	-0.6441295512464565	0.6241145367093172	-1.8935899156477116	0.5347324568339169	2.612057059817649	0.0840013869477862	1.5484344424974543	-0.6866529080132272	-0.6347376894691972	1.573394758325783	M	False
142	V	L	L142V	2.505196148521729	0.0407875173366628	0.0204997882313305	-0.2648698044932973	0.1048040448422741	0.614749070448602	0.5035277941478835	1.0213624713435052	1.2729918329291958	-0.1221850081309833	0.3597765576454381	M	False
142	W	L	L142W	0.7613133800068057	0.1046871229585742	-0.047643825825027	0.1332589528299293	0.4972989809680639	1.025715231049232	0.4124383069979296	0.4217466557405401	0.43300025148269	0.0428075635024511	0.7615071060086479	M	False
142	Y	L	L142Y	1.6396686360429715	1.2034929230114244	1.5016426090594317	1.6994707703656464	2.432520521519123	0.9357775466095783	1.5687621677680292	0.511231287512893	1.421580779527198	1.6005566897125392	1.6841490340643506	M	False
373	A	R	R373A	1.6945377186259185	0.5248924898174712	0.8722974987532082	0.0241196202861591	-0.5104093348380232	0.041312765656308	0.441125126383507	0.7750007818139727	1.1097151042216948	0.4482085595196836	-0.2345482845908575	M	False
373	C	R	R373C	1.553665668745254	3.727334234643107	-0.7216834663909552	-0.0770388564596908	-0.7454659984509413	-0.0765389080044438	0.6100454456803883	1.7413962560290237	2.6404999516941805	-0.399361161425323	-0.4110024532276926	M	False
373	D	R	R373D	1.7805854353727473	0.644592454713922	0.4946701851933677	0.333786603009953	0.7180320507964841	0.150931753055411	0.6870997470236475	0.5740749184027224	1.2125889450433347	0.4142283941016603	0.4344819019259476	M	False
373	E	R	R373E	0.0695813259759094	2.234794393401032	0.7618505311173337	-1.0096656259023702	0.995532205610307	-0.0264018346107549	0.5042818325985762	1.1013599664721891	1.1521878596884707	-0.1239075473925182	0.484565185499776	M	False
373	F	R	R373F	-0.5029728823277129	0.6586878204202764	0.1976627283105691	0.0345215801433837	0.8496647250031092	-0.1282316514913301	0.1848887200097159	0.5020725301036997	0.0778574690462817	0.1160921542269764	0.3607165367558895	M	False
373	G	R	R373G	0.764108170289049	1.3056086837944318	0.740164799672504	0.1057774953289057	0.2137622233141875	0.0076500781154498	0.5228452417524213	0.5006112406182489	1.0348584270417405	0.4229711475007048	0.1107061507148186	M	False
373	H	R	R373H	1.0898679678660863	-0.3933194174618346	0.5938165532040254	0.1597880807433688	-0.5362650080462141	-0.7597546265821211	0.0256889249538851	0.7185416351772324	0.3482742752021258	0.3768023169736971	-0.6480098173141676	M	False
373	I	R	R373I	1.4850798625690658	0.0231139141626754	0.8491977729107688	0.0982889322840966	-0.0220444694022547	0.3858325968391857	0.4699114348939229	0.5935058945811298	0.7540968883658706	0.4737433525974327	0.1818940637184654	M	False
373	K	R	R373K	0.1199941766468191	1.5408408571535572	0.9873370016567729	-0.1321064757735147	0.122108012512795	-0.0880327605360098	0.4250234686100699	0.6811264296319951	0.8304175169001882	0.427615262941629	0.0170376259883926	M	False
373	L	R	R373L	0.7125260376129517	-0.7153897528416906	1.4268026578289663	-0.7496224056821374	1.14873248942439	0.0357123940738006	0.3097935700693801	0.9340454806108142	-0.0014318576143694	0.3385901260734144	0.5922224417490953	M	False
373	M	R	R373M	1.6114551951721123	1.8101920874965516	0.1657815913274666	0.2644276418476798	-0.4792965601753983	0.1051820650317078	0.5796236701166867	0.916078121026977	1.7108236413343318	0.2151046165875732	-0.1870572475718452	M	False
373	N	R	R373N	1.0568617107282776	0.7677967654976802	-0.5139320403722502	0.1526599227808925	0.189538450141202	-0.9738776498768354	0.1131745264831611	0.7617626143622807	0.9123292381129788	-0.1806360587956788	-0.3921695998678167	M	False
373	P	R	R373P	1.2385951657518666	1.5063840532124857	-0.0391747417710011	-0.2752705188647066	-0.2612807264531649	0.2713699677136814	0.4067705332648602	0.7784285575880405	1.372489609482176	-0.1572226303178538	0.0050446206302582	M	False
373	Q	R	R373Q	0.6561040982076534	0.524192076001274	0.4159686703601941	0.0722817148869786	-0.4617484610895666	-0.0199965589724859	0.1978002565656746	0.4152990141958627	0.5901480871044638	0.2441251926235864	-0.2408725100310263	M	False
373	R	R	R373R	0.4057954426110769	0.1501735671209146	0.5534223100787555	-0.5288596073078381	-0.0040539993581874	-0.2834637142382373	0.048835666484414	0.4096948516432976	0.2779845048659957	0.0122813513854587	-0.1437588567982124	S	False
373	S	R	R373S	0.4297063652835257	1.2904833424531588	0.4231340121473327	-0.0876977955020661	-0.3351204592052832	0.0106927873359053	0.2885330420854288	0.5743936407577327	0.8600948538683423	0.1677181083226333	-0.1622138359346889	M	False
373	T	R	R373T	0.152331236502085	0.4254340009611244	0.8000299259900898	0.2401362601530585	0.2686509101943028	-0.5419769260248815	0.2241009012959632	0.43965832570979	0.2888826187316047	0.5200830930715742	-0.1366630079152893	M	False
373	V	R	R373V	0.8946483864772207	1.8692744538522204	1.320418280046057	0.7707939790292033	-1.5245454118263468	-0.9993992157090644	0.3885317453115484	1.345325723684038	1.3819614201647206	1.0456061295376302	-1.2619723137677057	M	False
373	W	R	R373W	0.9613905274305996	1.354441216714644	0.2526480732759794	-0.2714603687808506	0.5075325851215087	-0.3135129475350891	0.4151731810377986	0.6660287693833389	1.1579158720726217	-0.0094061477524356	0.0970098187932097	M	False
373	Y	R	R373Y	2.0922759645251694	0.8103255681977773	0.647651253038521	-0.4000010853014905	0.2163726164010417	0.0064283987833796	0.5621754526073998	0.8676762355121472	1.4513007663614734	0.1238250838685152	0.1114005075922107	M	False
87	A	S	S87A	-0.6826303770619346	0.1864014673129184	1.3694266347496853	-0.6267732029989075	0.3509317045410488	0.5675298587468581	0.1941476808816114	0.7730442373544417	-0.248114454874508	0.3713267158753889	0.4592307816439535	M	False
87	C	S	S87C	0.5966214667547691	1.773012733763745	1.507113047279813	1.4261075979295128	0.7995154278092577	0.28762407912557	1.0649990587771112	0.5867398922615342	1.1848171002592571	1.466610322604663	0.5435697534674138	M	False
87	D	S	S87D	1.382216198264105	2.200306398516569	1.2946022839213709	2.504280003796049	1.457804605982292	1.6622042026293546	1.75023561551829	0.4914167474829377	1.7912612983903369	1.8994411438587095	1.5600044043058232	M	False
87	E	S	S87E	-0.268453840898127	0.6007828142906805	0.541956496435845	-0.97474324014938	0.2261005706757487	0.0997143670951537	0.0375595279083201	0.5881239320297765	0.1661644866962767	-0.2163933718567675	0.1629074688854512	M	False
87	F	S	S87F	2.0596012992591395	1.7614275242322637	0.8907177857587264	1.3444081791149007	2.8151671476386992	1.8305903719443704	1.7836520513246834	0.65316694631649	1.9105144117457016	1.1175629824368136	2.322878759791535	M	False
87	G	S	S87G	-0.5007591432551363	-0.5137757475391684	0.2640109223004904	-1.1325214441866236	-0.0753435942531214	-0.5619376242065047	-0.420054438523344	0.4753541815750483	-0.5072674453971524	-0.4342552609430665	-0.3186406092298131	M	False
87	H	S	S87H	0.2164975993417208	1.8276210691223929	0.7708161966945887	0.8301952762803512	0.7258229236594291	2.001338313918202	1.0620485631694474	0.697845663273832	1.0220593342320567	0.8005057364874699	1.3635806187888155	M	False
87	I	S	S87I	0.1368329018263989	-0.1043723672548418	0.5950836255348847	1.7205007283637976	-1.2377561335042957	-1.243450251657343	-0.0221935827818998	1.1330593590295917	0.0162302672857785	1.1577921769493411	-1.2406031925808194	M	False
87	K	S	S87K	0.5173981726572795	-0.4709746936829408	1.1566856833175287	-1.9070693490859023	0.4743837645335048	0.8490437852084797	0.1032445604913249	1.126615459950851	0.0232117394871693	-0.3751918328841868	0.6617137748709923	M	False
87	L	S	S87L	-0.7769890026687031	-0.005226587921229	0.6154772442004951	1.1597084266875115	1.0256211980921368	0.8861462247739802	0.4841229171940319	0.7427488243666811	-0.3911077952949661	0.8875928354440032	0.9558837114330584	M	False
87	M	S	S87M	-2.200167485644306	-2.410352757845983	-0.8335026988964638	-5.167554078415852	-1.2759866700188909	-1.8541635767543247	-2.290287877929303	1.525937905240638	-2.3052601217451443	-3.0005283886561576	-1.5650751233866078	M	False
87	N	S	S87N	-0.1664093415423986	0.0313616103533624	0.0916114159372947	0.0080802835953924	0.4509259280978702	0.4013795910245448	0.136158247911011	0.240972579330648	-0.067523865594518	0.0498458497663436	0.4261527595612075	M	False
87	P	S	S87P	1.221182872950028	1.568226440990402	1.0889808325211243	2.063075868580052	1.2399005766090436	1.5284564340632951	1.451637170952324	0.3529341940605254	1.394704656970215	1.576028350550588	1.3841785053361693	M	False
87	Q	S	S87Q	1.0679727612784295	2.0181112977803153	1.044364420457722	2.5408466770645517	1.65142362043055	1.841281679435295	1.6940000760744771	0.5761316791892609	1.5430420295293723	1.792605548761137	1.7463526499329225	M	False
87	R	S	S87R	-2.0191924727742734	-0.956807849056686	0.4848292471609888	-2.357718942493369	-2.0808548028906744	-1.5853607674831582	-1.4191842645895287	1.0531228917326176	-1.4880001609154798	-0.93644484766619	-1.8331077851869164	M	False
87	S	S	S87S	0.6623891089969777	0.9757750552395348	0.700610009863264	0.7656611819574689	0.8614634309361566	0.6999154266867167	0.7776357022800198	0.1197370921759368	0.8190820821182563	0.7331355959103665	0.7806894288114367	S	False
87	T	S	S87T	-1.4172968365517953	-2.5269515335388864	0.0570874173042032	-1.1262930862184917	0.2112079647596055	-1.7628151527296447	-1.0941768711625015	1.0615834757362852	-1.9721241850453408	-0.5346028344571442	-0.7758035939850196	M	False
87	V	S	S87V	0.0542789552542883	0.2603052040833148	0.8756079754910158	0.1186698980390599	0.9212001348600574	0.0817402935713801	0.3853004102165194	0.4039875253226623	0.1572920796688016	0.4971389367650378	0.5014702142157188	M	False
87	W	S	S87W	0.1950221539099045	0.6960568156941291	0.5693507165010547	0.8639477179404108	0.6792747511583456	2.6989740914766016	0.9504377077800744	0.8853224208960647	0.4455394848020169	0.7166492172207328	1.6891244213174736	M	False
87	Y	S	S87Y	0.9635836505477092	2.0715561884892217	1.416554930078934	1.0948148128174506	0.8238755606588585	2.442357480655358	1.468790437207922	0.6519040957272455	1.5175699195184655	1.2556848714481923	1.6331165206571083	M	False
136	A	P	P136A	-1.044942828623008	0.6382298064761223	0.7997001074411206	0.1583692375437143	-1.49015433036297	-0.6144326060218316	-0.2588717689244754	0.9337926619300976	-0.2033565110734428	0.4790346724924175	-1.0522934681924008	M	False
136	C	P	P136C	1.9516388513389915	0.2547137013377047	0.173572236654548	0.1359259482500814	-0.337132017740705	-0.6674673260979792	0.2518752322904402	0.90563792913018	1.103176276338348	0.1547490924523147	-0.5022996719193421	M	False
136	D	P	P136D	1.5285073281013402	-0.5946928453312256	0.8289707453168822	-0.2635701482341332	1.4204010626254135	1.7360646172370875	0.7759467932858941	0.9864638797082258	0.4669072413850573	0.2827002985413744	1.5782328399312506	M	False
136	E	P	P136E	1.2468330385032922	-0.7441956211220857	0.0034281376727066	0.8364099559697588	0.4503109757024551	1.0207585295840436	0.4689241693850284	0.7393783612914188	0.2513187086906032	0.4199190468212327	0.7355347526432493	M	False
136	F	P	P136F	-0.9494367885509364	1.1554517255396286	1.8923724732786829	1.4311687527479968	0.4677311918379392	-0.3088179694744442	0.6147448975631445	1.0874272162844267	0.1030074684943461	1.6617706130133398	0.0794566111817475	M	False
136	G	P	P136G	0.9492812809366432	0.7142681854792913	1.6284125761894874	0.9601823399654362	1.1757151305300435	1.289837698091491	1.1196162018653988	0.3192918270474214	0.8317747332079672	1.2942974580774618	1.2327764143107671	M	False
136	H	P	P136H	0.7849521966275295	0.4174350291895276	-0.949256043922084	0.4590186945945025	-1.007666584251503	0.7907335697281258	0.0825361436610164	0.8368949022122403	0.6011936129085285	-0.2451186746637907	-0.1084665072616885	M	False
136	I	P	P136I	-0.3415271578843512	-1.386901541922221	0.7373329462525051	-0.1579533488829771	1.2113558508907127	1.094990922204617	0.1928829451097142	1.005177691229172	-0.8642143499032862	0.2896897986847639	1.1531733865476648	M	False
136	K	P	P136K	1.4025981099572076	0.6766318224556933	0.1657957977219867	0.5922337047081524	1.8742610412718104	1.81492477229934	1.0877408747356985	0.7086700509066635	1.0396149662064504	0.3790147512150695	1.844592906785575	M	False
136	L	P	P136L	0.1170071063124638	-0.2578365322437672	0.027071983528481	0.2996184038360054	1.317588775915022	-0.421269424744812	0.1803633854338988	0.6146538580872192	-0.0704147129656517	0.1633451936822432	0.448159675585105	M	False
136	M	P	P136M	1.5455153106722117	-0.4326329918905652	0.8325336565151386	0.0973047583662972	0.6540140031151079	1.845457839298277	0.7570320960127446	0.8571152516392428	0.5564411593908232	0.4649192074407179	1.2497359212066923	M	False
136	N	P	P136N	0.5624969341946293	-1.6201116833121592	1.078368394008048	-0.2157304638895641	0.2696044176427217	0.4814305424586919	0.0926763568503945	0.9384573682526648	-0.5288073745587649	0.4313189650592419	0.3755174800507068	M	False
136	P	P	P136P	0.4254285944983033	0.0594574088302658	0.0501993625261149	0.2637862967632484	-0.4077722737933847	0.150105955219506	0.0902008906740089	0.2816454082126632	0.2424430016642845	0.1569928296446816	-0.1288331592869393	S	False
136	Q	P	P136Q	1.6853341912625055	0.3546945265561911	1.046995117777182	0.4575533347936823	-0.8450712699765877	0.4321352209713857	0.5219401868973932	0.8411979936483867	1.0200143589093482	0.7522742262854321	-0.206468024502601	M	False
136	R	P	P136R	-0.3401080254400944	0.3952787052564561	0.3429003944817765	-0.1163076219101538	-0.0093932014970353	0.2685625964598623	0.0901554745584685	0.2920523617923964	0.0275853399081808	0.1132963862858113	0.1295846974814135	M	False
136	S	P	P136S	1.106174005087226	-0.4916603982030257	0.181667001950107	-0.0110085995524588	0.7824449600421507	-0.1659331490871569	0.2336139700394737	0.6017933148563944	0.3072568034421001	0.0853292011988241	0.3082559054774968	M	False
136	T	P	P136T	0.4006008605425366	0.8788318869319682	0.6459579116311369	0.8555099346608349	-0.1558346711954603	-0.3714747932642637	0.3755985215511254	0.5287377189660385	0.6397163737372524	0.750733923145986	-0.263654732229862	M	False
136	V	P	P136V	0.4887238225173483	0.0090509387844123	-0.3357746964011798	0.1479390198058059	1.6402152045458689	1.257107242055458	0.5345435885512856	0.7654759227300706	0.2488873806508803	-0.0939178382976869	1.4486612233006635	M	False
136	W	P	P136W	0.0888674702776933	0.4118820281986734	0.6743711281847559	-0.5350100737073624	0.2306781363259073	-0.696705728496614	0.0290138267971755	0.5389094342745244	0.2503747492381833	0.0696805272386967	-0.2330137960853533	M	False
136	Y	P	P136Y	0.2000683280771369	0.4524072209055391	-0.1311559495181929	-0.4842013726548559	0.3796578284454358	0.24583255880638	0.1104347690102405	0.3543306834675893	0.326237774491338	-0.3076786610865244	0.3127451936259079	M	False
54	A	L	L54A	0.4260368739075366	1.55243199246881	0.7369762359790611	0.995288056430686	-0.1233003880314036	0.2178683849120443	0.634216859277789	0.5957462997150386	0.9892344331881732	0.8661321462048736	0.0472839984403203	M	False
54	C	L	L54C	0.5632368604664663	0.3781303600797517	-0.2068200469290552	0.429492921217923	-1.171044479725614	0.1900865520266331	0.0305136945226841	0.6464284320521293	0.470683610273109	0.1113364371444338	-0.4904789638494904	M	False
54	D	L	L54D	0.0044731114550256	1.1356773626925856	0.691289167537573	1.8798335119661416	3.0010680707898207	1.844527760243944	1.4261448307808484	1.0494565813192362	0.5700752370738056	1.2855613397518573	2.4227979155168824	M	False
54	E	L	L54E	0.4725314138800245	0.430897460926415	-0.5215809225750019	0.7542220165733433	-0.0785943800580176	0.4510600080672848	0.251422599469008	0.4648028257931056	0.4517144374032198	0.1163205469991707	0.1862328140046336	M	False
54	F	L	L54F	0.9174296783385424	0.7282725727362775	-2.6257084884976214	1.3685215864874922	0.6912132099849336	1.2416311289921746	0.3868932813402998	1.500703811510416	0.82285112553741	-0.6285934510050646	0.9664221694885542	M	False
54	G	L	L54G	1.1868315385589006	1.9004244535602828	0.7402167617231077	1.7618469505003311	3.9689967487008495	1.6396031268202844	1.8663199299772928	1.1148579151107314	1.5436279960595916	1.2510318561117195	2.804299937760567	M	False
54	H	L	L54H	1.0806108202963387	0.7619292098683287	0.715398825501311	-0.5251424004345833	0.8667662172409563	1.722508546564805	0.7703452031728594	0.7339693266186731	0.9212700150823336	0.0951282125333638	1.2946373819028807	M	False
54	I	L	L54I	0.4094517333857346	0.9629048918446552	0.6200275161112885	1.143711778114197	0.7265388474732433	0.5862312560816335	0.741477670501792	0.2683796833672162	0.6861783126151949	0.8818696471127427	0.6563850517774383	M	False
54	K	L	L54K	0.859169862065608	0.5452507246487369	-0.5736539558788895	0.7368476674924542	-0.2323021170454085	0.6004257705267919	0.3226229919682155	0.5826587956280603	0.7022102933571724	0.0815968558067823	0.1840618267406917	M	False
54	L	L	L54L	-0.0913585775470324	0.3335231938644922	-0.0378904889744601	0.2562499574900051	-0.094489890952254	0.7348225580001333	0.1834761253134806	0.326678876048967	0.1210823081587298	0.1091797342577725	0.3201663335239396	S	False
54	M	L	L54M	0.598148666144396	0.8855919793243315	0.7021447811496173	1.1173639290855804	0.3705713336546308	1.0118958993123943	0.7809527647784917	0.2776679757739113	0.7418703227343637	0.9097543551175988	0.6912336164835126	M	False
54	N	L	L54N	-1.7344042817337129	-1.0597056725217755	-0.0882044818548018	-2.52656285482921	-1.488478830775968	-0.8903457130045576	-1.297950305786671	0.8273655728245618	-1.3970549771277443	-1.307383668342006	-1.1894122718902629	M	False
54	P	L	L54P	0.622531702478899	0.2640399695764218	0.226064199937358	0.1144671622074402	0.6067355016372387	0.2334890704601172	0.3445546010495792	0.2153176519410564	0.4432858360276604	0.1702656810723991	0.4201122860486779	M	False
54	Q	L	L54Q	0.7180593698703295	0.2658139486912055	0.8209472193358422	1.1635815279431332	0.9784749713580972	0.2854614962273917	0.7053897555709999	0.3654027681610072	0.4919366592807675	0.9922643736394876	0.6319682337927445	M	False
54	R	L	L54R	0.5174576065138781	0.4932163446885873	0.7000076660151389	0.0366724630973541	0.1690969704747438	1.0498778576766623	0.4943881514110608	0.365157438693567	0.5053369756012327	0.3683400645562465	0.6094874140757032	M	False
54	S	L	L54S	-0.1261845602390523	0.7059312992283384	0.0270187571436231	0.5708797664603765	-0.3051018826156347	0.4584462205739931	0.2218316000919407	0.4120436400680033	0.289873369494643	0.2989492618019999	0.0766721689791792	M	False
54	T	L	L54T	-0.8652847546079381	-1.449389698488055	-2.388459070033643	0.3008142588100356	-2.391891922525851	-2.114142135806558	-1.484725553775335	1.059146663253574	-1.1573372265479964	-1.0438224056118035	-2.2530170291662044	M	False
54	V	L	L54V	0.6729375525998494	0.0894726056116232	0.131941222425904	0.3788363404596357	1.0978372119276687	0.7312590838034679	0.5170473361380249	0.3892902414846119	0.3812050791057363	0.2553887814427699	0.9145481478655684	M	False
54	W	L	L54W	0.8261856058650803	0.3753269749375279	2.4898007205636143	1.4600361152107275	1.9204741817885072	2.5376312625910247	1.6015758101594135	0.8822458991643989	0.6007562904013041	1.9749184178871708	2.229052722189766	M	False
54	Y	L	L54Y	-0.0956598503333003	-0.7454461255769463	-3.308415620502227	0.7056716764518696	-2.4482834643739713	-0.6601863203941735	-1.092053284121458	1.5021905880035886	-0.4205529879551233	-1.3013719720251786	-1.5542348923840723	M	False
2	A	M	M2A	1.653790535319995	-2.084998862064343	5.3180812355322695	-5.051248329572547	3.0587770360041437	-1.6002245168835667	0.2156961830559919	3.808333690851301	-0.215604163372174	0.1334164529798611	0.7292762595602885	M	False
2	C	M	M2C	-8.495391952928477	-2.203716634488044	-2.411461920342892	-3.2358116657953433	1.1844270366020793	0.1321111351057977	-2.504974000307813	3.37889418219945	-5.349554293708261	-2.8236367930691175	0.6582690858539385	M	False
2	D	M	M2D	3.065029143237646	-1.7648957611114269	3.3365107177538533	2.180845315906352	2.9399593411578966	3.347845659079269	2.1842157360039316	1.9811255363715088	0.6500666910631097	2.7586780168301024	3.1439025001185827	M	False
2	E	M	M2E	6.961290481105713	3.8665224319264055	6.455561644143337	8.236765639506483	2.820702200155795	1.325367011892924	4.944368234788443	2.681806868194658	5.4139064565160595	7.34616364182491	2.0730346060243594	M	False
2	F	M	M2F	-0.3483619427317851	-3.720164097964185	3.693942822515238	-0.3195251342036507	-4.45088572156872	3.0959199535009443	-0.341512353408693	3.3586785135255313	-2.034263020347985	1.6872088441557935	-0.6774828840338878	M	False
2	G	M	M2G	3.07843946264863	-6.69441182432425	-3.756327478622475	0.122720364313826	7.723527501198627	-0.3884888270831607	0.0142431996885328	5.0639822083303585	-1.8079861808378104	-1.8168035571543248	3.6675193370577337	M	False
2	H	M	M2H	8.053556413313062	-0.6640613746465276	-2.330569749625165	-5.175709210408569	-1.430675585271466	2.314243317600935	0.1277973018270449	4.57875160849584	3.694747519333267	-3.753139480016867	0.4417838661647345	M	False
2	I	M	M2I	-1.9147275233622216	0.5931906172291579	0.8236160125858972	1.0450478875107354	1.2876761719197305	0.6686794714507032	0.4172471062223337	1.170401323805818	-0.6607684530665319	0.9343319500483164	0.9781778216852168	M	False
2	K	M	M2K	6.525630803510505	1.027683966927358	1.748109588136331	1.6735942341677503	0.7004321353964407	0.604151800789089	2.0466004214879123	2.2459279318653187	3.776657385218931	1.7108519111520408	0.6522919680927648	M	False
2	L	M	M2L	-2.218225899496841	-0.7301375209952062	2.1218310320783855	-1.3758624184409725	1.142219302741037	1.4966951784931568	0.0727532790632599	1.7528145605924663	-1.4741817102460235	0.3729843068187065	1.3194572406170968	M	False
2	M															True
2	N	M	M2N	4.409213438841268	-2.0087314703128847	-2.0023201181832926	3.596504030886249	-1.386358618066555	0.8555406795134546	0.5773079904463732	2.8661655690534267	1.2002409842641917	0.7970919563514782	-0.2654089692765502	M	False
2	P	M	M2P	3.6318925530440302	2.5550216477395655	2.0803211930246217	0.559209691516217	-0.7295985977849994	1.4894294973056414	1.597712664140846	1.5358275086027902	3.093457100391798	1.3197654422704193	0.379915449760321	M	False
2	Q	M	M2Q	-3.433529933112133	-2.732677228863364	-5.01830038431074	-1.9628814522151816	-0.2858072341733073	0.8660242658288347	-2.094528661140982	2.135522273890536	-3.0831035809877485	-3.490590918262961	0.2901085158277637	M	False
2	R	M	M2R	1.6737016215856508	2.3565207082538904	-4.864418770507246	4.059361417564631	1.992714190177616	0.413744562653349	0.9386039549546484	3.077391173092066	2.0151111649197704	-0.4025286764713076	1.2032293764154824	M	False
2	S	M	M2S	-3.72533704547775	-3.1343240053280277	-9.172957923743091	-0.9813881907302862	-8.608994325825897	-0.9642758952672388	-4.431212897728715	3.634257221462523	-3.429830525402889	-5.077173057236688	-4.786635110546568	M	False
2	T	M	M2T	1.913045640693594	-0.1792953939734197	1.2717268182941954	-1.452164672885594	1.9627450765227592	0.2130659857631157	0.6215205757357751	1.3414917213720263	0.8668751233600871	-0.0902189272956992	1.0879055311429375	M	False
2	V	M	M2V	2.9277875796969597	1.259029451862756	1.2519046164595722	2.0104778377886148	5.133505650085319	0.6063490071824298	2.198175690512609	1.6428671740127438	2.093408515779858	1.6311912271240936	2.8699273286338745	M	False
2	W	M	M2W	5.657078908704133	-2.3167752465829548	0.1404223510505172	-2.6646318479786095	-1.7458933835396142	0.6317598961259598	-0.0496732203700947	3.095882114827048	1.670151831060589	-1.2621047484640462	-0.5570667437068272	M	False
2	Y	M	M2Y	0.5942496987964887	2.5397756532925384	-0.7548318248779473	-0.0085211602721242	1.1430624352988894	0.087477103544147	0.6002019842969987	1.1424733003890974	1.5670126760445136	-0.3816764925750358	0.6152697694215182	M	False
79	A	H	H79A	2.526617214201329	1.228212017408752	-0.1206926427660843	-0.2311550308922753	-0.1547768601242804	0.7597821830430115	0.6679978134784088	1.084822293129926	1.8774146158050409	-0.1759238368291797	0.3025026614593655	M	False
79	C	H	H79C	0.1644474423802524	0.2899620115149131	-3.0634058645285687	0.6528972464548836	1.9145592388220232	1.355871229808977	0.2190552174087467	1.7399921825009497	0.2272047269475828	-1.2052543090368426	1.6352152343155	M	False
79	D	H	H79D	0.5951520514815184	2.150331778687693	1.0284795875480277	0.7601017733844226	-1.746519079577497	2.5016387565953417	0.8815308113532511	1.5006401051790754	1.3727419150846056	0.8942906804662252	0.3775598385089224	M	False
79	E	H	H79E	1.8905623890582577	0.2017933194482643	0.7073068773161828	2.5231459879348623	3.1924034569447866	1.6518116571749666	1.6945039479795534	1.1111575217050509	1.046177854253261	1.6152264326255226	2.4221075570598765	M	False
79	F	H	H79F	0.649172068579375	-0.5577157757917865	-0.4461372137201132	-0.0320769454257483	1.7802685753552951	1.1536328702007947	0.4245239298663028	0.9328922984476792	0.0457281463937942	-0.2391070795729308	1.466950722778045	M	False
79	G	H	H79G	-2.208975173926718	0.3800300746566331	-0.3313391250740318	0.0150250704069394	-0.6303307132517576	2.2218749209344506	-0.0922858243757474	1.4433953358158902	-0.9144725496350424	-0.1581570273335462	0.7957721038413466	M	False
79	H	H	H79H	-1.1689295090020604	-1.9860807939029352	-0.455858726179024	-0.6984852553882068	-0.9462991101516308	0.3314885781276034	-0.8206941360827089	0.7708093720828473	-1.5775051514524978	-0.5771719907836155	-0.3074052660120137	S	False
79	I	H	H79I	1.811812363387373	2.762065771127912	-0.0317995629476009	1.0282779252009333	0.0935541565008393	0.6345920812868264	1.0497504557593804	1.0742105418815555	2.2869390672576424	0.4982391811266661	0.3640731188938328	M	False
79	K	H	H79K	0.0336174536160647	1.0927213006874927	0.502141081807866	-0.3069655759669361	0.164130282723088	0.6420433530936677	0.3546146493268738	0.4952156348272683	0.5631693771517787	0.0975877529204649	0.4030868179083778	M	False
79	L	H	H79L	-1.702421085120004	-1.6564915526488488	0.158499540151692	0.7163950688898723	-1.4700352374400592	0.6834484930986067	-0.5451007955114568	1.1853979916000412	-1.6794563188844265	0.4374473045207821	-0.3932933721707262	M	False
79	M	H	H79M	-1.2364450533394142	0.3404003325875049	0.171428325596187	-0.2151383698629692	-0.2672255462944736	0.8964007236910456	-0.0517632646036865	0.7182211472810894	-0.4480223603759546	-0.021855022133391	0.3145875886982859	M	False
79	N	H	H79N	-1.2471221343469836	-1.4023192200875805	-5.095886201354456	0.5545851017182052	-2.476147816395053	0.6753216967486203	-1.498594762286208	2.140564573127157	-1.324720677217282	-2.2706505498181255	-0.9004130598232163	M	False
79	P	H	H79P	-0.5977542673449829	-1.40229299710185	-0.1412977406400968	0.3284202310752858	0.1294111246859219	1.3190486207996288	-0.0607441714210155	0.9149926874675766	-1.0000236322234164	0.0935612452175944	0.7242298727427754	M	False
79	Q	H	H79Q	-1.0788219027912764	-0.8446815165855632	-1.628894990997818	0.5177257181775594	-0.0870658603065309	-0.9394867110530284	-0.676870877259443	0.7668080608272287	-0.9617517096884198	-0.5555846364101292	-0.5132762856797797	M	False
79	R	H	H79R	-0.824343149465338	0.078693479205683	-1.691649855867129	0.770491594234127	-0.5357734159516454	-0.0162166643787972	-0.3697996687038499	0.8494558478206926	-0.3728248351298275	-0.4605791308165008	-0.2759950401652213	M	False
79	S	H	H79S	-0.0335906626353882	-1.4686209490792344	0.6037962007342578	0.607581866550779	1.0533945532347684	1.3548563302122514	0.3529028898362389	1.008933542275744	-0.7511058058573112	0.6056890336425184	1.20412544172351	M	False
79	T	H	H79T	2.0936258283203273	1.3488590211232665	1.854853712965104	2.571311204048346	3.2474400153682517	1.9637051001049877	2.179965813655047	0.6547231558155857	1.721242424721797	2.213082458506725	2.6055725577366196	M	False
79	V	H	H79V	2.794828306945067	2.6658863261910275	1.4099511284508668	0.9166097182454196	3.8627281686922914	1.758564420551996	2.234761344846111	1.076514639529386	2.730357316568047	1.163280423348143	2.810646294622144	M	False
79	W	H	H79W	0.4666780876191303	1.2238096051457588	0.9970126554392682	-0.0597615235244745	1.0685993058929986	0.565546532710093	0.7103141105471291	0.4790771556382429	0.8452438463824445	0.4686255659573968	0.8170729193015458	M	False
79	Y	H	H79Y	-1.1844251093563307	-0.6020280117750315	-0.9640597339320036	0.3678029376143045	-0.7442682634225026	-0.4339857871730974	-0.5934939946741102	0.5401590357039517	-0.8932265605656811	-0.2981283981588495	-0.5891270252978	M	False
376	A	R	R376A	-0.2880909252037065	0.5713347029613313	0.696809306437415	-0.233822724127963	0.4365811607245541	0.1779269083507927	0.2267897381904039	0.4155227027186581	0.1416218888788123	0.231493291154726	0.3072540345376734	M	False
376	C	R	R376C	0.4385352708400376	1.2118079173448746	0.6213132993377429	-0.5339349347023227	0.1638426942851965	-0.60572258774951	0.2159736098926698	0.699397601297025	0.8251715940924561	0.0436891823177101	-0.2209399467321567	M	False
376	D	R	R376D	0.9617407005142484	1.8960895885535172	0.5056341687865038	0.4816660929802277	0.4371639014527896	-0.8962774815097914	0.5643361617962492	0.9045819830338612	1.4289151445338828	0.4936501308833657	-0.2295567900285008	M	False
376	E	R	R376E	0.3411158286596967	-0.3098879127418799	1.3054578455136854	0.5702372063331539	0.7352158449043292	-0.0818652082036226	0.4267122674108938	0.582498975258243	0.0156139579589083	0.9378475259234196	0.3266753183503533	M	False
376	F	R	R376F	1.5060757700931025	0.279231525565977	1.8396175636434011	-0.4254042941116923	-0.2433113263048179	0.0570406070101904	0.5022083076493601	0.9445179713239424	0.8926536478295397	0.7071066347658543	-0.0931353596473137	M	False
376	G	R	R376G	0.6049743581473238	0.4435493153739744	0.725994447796789	0.3919034835168681	0.5876694755183433	-0.5749655534412879	0.3631875878186684	0.4749517247543589	0.5242618367606491	0.5589489656568286	0.0063519610385276	M	False
376	H	R	R376H	-1.2809640766335482	-0.2548040430542535	0.0183328007157173	-0.311417108363193	-0.0716556521473447	0.0604518333111186	-0.3066760410285839	0.4995194820495693	-0.7678840598439008	-0.1465421538237378	-0.005601909418113	M	False
376	I	R	R376I	1.486644189907767	2.5038202917839043	-0.0541891756047272	0.4115252073910801	-0.2740715352821006	-0.7166134803614536	0.5595192496390783	1.2134080769793754	1.9952322408458356	0.1786680158931764	-0.4953425078217771	M	False
376	K	R	R376K	0.5578424515765764	1.0507315175221776	-0.2838479187077573	0.614202209694725	0.0921585869664505	-0.200258323308804	0.3051380872905613	0.5221072696981119	0.804286984549377	0.1651771454934838	-0.0540498681711767	M	False
376	L	R	R376L	-0.3155715880066358	0.968695130137252	0.2645487677899417	-0.7742539227745808	1.030706826097984	0.0102736789656481	0.1973998153682681	0.7121899826562532	0.326561771065308	-0.2548525774923196	0.520490252531816	M	False
376	M	R	R376M	1.3289792675767933	1.2067590390891303	0.2424468133082225	0.5881814339900205	0.0047534468129465	0.1950249003081773	0.5943574835142151	0.5560006342418784	1.2678691533329618	0.4153141236491215	0.0998891735605619	M	False
376	N	R	R376N	0.2218613310845116	1.578948762110913	1.8823013901773764	-0.696998795205195	0.1747781933452691	-0.5923424762161691	0.4280914008827843	1.081943716514273	0.9004050465977124	0.5926512974860907	-0.2087821414354499	M	False
376	P	R	R376P	-0.0240563711744359	2.841139340082295	0.384980628085196	0.3878621833192729	0.438774404546834	-0.7135892620024928	0.5525184871427782	1.203442658137963	1.4085414844539297	0.3864214057022345	-0.1374074287278294	M	False
376	Q	R	R376Q	0.5454125945336118	1.257143051325298	0.2101935728080238	-0.0735068309052271	0.2245237213123984	-0.3414425497669687	0.303720593217856	0.5551549091499771	0.9012778229294548	0.0683433709513983	-0.0584594142272851	M	False
376	R	R	R376R	0.8008961339386578	0.7433026635666511	0.4463535129590419	-0.0901897527578146	0.2019679132534063	-0.3288888127335945	0.2955736097043913	0.4530067226123042	0.7720993987526544	0.1780818801006136	-0.063460449740094	S	False
376	S	R	R376S	0.4114916487029124	0.310689073920697	0.4145936058221911	0.5014522322624368	-0.0579411837225103	0.1241383332915121	0.2840706183795398	0.2115590158986016	0.3610903613118047	0.4580229190423139	0.0330985747845008	M	False
376	T	R	R376T	-0.227647604693249	1.4931095677008706	0.1986408080446447	0.6726408775792202	0.5342189946326605	0.2442711331743518	0.4858722960730831	0.5833918967682463	0.6327309815038108	0.4356408428119325	0.3892450639035062	M	False
376	V	R	R376V	0.2892896526404874	0.1446392354087837	0.5337796533718887	-0.3688267035862326	0.2948970579061727	-0.1402138081044595	0.1255941812727734	0.3278852432495225	0.2169644440246355	0.082476474892828	0.0773416249008566	M	False
376	W	R	R376W	0.3584331085008136	1.6515225064219532	-0.267458794204273	-0.3776673610481395	0.5257534359217413	-0.3181286839307726	0.2620757019435538	0.7791903770342494	1.004977807461383	-0.3225630776262063	0.1038123759954843	M	False
376	Y	R	R376Y	0.5958725416602333	0.9583150492468576	0.4109420876726893	1.3160826060018325	-0.0324138829473046	0.3668062073575888	0.6026007681653162	0.4756490268175057	0.7770937954535455	0.8635123468372609	0.167196162205142	M	False
370	A	R	R370A	1.3040117219902247	1.0417499916107726	1.5946401783390236	1.0557287793602683	0.1551523247837203	-1.2661301511435612	0.6475254741567414	1.053997394254912	1.1728808568004987	1.325184478849646	-0.5554889131799204	M	False
370	C	R	R370C	0.8721534196126394	-0.0186632660224364	-0.1133594962998898	1.0439238946958145	0.504002820886384	-0.235703046556036	0.3420590543860792	0.5424344693418965	0.4267450767951014	0.4652821991979623	0.1341498871651739	M	False
370	D	R	R370D	1.1028205139425145	0.521284109971132	0.2447748339361194	1.385980998748548	1.169946864079718	-1.6576388432485285	0.4611947462382506	1.123311790481254	0.8120523119568233	0.8153779163423338	-0.2438459895844053	M	False
370	E	R	R370E	0.8098603811359745	-0.5370161549224073	-0.8526038691923532	0.2562373689248238	0.5748483634062075	-0.3654528672828765	-0.0190211296551052	0.6631269491511521	0.1364221131067836	-0.2981832501337647	0.1046977480616654	M	False
370	F	R	R370F	0.086370904178671	0.2422080641254971	2.936866677869878	-0.6679694106709587	-0.3687013690960588	-0.6652326639738405	0.260590367072198	1.36444309935715	0.164289484152084	1.1344486335994597	-0.5169670165349496	M	False
370	G	R	R370G	0.9757609321422428	0.2365964531171228	1.4983230228954056	0.7968451635083529	0.370779634389984	-0.5937073530469326	0.5474329755010293	0.7183161081602839	0.6061786926296828	1.1475840932018793	-0.1114638593284742	M	False
370	H	R	R370H	0.4738952238407112	0.3246122698602714	-0.4103232032626968	0.5790009194326171	0.3663133329695585	-0.0085033564863113	0.220832531059025	0.3674813543845837	0.3992537468504913	0.0843388580849601	0.1789049882416235	M	False
370	I	R	R370I	2.288344002198612	-1.087200851415564	-2.8652963793492874	1.6518557586794238	1.1313172631807364	0.5101978071324832	0.271536266737734	1.9211904455395332	0.600571575391524	-0.6067203103349318	0.8207575351566099	M	False
370	K	R	R370K	0.0881341862298819	-1.739426961257358	0.5535785368878443	-0.079309712286905	0.5134724273844534	-0.1216543368857431	-0.1308676433213044	0.8392626151871282	-0.8256463875137381	0.2371344123004696	0.1959090452493551	M	False
370	L	R	R370L	0.8377747851235169	0.4648245411999466	-1.2680648332526026	1.1767808794579366	0.2100679891777058	0.3150755112810263	0.2894098121645883	0.8428028246160014	0.6512996631617318	-0.0456419768973329	0.2625717502293661	M	False
370	M	R	R370M	1.4946109147576387	0.7423564857778008	-0.2744835596912862	0.9738887603674496	-0.0559455985272167	0.2058866967923972	0.5143856165794639	0.6733081534108317	1.1184837002677197	0.3497026003380817	0.0749705491325902	M	False
370	N	R	R370N	0.7763352912992464	0.0237837490360609	-0.5679818530478739	1.1772491538865808	-1.0420334301532326	1.7127668334027812	0.3466866240705938	1.059248347674706	0.4000595201676536	0.3046336504193535	0.3353667016247743	M	False
370	P	R	R370P	1.0279242406024782	0.1107146962631432	-0.5509798434725408	-0.1210907283626509	0.9857879887962164	0.1158866467263952	0.2613738334255069	0.6264882648130536	0.5693194684328108	-0.3360352859175959	0.5508373177613058	M	False
370	Q	R	R370Q	0.3059028816835796	-0.3258987221417669	0.0066529261490955	-0.5464331369885388	0.8535422842475281	-0.811396748285023	-0.0862717525558542	0.6067391873174306	-0.0099979202290936	-0.2698901054197216	0.0210727679812525	M	False
370	R	R	R370R	0.1148400380382156	-0.3886290401732874	-0.7361725162313847	0.0441009290538167	-0.1510203974390986	0.0818592179555238	-0.1725036281327024	0.334388610001527	-0.1368945010675359	-0.3460357935887839	-0.0345805897417874	S	False
370	S	R	R370S	0.6822728337313088	0.6079861847169661	-0.3174492811915924	1.050419717579557	-0.0935174976877491	0.5391363919314552	0.4114747248466576	0.5143625036909802	0.6451295092241374	0.3664852181939824	0.222809447121853	M	False
370	T	R	R370T	0.12709731257449	0.4858463017752991	1.5811222039349797	1.080713233698661	0.0082087803947991	-0.2220434267839021	0.5101574009323877	0.6939590907505989	0.3064718071748945	1.3309177188168202	-0.1069173231945514	M	False
370	V	R	R370V	0.8460276446976273	0.2519724538725529	-0.0245751755854561	0.0664681673319729	1.0455049669722545	-0.166194481793227	0.3365339292492874	0.4950647590271571	0.54900004928509	0.0209464958732584	0.4396552425895137	M	False
370	W	R	R370W	-0.0058829415002416	0.1500530073815221	0.651117163361465	0.6186948413074006	0.2671759547676724	-0.8298036074254271	0.1418924029820652	0.5419305628338977	0.0720850329406402	0.6349060023344328	-0.2813138263288773	M	False
370	Y	R	R370Y	-0.0379336969883778	0.1660612743621611	0.0117604065261022	0.7777053635663324	6.47677989951584	-0.5263507650274162	1.144670413659107	2.64567874508867	0.0640637886868916	0.3947328850462173	2.975214567244212	M	False
151	A	I	I151A	0.8205260793180347	1.8542493962049056	-2.286839578887338	-0.6766260703860666	0.6528427944389275	-1.3685817289851958	-0.1674048513827888	1.5446705361612207	1.3373877377614702	-1.4817328246367023	-0.3578694672731342	M	False
151	C	I	I151C	0.8258136089773729	0.9230386836206452	3.2641280020365193	0.7827094572677491	1.4045700189135362	0.6154662753836283	1.3026210076999083	0.9971781157211864	0.874426146299009	2.023418729652134	1.0100181471485823	M	False
151	D	I	I151D	0.9456541288616996	1.7037600006814253	-1.5288871561163089	0.2237664546297319	0.938219353483335	0.6067711893026487	0.4815473284737552	1.099247659789849	1.3247070647715624	-0.6525603507432884	0.7724952713929918	M	False
151	E	I	I151E	0.5161636327647713	-0.1974212083396963	0.0777568079665012	0.7093494021682748	0.2101885242542944	1.106837456490649	0.4038124358841324	0.4702136100547681	0.1593712122125374	0.393553105067388	0.6585129903724717	M	False
151	F	I	I151F	0.2396660067813787	-0.36950517170404	1.249718945379846	0.3130233718240716	0.2467685998720447	-0.3952504473126451	0.2140702174734426	0.5993189885863591	-0.0649195824613306	0.7813711586019588	-0.0742409237203002	M	False
151	G	I	I151G	0.9562596729361038	0.5819347516020154	-0.3342346853630547	0.997593913651218	0.6172674636074301	0.4239154393081984	0.5404560926236518	0.4833536493392221	0.7690972122690596	0.3316796141440816	0.5205914514578143	M	False
151	H	I	I151H	0.0418852430782578	-0.0339237979645253	3.924892235973835	0.1327599597989965	0.7506335629430052	-1.7369953455188347	0.513208643051789	1.8668483803963212	0.0039807225568662	2.028826097886416	-0.4931808912879147	M	False
151	I	I	I151I	0.3735455780054372	-0.0415515189001705	-0.1763338929500412	0.9899394312298914	0.2351315495960533	1.0927778947832587	0.4122515069607381	0.5257526205110117	0.1659970295526333	0.4068027691399251	0.663954722189656	S	False
151	K	I	I151K	0.3445813658808387	-0.4797458335748522	-0.7600399334419049	-0.1987812127843282	-0.1143015346965701	0.6157574401175199	-0.0987549514165494	0.509857603031568	-0.0675822338470067	-0.4794105731131165	0.2507279527104749	M	False
151	L	I	I151L	-0.0953693314213356	-0.0527727981607029	-1.3762359116913827	0.1487208692623844	0.5840600266099849	0.6721170025884878	-0.0199133571354273	0.7373617278218887	-0.0740710647910192	-0.6137575212144991	0.6280885145992363	M	False
151	M	I	I151M	0.907225843756946	0.63550112484756	-1.136620090710543	-0.4702583082402418	1.6741434416998406	1.2513322324954572	0.4768873739748365	1.0718234680270622	0.771363484302253	-0.8034391994753924	1.462737837097649	M	False
151	N	I	I151N	0.4324919913139579	0.435076701114797	-0.2322068122473663	1.1009740663132823	0.9503901414470862	0.9091369206748504	0.5993105014361012	0.4933837969484911	0.4337843462143774	0.4343836270329579	0.9297635310609684	M	False
151	P	I	I151P	-0.6836102167326934	-1.083148426081347	1.3152635262178285	-0.100987376165667	1.8583819112658473	-1.1396459080093044	0.0277089184157773	1.2750230941980167	-0.8833793214070202	0.6071380750260807	0.3593680016282714	M	False
151	Q	I	I151Q	1.5300010523423098	0.7238809361025329	0.3500955590606553	1.908215556272512	0.9295641690757508	1.5960960873050472	1.172975560026468	0.5975186385911647	1.126940994222421	1.1291555576665837	1.2628301281903989	M	False
151	R	I	I151R	0.1638286126085389	-0.1615387546498128	0.1952922596856159	0.95208793576804	0.4460642965304823	1.2322528635035477	0.4713312022410686	0.5257465074933114	0.001144928979363	0.573690097726828	0.8391585800170149	M	False
151	S	I	I151S	0.2007264521040618	0.5174634012491198	-1.9463514401201376	-1.048030671593703	1.2821848103535594	-0.0045393742953554	-0.1664244703837425	1.1552097268488353	0.3590949266765908	-1.4971910558569204	0.638822718029102	M	False
151	T	I	I151T	0.4354540814187752	-0.107419370108006	0.2569615017416896	0.4877613058993415	0.1064102517109976	-0.3409529418789897	0.139702471463968	0.3211139517538707	0.1640173556553845	0.3723614038205155	-0.117271345083996	M	False
151	V	I	I151V	0.2734141233438321	0.8308042075509479	-0.4933814431648336	-0.148972167010721	0.8889273299745495	-0.1150604202809028	0.2059552717354786	0.5620558911155739	0.55210916544739	-0.3211768050877773	0.3869334548468233	M	False
151	W	I	I151W	-0.8753834167770177	-3.543419148717635	-1.3276049857568757	1.6098152640064598	0.4686218646909767	1.0121936564179006	-0.4426294610226985	1.883866926503533	-2.2094012827473266	0.141105139124792	0.7404077605544387	M	False
151	Y	I	I151Y	0.4361023710534032	-1.099600670200909	-0.737111489009057	3.404738525855669	0.5009624993248564	1.2110483756283863	0.6193566021087248	1.609401794394901	-0.3317491495737528	1.333813518423306	0.8560054374766213	M	False
85	A	A	A85A	-0.0795278242208823	-0.1323909651674315	-0.6166689560273703	0.2084200817981001	-0.2432630091960272	-0.0610076774674272	-0.154073058380173	0.2713077067645664	-0.1059593946941569	-0.204124437114635	-0.1521353433317272	S	False
85	C	A	A85C	1.4476134575558437	1.8504140374746807	1.3990954489348888	1.0141983348840764	1.0785155570718472	1.950643065045088	1.4567466501610709	0.3850253310663001	1.6490137475152622	1.2066468919094826	1.5145793110584678	M	False
85	D	A	A85D	-1.7393669743020443	-0.3412570206790765	0.1888285063750914	-0.9157961578930044	-0.651187205211351	-0.0380313976942901	-0.5828017082341125	0.6933594752802905	-1.0403119974905604	-0.3634838257589565	-0.3446093014528205	M	False
85	E	A	A85E	0.273951822543405	0.4527392133055203	0.4149636941362194	0.4563517409300841	0.4752255212180654	0.7598399539240587	0.4721786576762254	0.1587161732447048	0.3633455179244627	0.4356577175331517	0.617532737571062	M	False
85	F	A	A85F	1.42222957784125	1.1901068244575166	0.8614855121376573	0.3099037599130921	-0.4043599664177383	1.0958288017803592	0.7458657516186895	0.6787845434841109	1.3061682011493834	0.5856946360253747	0.3457344176813104	M	False
85	G	A	A85G	-0.5028565153035146	0.8126289823820819	0.7579656723712201	-0.7432726006912954	-0.6520649266232638	0.8284058531098865	0.0834677442075191	0.7886495289394979	0.1548862335392836	0.0073465358399623	0.0881704632433113	M	False
85	H	A	A85H	-0.4832095699598792	0.8005661749719747	1.280642869240337	1.1873397002369137	0.6949040854493052	0.4481532256928428	0.654732747605249	0.638106979785929	0.1586783025060477	1.2339912847386254	0.571528655571074	M	False
85	I	A	A85I	0.8225243727823677	1.133637980403811	2.953030906449455	-0.742046910654768	2.0840963275895685	0.3929101264533572	1.1073588005039652	1.2940696548728332	0.9780811765930894	1.1054919978973436	1.2385032270214629	M	False
85	K	A	A85K	0.7197574349811642	-0.0872710708984705	1.4309400460775317	1.7677157419842264	1.1447617425537144	0.5991650357523686	0.9291781550750892	0.6614108086543369	0.3162431820413468	1.599327894030879	0.8719633891530415	M	False
85	L	A	A85L	0.3081144276526972	0.1663071790822243	-0.5038471700027304	0.458382411720839	0.8470489604930442	0.5575123155347143	0.3055863540801314	0.4592565272442211	0.2372108033674608	-0.0227323791409456	0.7022806380138793	M	False
85	M	A	A85M	-0.7690527685478045	-1.4082103276710949	-0.3056195065126031	-0.8648428607995082	-0.3466894294432946	-0.041859919580294	-0.6227124687590999	0.4921739215509347	-1.0886315481094495	-0.5852311836560556	-0.1942746745117943	M	False
85	N	A	A85N	0.9938242234038211	-0.5053509747278844	0.1582843670032211	-0.4807783127902785	1.2157445308405457	0.6222057719250885	0.3339882676090856	0.734187132964368	0.2442366243379684	-0.1612469728935286	0.918975151382817	M	False
85	P	A	A85P	1.1395784602735106	1.731013530833873	1.3658698812196175	1.754559737990894	0.6594433990551909	1.3450594445521278	1.3325874089875356	0.4070485494469976	1.435295995553692	1.5602148096052555	1.0022514218036591	M	False
85	Q	A	A85Q	-0.7227117610182704	1.147292826928637	0.5186595227024929	0.134049445543522	0.3003588776915935	1.033668908507442	0.4018863033925695	0.6804676828876431	0.2122905329551833	0.3263544841230075	0.6670138930995178	M	False
85	R	A	A85R	-0.356386901868369	-0.4490914193056681	0.6600198670488671	-0.1942670847953026	0.1862856204045361	-0.406031878718368	-0.0932452995390507	0.4357652476826692	-0.4027391605870186	0.2328763911267822	-0.1098731291569159	M	False
85	S	A	A85S	-0.2884615355705577	-1.0685168744314355	-0.0534590100212922	-1.0603952582760077	-0.6906290236334296	-0.018874992347151	-0.5300561157133122	0.4782890625480807	-0.6784892050009966	-0.5569271341486499	-0.3547520079902903	M	False
85	T	A	A85T	-0.0371591457457253	-0.2281822116728131	-0.4279842990234376	0.2036878135949326	0.6051779998158852	0.5946320430516179	0.1183620333367432	0.4275225051211603	-0.1326706787092692	-0.1121482427142524	0.5999050214337516	M	False
85	V	A	A85V	-0.213314297762541	-0.5524828038420975	-1.0110662617551922	-0.7613274147674381	-0.0172341129312331	-0.356348995390084	-0.485295647741431	0.3651917532394835	-0.3828985508023192	-0.8861968382613152	-0.1867915541606585	M	False
85	W	A	A85W	-0.2452122535022329	0.2530354777196119	0.0602925071094049	-1.07599931203076	0.04044628172807	0.1526960003346849	-0.1357902164402035	0.489874224897619	0.0039116121086894	-0.5078534024606776	0.0965711410313774	M	False
85	Y	A	A85Y	-0.7344060211742922	-0.6244192102391384	2.7343392103894577	0.9581616503383652	0.2955573479330017	1.9844165785697667	0.7689415926361934	1.4001123158953728	-0.6794126157067153	1.8462504303639116	1.1399869632513842	M	False
86	A	T	T86A	0.093500562386192	-0.1916882466343403	0.5246214988201154	-0.4599307065835717	0.4087561011241231	-1.2542655192448775	-0.1465010516887264	0.6547883482537559	-0.0490938421240741	0.0323453961182718	-0.4227547090603771	M	False
86	C	T	T86C	1.3987561054126878	1.7728372899154357	1.1129851549302077	1.019942015014509	1.1439685781355666	2.1375778241070407	1.4310111612525749	0.4403711543981736	1.5857966976640618	1.0664635849723585	1.6407732011213036	M	False
86	D	T	T86D	0.7780346869777373	0.7281515240026164	0.5477693383527897	2.358225916542321	0.6979519651583748	-0.8831351329535805	0.7044997163467098	1.0281992846008998	0.7530931054901768	1.4529976274475556	-0.0925915838976028	M	False
86	E	T	T86E	-0.0072205932413536	0.1979721443989761	0.0165380748767697	-2.112683161408728	-0.2683789950669767	-0.283953755215901	-0.4096210476095355	0.8542680328294234	0.0953757755788112	-1.048072543265979	-0.2761663751414388	M	False
86	F	T	T86F	0.9838782621673062	2.7937987473992405	2.0239781698232275	2.4602074974734114	-0.8996674978910413	1.6800274014273846	1.507037096733255	1.3362159442999837	1.8888385047832736	2.2420928336483197	0.3901799517681716	M	False
86	G	T	T86G	0.1127274214064837	-0.1163098637285037	-0.2045838310774652	0.7322216705731128	0.4674577659987546	-1.512879889975174	-0.0868944544671319	0.7831036996354582	-0.0017912211610099	0.2638189197478238	-0.5227110619882097	M	False
86	H	T	T86H	-0.014608293283026	-0.5860878100037801	1.5342224360537204	0.9158112955185876	-0.6656332577012791	-1.4889522292243995	-0.0508746431066961	1.1118253580810828	-0.300348051643403	1.225016865786154	-1.0772927434628392	M	False
86	I	T	T86I	0.1323961030704398	0.605278096817062	1.0256473587444888	-0.3562787116700949	0.6037428409246187	-0.1758633399039652	0.3058203913304249	0.5285932253165024	0.3688370999437509	0.3346843235371969	0.2139397505103267	M	False
86	K	T	T86K	2.763424073427837	1.9665730658380085	1.2083322607621798	2.293950370869581	0.8796450987369544	0.7581340542217572	1.6450098206427195	0.817116426603705	2.3649985696329225	1.7511413158158804	0.8188895764793558	M	False
86	L	T	T86L	0.1799311430338762	0.2347467136920203	1.0482450748091017	-0.2024173215475192	1.29204322050559	0.5575651675742962	0.5183523330112275	0.5648701616591562	0.2073389283629483	0.4229138766307912	0.9248041940399432	M	False
86	M	T	T86M	-1.315545966274477	-0.6873615788216293	-0.1623383293762801	-2.421546389250232	-0.1416509665398366	-1.406050961283497	-1.022415698590992	0.873888884881002	-1.0014537725480532	-1.291942359313256	-0.7738509639116669	M	False
86	N	T	T86N	-1.8773204179624607	-0.2223049389317782	0.674293525096882	0.4155046062388102	-0.9254694049591242	-2.673592851310285	-0.768148246971326	1.316461108541197	-1.0498126784471196	0.5448990656678461	-1.7995311281347046	M	False
86	P	T	T86P	1.2265249866344643	-0.2872641137848518	2.360262771912053	2.3644550333901546	-0.5043885845038711	1.6961192883913632	1.1426182303398853	1.2685536751833568	0.4696304364248063	2.3623589026511036	0.595865351943746	M	False
86	Q	T	T86Q	2.289379365960269	1.0162193116942395	1.7845593133902646	1.4182844041686729	1.4748490623096857	0.3871263020751117	1.3950696265997071	0.6508261083959075	1.6527993388272542	1.6014218587794686	0.9309876821923988	M	False
86	R	T	T86R	-1.4652309501194296	0.0438000381015046	1.0222166141300617	-1.020373188645628	0.1710353514828508	-1.051122163750703	-0.3832790498002239	0.94737556917267	-0.7107154560089625	0.0009217127422168624	-0.4400434061339262	M	False
86	S	T	T86S	-1.615539869237907	-0.9748313397965164	0.1767527572432552	0.2218808202139159	-0.6338096724186154	-1.1611090913926678	-0.664442732564756	0.7405028020927374	-1.2951856045172117	0.1993167887285856	-0.8974593819056416	M	False
86	T	T	T86T	-0.3757237514438761	-0.3534905923965855	-0.2459034480048368	-0.3080982718764465	-0.3715615861003184	-0.1144399539253363	-0.2948696006245666	0.1009782296049378	-0.3646071719202308	-0.2770008599406417	-0.2430007700128273	S	False
86	V	T	T86V	-0.9002265330672972	0.4579776840441208	0.4963585484928853	-0.9258999865361696	0.7484665342339957	0.2401282029407169	0.0194674083513753	0.7401896771015787	-0.2211244245115881	-0.2147707190216421	0.4942973685873563	M	False
86	W	T	T86W	-0.1426370403243628	0.6875029571815625	1.1767846231987735	-1.7387444458368624	0.8669095183023189	-0.1902431271104178	0.1099287475685019	1.059837583954781	0.2724329584285998	-0.2809799113190444	0.3383331955959505	M	False
86	Y	T	T86Y	-0.1218739106214765	0.2098706271553367	1.4978876154518406	-0.0420990743003215	0.4294681907847857	3.7854490604519127	0.9597837514870128	1.5027506106653232	0.04399835826693	0.7278942705757595	2.1074586256183494	M	False
62	A	K	K62A	-0.635934883327949	-0.5146437976254165		0.308124931100669	-0.4274352178967287	0.1390516065845358	-0.2261674722329778	0.4214528368466409	-0.5752893404766828	0.308124931100669	-0.1441918056560964	M	False
62	C	K	K62C	-0.0559711139034762	1.0654937226351209	-0.3290096263054805	0.216985857757197	0.4410173023668356	-1.3043892111709163	0.0056878218965467	0.7986830663702829	0.5047613043658223	-0.0560118842741417	-0.4316859544020404	M	False
62	D	K	K62D	0.2218271685987002	0.3167244223071365	0.285219342712589	-1.210630916860966	-0.4996906152830364	-0.3446603778009257	-0.2052018293877503	0.6020521048970213	0.2692757954529184	-0.4627057870741884	-0.422175496541981	M	False
62	E	K	K62E	0.593490298501036	0.6715442931421574	0.8185940561504237	0.6005658555238708	0.2573987295302832	0.408167439836692	0.5582934454474106	0.1983347600305955	0.6325172958215967	0.7095799558371472	0.3327830846834876	M	False
62	F	K	K62F	0.4201700166645131	0.0331069247228622	-0.155282020919015	-0.872570439082169	-0.5231498252932395	-1.912017873016948	-0.5016238694873326	0.8225411401690664	0.2266384706936877	-0.513926230000592	-1.2175838491550937	M	False
62	G	K	K62G	-2.431321954615602	-0.1041004255541654	-0.2764277739114536	-1.1592675958014151	-0.6068860066652875	-0.8581016169730051	-0.9060175622534882	0.8392757699264922	-1.267711190084884	-0.7178476848564344	-0.7324938118191463	M	False
62	H	K	K62H	2.0796252556715964	1.3301664657013983	1.5484751276773072	1.572482744457527	2.619103015172147	1.9168877345096011	1.8444567238649296	0.4661966938298728	1.7048958606864972	1.5604789360674172	2.267995374840874	M	False
62	I	K	K62I	0.8049007870275172	0.5686031451254512	-0.1416753806116539	1.2286939619154102	-0.9716332668460378	-1.0314075836783003	0.0762469438220644	0.9459309498457804	0.6867519660764843	0.5435092906518781	-1.0015204252621692	M	False
62	K	K	K62K	1.3495696791997385	1.1930338092797537	0.7485401995483576	0.3191617320732394	0.217061414266844	0.5680351241841747	0.732566993092018	0.459716824648152	1.271301744239746	0.5338509658107985	0.3925482692255093	S	False
62	L	K	K62L	0.7583202151877237	0.1671042171545141	1.1067970315134943	0.2813364894169256	-0.109927859739507	-0.0520560151821976	0.3585956797251588	0.4796607241282045	0.4627122161711189	0.69406676046521	-0.0809919374608523	M	False
62	M	K	K62M	-1.667985256928864	-0.743683584758264	-0.8077304136373435	-0.7591769232893834	-0.988314995932714	-1.1118577666462457	-1.0131248235321355	0.3517046743038168	-1.205834420843564	-0.7834536684633635	-1.0500863812894798	M	False
62	N	K	K62N	0.5337761570801152	0.6386652107481076	0.4087131789870025	0.3666374729353684	-0.8628842687833295	0.9447899329961914	0.3382829473272426	0.6236769838009878	0.5862206839141113	0.3876753259611855	0.0409528321064309	M	False
62	P	K	K62P	-1.3307425961586203	-1.2662497880827657	-0.6971460095467272	0.58207197593953	0.3242491965359209	-1.830919379847728	-0.703122766860065	0.968524474873626	-1.298496192120693	-0.0575370168035986	-0.7533350916559035	M	False
62	Q	K	K62Q	0.60399895372479	0.3112315324233061	1.0041562459471955	0.5301134585378798	2.086954102891754	1.110408437892092	0.941143788569503	0.6363810792306599	0.457615243074048	0.7671348522425376	1.598681270391923	M	False
62	R	K	K62R	0.6153668608382066	0.6619319524741385	0.2074962227721905	0.3913188139019342	0.1636517032419914	0.6791069972518727	0.4531454250800557	0.2319219333167912	0.6386494066561725	0.2994075183370623	0.421379350246932	M	False
62	S	K	K62S	1.880414983603241	1.5569079939970087	1.2774462660237398	0.0787613328198494	4.0720747245882905	2.280430345048999	1.857672607680188	1.3171533957558748	1.7186614888001248	0.6781037994217946	3.176252534818645	M	False
62	T	K	K62T	1.416729948892964	1.0185539815614746	1.6472385974586636	0.6190100869869404	0.791088846270692	1.0132655334184275	1.0843144990981937	0.3845114958943055	1.2176419652272192	1.133124342222802	0.9021771898445596	M	False
62	V	K	K62V	0.4773573540170441	0.5309280303137944	-0.113464996533766	0.6102753207556075	-0.3506890644517597	0.2500822608027277	0.234081484150608	0.3877690031784779	0.5041426921654193	0.2484051621109207	-0.0503034018245159	M	False
62	W	K	K62W	1.4504768203449794	0.7763913027387727	2.271172338970456	0.6303106280316665	0.9277165999035836	1.2226557351510077	1.2131205708567443	0.5979561459271497	1.113434061541876	1.4507414835010612	1.0751861675272956	M	False
62	Y	K	K62Y	1.5204914134609036	0.04331601425665	1.0552469163879892	0.0855601110354229	0.7581059298708788	0.63119952772722	0.6823199854565107	0.5682272559521216	0.7819037138587768	0.5704035137117061	0.6946527287990494	M	False
241	A	I	I241A	-0.3561200447411374	-1.1529797858672275	2.1516155439516713	-0.9551023340731226	0.1263661755142365	-0.0095799314470279	-0.0326333961104346	1.1838517090042706	-0.7545499153041825	0.5982566049392744	0.0583931220336043	M	False
241	C	I	I241C	-1.352119310327978	0.131399665482128	1.4514702362125622	0.1386501000867106	0.0192067352523884	-0.1681335954057129	0.0367456385500163	0.8935343923077662	-0.610359822422925	0.7950601681496364	-0.0744634300766622	M	False
241	D	I	I241D	1.0719384568564574	-0.4544471936281763	1.9552933024685113	-0.3909057419233945	0.6163787489305914	1.1872055520985405	0.664243854133755	0.9458978701076852	0.3087456316141405	0.7821937802725584	0.901792150514566	M	False
241	E	I	I241E	0.1820501867638271	-1.2146240569709696	2.3654576142727923	-0.2236334675750368	1.419443382906639	-2.850868025204558	-0.053695727634551	1.8589687544672764	-0.5162869351035713	1.0709120733488775	-0.7157123211489596	M	False
241	F	I	I241F	-0.6078851941616575	0.7965431881826613	-0.0462318065137617	-1.3510268201648752	2.5051086044161215	1.240413076588638	0.422820174724521	1.3836870042192944	0.0943289970105019	-0.6986293133393184	1.8727608405023797	M	False
241	G	I	I241G	-0.9486969672914334	-1.4546148726519177	1.2541041189171578	0.5029584147057828	-0.0305024999391632	0.0527543438241277	-0.1039995770725743	0.9778029067868084	-1.2016559199716754	0.8785312668114703	0.0111259219424822	M	False
241	H	I	I241H	1.1232623968479354	-0.5648655121903113	-0.6104023865914749	-1.2510068151359603	0.7906855886215604	-0.1464146260668396	-0.109790225752515	0.9047318016808258	0.279198442328812	-0.9307046008637176	0.3221354812773603	M	False
241	I	I	I241I	0.1746993146992431	0.2076587764383786	0.3753526143351633	0.7511693286769157	-0.0190927516697486	0.8609108241496313	0.3917830177715972	0.3462240158164772	0.1911790455688109	0.5632609715060395	0.4209090362399413	S	False
241	K	I	I241K	-1.2620699526127628	-0.5744666892920207	1.9728554979470232	-1.7907674951624395	-0.7064090040430493	-0.0636499706302063	-0.4040846022989092	1.3073024428010669	-0.9182683209523916	0.0910440013922918	-0.3850294873366278	M	False
241	L	I	I241L	0.0976107963279038	-0.545606987222117	3.8813465798999944	-0.3392994563745072	0.8233245557427258	0.4142376039166272	0.7219355153817711	1.62539232389187	-0.2239980954471065	1.7710235617627437	0.6187810798296765	M	False
241	M	I	I241M	-0.7835796055967444	0.0466252646979572	1.1104639517055317	0.1032514169753567	-0.7002592427719196	-0.1303302297493688	-0.0589714074565312	0.6850467387339041	-0.3684771704493936	0.6068576843404443	-0.4152947362606443	M	False
241	N	I	I241N	0.968915284375326	1.254516196479765	2.391200004431003	0.1741786746392882	0.815122878060027	0.8717417132794575	1.0792791252108112	0.7343135199258537	1.1117157404275455	1.2826893395351455	0.8434322956697422	M	False
241	P	I	I241P	2.226311036116844	0.5730485424511302	0.6226060557807186	-0.0533359042155618	1.0567935961284127	0.854920983365479	0.8800573849378371	0.7584227144316301	1.3996797892839872	0.2846350757825783	0.9558572897469458	M	False
241	Q	I	I241Q	0.0297766369177703	-0.5765941183662122	-0.2235475873036843	-1.6919948256329878	0.924714035976362	-0.0880058448694885	-0.2709419505463734	0.8565688848967594	-0.2734087407242209	-0.957771206468336	0.4183540955534368	M	False
241	R	I	I241R	-0.3639195758634725	3.18405497439516	3.033377863430616	1.1297956474550808	2.14762615715571	0.2770671964923256	1.56800037717757	1.4619012449768318	1.4100676992658436	2.0815867554428484	1.212346676824018	M	False
241	S	I	I241S	-0.7017397517823021	0.6496025471800938	3.827167760774	-0.8363173037905159	0.2217903944599173	0.3639080219188549	0.5874019447933413	1.695431249521563	-0.0260686023011041	1.495425228491742	0.2928492081893861	M	False
241	T	I	I241T	0.1558246549321627	0.3396799823208839	0.011605783043929	-0.3269401252861683	-0.4425280720841624	-0.428167161592853	-0.1150874897777013	0.3305679307571902	0.2477523186265233	-0.1576671711211196	-0.4353476168385077	M	False
241	V	I	I241V	0.9099382325293306	0.241686101837053	0.9385316542387012	-0.2681613044276931	0.5169771347697318	-0.2472787074602829	0.3486155185811401	0.5363520016378337	0.5758121671831918	0.335185174905504	0.1348492136547244	M	False
241	W	I	I241W	0.9188423287445868	-2.6541629815269814	-1.47271974904663	-1.283877389071318	0.6584218385500897	1.059188222115882	-0.4623846217057284	1.547817737591252	-0.8676603263911973	-1.378298569058974	0.8588050303329858	M	False
241	Y	I	I241Y	-0.1684791362570397	0.8633057287472851	1.929461075277669	0.5051911406274923	1.8091136634897005	1.7588676720748566	1.1162433573266606	0.8534907695882533	0.3474132962451226	1.2173261079525806	1.7839906677822783	M	False
41	A	G	G41A	0.2219164120191505	0.2011390626757174	-0.0013600727500951	0.6542366162286887	0.7399089349977459	0.2526794334510892	0.3447533977703827	0.2884142551272697	0.2115277373474339	0.3264382717392967	0.4962941842244175	M	False
41	C	G	G41C	1.0803306125659795	0.806772209193969	0.049198281507297	0.7945618064456377	-0.4935599485297844	1.7312330335976156	0.6614226657967858	0.7832795347223487	0.9435514108799744	0.4218800439764673	0.6188365425339156	M	False
41	D	G	G41D	0.5146180736808423	0.1874940319052846	0.6104796559862373	-0.9076494285500618	0.3398989374541474	-0.2801658291682661	0.0774459068846973	0.5752452760060269	0.3510560527930635	-0.1485848862819122	0.0298665541429406	M	False
41	E	G	G41E	1.5990644800672058	2.609531869663301	0.1781265557441868	1.4334342658083092	0.7980441274717245	-0.016615428301527	1.1002643117422	0.9825261138661168	2.1042981748652534	0.8057804107762481	0.3907143495850987	M	False
41	F	G	G41F	4.427741995442847	1.0194159994179337	0.486795917354886	2.1508444224082326	-1.9852672950177088	-1.0578352226705765	0.8402826361559357	2.2948229688528867	2.7235789974303906	1.3188201698815594	-1.5215512588441429	M	False
41	G	G	G41G	-0.4676176053270628	0.1099733146354802	0.5763321955262506	0.4417833913216151	-0.2029180255936151	0.6166789527664135	0.1790387038881802	0.4443492388083052	-0.1788221453457913	0.5090577934239329	0.2068804635863992	S	False
41	H	G	G41H	-3.095267979958495	0.2835705478223055	-0.8340574323703063	-0.8380859291732431	0.0794779995747135	-0.1894964275952959	-0.7656432036167202	1.2315928308933797	-1.4058487160680948	-0.8360716807717747	-0.0550092140102911	M	False
41	I	G	G41I	0.7524399091236182	0.8870533243594011	-0.3021258454462882	1.2709491646058606	0.8848886699820764	2.1369881138757143	0.9383655560833972	0.790719656849949	0.8197466167415097	0.4844116595797861	1.5109383919288957	M	False
41	K	G	G41K	0.5472240874500285	1.4901187177447044	-0.903791502821554	0.6899237644001083	0.5557847057395131	3.3716984492017574	0.9584930369524264	1.4126383497754036	1.0186714025973664	-0.1069338692107228	1.9637415774706353	M	False
41	L	G	G41L	-0.2902522404305417	-0.2117086139460458	-0.1177405605479025	-1.7439030596611942	-0.0210702711133105	-0.8648788143545942	-0.5415922600089315	0.6591894848406517	-0.2509804271882938	-0.9308218101045485	-0.4429745427339523	M	False
41	M	G	G41M	-1.8087857351722436	0.6265334468259828	1.250612544633949	0.8363383284047916	1.0378168469307985	2.001594858897806	0.6573517150868474	1.2975763295531215	-0.5911261441731304	1.0434754365193704	1.5197058529143024	M	False
41	N	G	G41N	0.0115393099929657	-2.200975572351083	-0.7499164967199144	-3.386791039236878	-0.1556704268837966	-0.7247972497625176	-1.2011019124935374	1.3244504091256015	-1.0947181311790586	-2.068353767978396	-0.4402338383231571	M	False
41	P	G	G41P	0.3602652190257355	0.8197975953140114	0.0399163048114736	1.3754222194671344	1.828277635297857	1.1080236123252547	0.9219504310402444	0.6581183133669617	0.5900314071698735	0.707669262139304	1.4681506238115558	M	False
41	Q	G	G41Q	1.1917140553409151	-0.3813051261858367	0.320527642406324	0.4120939070841205	1.2854533651018345	0.9129000944054554	0.6235639896921354	0.6310182227998771	0.4052044645775392	0.3663107747452223	1.099176729753645	M	False
41	R	G	G41R	-0.1195287771466265	-0.1561019860869592	1.1202427205336871	-0.9532104645980816	0.5215888110834126	-0.464974382429679	-0.0086640131073744	0.7334868198923535	-0.1378153816167929	0.0835161279678028	0.0283072143268667	M	False
41	S	G	G41S	0.720749237133971	0.0217200514284806	0.1359957108518319	-0.4103932106132143	1.7497582884974123	-0.1658993979804918	0.3419884465529982	0.7866776642452815	0.3712346442812258	-0.1371987498806912	0.7919294452584602	M	False
41	T	G	G41T	1.7768152952770502	1.0535151233559172	1.7375947592872445	-0.1935926777559626	0.6365841010366108	0.2732979895881214	0.8807024317981635	0.7936990424093544	1.4151652093164837	0.7720010407656409	0.4549410453123661	M	False
41	V	G	G41V	-0.0759802139325633	0.8682301818292264	1.437736057055623	0.5252547456361057	-0.0436301237128052	0.1779651874700119	0.481595972390933	0.5906845640486926	0.3961249839483315	0.9814954013458644	0.0671675318786033	M	False
41	W	G	G41W	-1.2176786706659104	0.2691006979920556	0.0945325166381124	-0.2387060019710138	-1.9356420347273664	-2.201038628159376	-0.8715720201489164	1.0634404444206416	-0.4742889863369274	-0.0720867426664506	-2.0683403314433715	M	False
41	Y	G	G41Y	-2.148346396046791	-1.4849734264992964	0.671610041625597	0.1259869518231194	1.3122385825968728	1.376945799315262	-0.0244230745308727	1.476607055878365	-1.8166599112730435	0.3987984967243582	1.3445921909560674	M	False
45	A	K	K45A	-0.2328533670827027	2.190857433694237	-0.0747688087472222	0.4737775196714932	0.1940713462419268	-1.508233165010121	0.1738084931279351	1.201274915413685	0.9790020333057672	0.1995043554621354	-0.6570809093840971	M	False
45	C	K	K45C	0.6284100323613759	1.115469885249638	0.5566770611031787	0.8515250588316413	-0.8353572360552086	-0.940535468548071	0.229364888823759	0.8877990398647538	0.871939958805507	0.70410105996741	-0.8879463523016398	M	False
45	D	K	K45D	-0.2762102214058853	1.9101736920200405	-0.1022565643177788	1.2424144902891192	0.553221354900618	-0.7010395390810525	0.4377172020675102	0.9926769867060686	0.8169817353070776	0.5700789629856702	-0.0739090920902172	M	False
45	E	K	K45E	1.859705681962664	1.4059149295669189	0.740121685030867	0.8244271472995747	-0.0041512087423932	-0.0660690267175898	0.7933248680666736	0.7603628756887356	1.6328103057647914	0.7822744161652209	-0.0351101177299915	M	False
45	F	K	K45F	3.441509119906438	1.8346308005967835	-0.4209247325413457	1.1320672737061612	0.1644765981545663	1.3626746532955918	1.2524056188530326	1.352140887394946	2.638069960251611	0.3555712705824078	0.7635756257250791	M	False
45	G	K	K45G	2.564758655929603	2.2095868565410393	0.1103729549982796	-1.1387176571786806	-1.2741251558548263	-1.314576084245742	0.1928832616982788	1.7831097896609196	2.387172756235321	-0.5141723510902005	-1.294350620050284	M	False
45	H	K	K45H	0.3066893212846886	-1.8583489894001743	0.0268584600395317	2.09175659028347	1.092183077634456	1.0017997992553545	0.4434897098495544	1.3371652323082008	-0.7758298340577429	1.0593075251615007	1.0469914384449053	M	False
45	I	K	K45I	0.2238490440115559	0.1774598768614395	-0.0050590886406728	-1.693644283484733	-0.0030359567897047	-0.0741294850086019	-0.2290933155084528	0.7267267533366705	0.2006544604364977	-0.849351686062703	-0.0385827208991533	M	False
45	K	K	K45K	1.3012727928580048	0.8877705571563598	0.7133914011113462	1.045708960538345	-0.0486485996520499	0.9529812312574312	0.8087460572115728	0.4626015062581245	1.0945216750071822	0.8795501808248456	0.4521663158026906	S	False
45	L	K	K45L	-0.8130922400251235	0.265707355801733	-0.6882383522668363	-1.9522620528419408	-0.4493276906121213	1.0289664492342647	-0.4347077551183373	1.014254492250763	-0.2736924421116952	-1.3202502025543883	0.2898193793110717	M	False
45	M	K	K45M	0.1801647295282346	0.1880549826189677	0.1938493760425606	-1.475535813241607	-0.7647879346564496	-0.4385651590924275	-0.3528033031334535	0.6801509365661498	0.1841098560736012	-0.6408432185995232	-0.6016765468744385	M	False
45	N	K	K45N	1.1444106640491791	0.8681011339390075	-0.0027759468255746	1.184155697496096	-0.8906985971305337	1.1318111548257217	0.572500684392316	0.84537637154928	1.0062558989940933	0.5906898753352607	0.120556278847594	M	False
45	P	K	K45P	0.1986146604287515	0.2077166002415909	-0.5167306940475614	1.0351946490538235	-0.0547262809152709	0.3560024454893768	0.204345230041785	0.5099849820780903	0.2031656303351712	0.259231977503131	0.1506380822870529	M	False
45	Q	K	K45Q	3.0752266562567243	1.8458138793067196	0.5068598826774521	2.6090176200482724	-0.5810500509799409	0.9083307190109696	1.394033117720033	1.3733638704891544	2.460520267781722	1.5579387513628622	0.1636403340155143	M	False
45	R	K	K45R	0.6013780239203942	0.4760073478759392	0.3344272533538929	0.8441854819831052	-0.5745126255283617	-0.1305352769514619	0.2584917007755846	0.5213301636898291	0.5386926858981667	0.5893063676684991	-0.3525239512399118	M	False
45	S	K	K45S	-0.8352617086093751	0.6879250864548277	-0.1918573944588329	-2.6219880452929543	-0.6325627322223994	-1.7108126723896142	-0.8840929110863913	1.1592952664025618	-0.0736683110772736	-1.4069227198758936	-1.1716877023060068	M	False
45	T	K	K45T	0.0264617992966758	4.409312425728091	-0.6938421609366943	9.280105911065538	-2.323155436983793	1.975756323095276	2.112439810210849	4.208818634283151	2.2178871125123836	4.293131875064422	-0.1736995569442585	M	False
45	V	K	K45V	-1.3896590896544418	0.8075923482990965	0.5039937951173614	1.0028623501714091	0.7473463743318055	-2.6879516053593497	-0.1693026378490198	1.5135871671154963	-0.2910333706776726	0.7534280726443853	-0.9703026155137722	M	False
45	W	K	K45W	-0.2511157971663129	0.9818431267576276	0.3293402928028498	-1.206918911991661	-1.2629700152385064	-1.5948523400875725	-0.5007789408205959	1.0223662082045006	0.3653636647956574	-0.4387893095944056	-1.4289111776630394	M	False
45	Y	K	K45Y	-0.641117339352636	-0.8584759084064688	0.7212145636586572	-0.134355713841376	0.9754900148347636	-0.8533966244219104	-0.1317735012548284	0.8076998534885825	-0.7497966238795524	0.2934294249086406	0.0610466952064265	M	False
46	A	R	R46A	1.0506212508385475	-0.6677473547055095	0.4223589452604899	-1.3249920197787712	-2.087766988571795	-0.8592181000369461	-0.577790711165664	1.1469661355152592	0.191436948066519	-0.4513165372591406	-1.4734925443043705	M	False
46	C	R	R46C	0.2226463488371338	1.4415095660441748	0.7483663854490253	3.0112070269035853	-0.3390001812079697	1.1733505093953107	1.043013275903543	1.159254381909507	0.8320779574406543	1.8797867061763056	0.4171751640936705	M	False
46	D	R	R46D	1.3862414705474997	1.968902736334483	-0.7709917854184652	-1.8471375214920105	-0.1180693329035434	-1.1185865855946653	-0.0832735030877836	1.4851369105401069	1.6775721034409914	-1.309064653455238	-0.6183279592491043	M	False
46	E	R	R46E	0.6313408318817919	1.4340295725490264	1.1227125534078168	1.1928133724230754	1.0910758022486784	3.3692315949709792	1.473533954580228	0.9646422481889708	1.0326852022154092	1.157762962915446	2.2301536986098287	M	False
46	F	R	R46F	1.4356001324875265	3.1508843142004497	1.1576475730845963	1.4841309592576732	0.7112899626240912	1.1288080041904895	1.5113934909741378	0.8492457269211013	2.293242223343988	1.320889266171135	0.9200489834072904	M	False
46	G	R	R46G	0.7688635007635137	2.6290674769046056	0.9193913363587974	-0.637589208224711	0.2861278146656564	0.6460745714096034	0.7686559153129109	1.0685726264521638	1.6989654888340595	0.1409010640670432	0.4661011930376299	M	False
46	H	R	R46H	-0.0841969640606961	0.3843642552585982	1.4391781303658144	-1.2239066216129626	0.55359843581834	-1.9895720030315815	-0.1534224612104146	1.2528083167502742	0.150083645598951	0.1076357543764259	-0.7179867836066207	M	False
46	I	R	R46I	0.8833646984246418	1.7120491926376122	0.2549532098856042	1.3889138294138936	-0.2723688217750211	0.8877178245098986	0.8091049888494383	0.7266155525920844	1.297706945531127	0.8219335196497489	0.3076745013674387	M	False
46	K	R	R46K	-0.6517130573442972	-0.4027043956764549	0.2431176760200896	0.3978353579482195	-0.2064649027442575	0.6271813878392432	0.0012086776737571	0.4980472667818242	-0.527208726510376	0.3204765169841546	0.2103582425474928	M	False
46	L	R	R46L	0.8997979829350833	2.684430595709032	0.6247919914283216	1.1423013852916104	-2.2877695416366097	2.4925756653637743	0.926021346515202	1.7895670559472072	1.7921142893220576	0.8835466883599661	0.1024030618635822	M	False
46	M	R	R46M	0.1164972065774927	1.442159764040851	-0.6957158737663911	1.2035129809660408	-0.0624333679078416	-0.96517675713615	0.1731406587956669	0.9779016748219634	0.7793284853091719	0.2538985535998248	-0.5138050625219959	M	False
46	N	R	R46N	0.4747230906467368	1.8084253942105013	0.0273973631935718	3.113238638786495	-0.042069527108465	0.8693110776325156	1.0418376728935592	1.2193184187574533	1.141574242428619	1.5703180009900335	0.4136207752620253	M	False
46	P	R	R46P	-0.5063744431967709	-0.5702171941994238	-1.0877601534487669	3.244727824918503	-0.4880854838713015	0.0395589249143705	0.1053082458527684	1.5790058215696037	-0.5382958186980974	1.078483835734868	-0.2242632794784654	M	False
46	Q	R	R46Q	0.6094083351866029	1.3858840182823249	1.1485216548683328	2.2908512324519923	0.0085054810209921	1.0424968926297673	1.080944602406669	0.7662087320790631	0.997646176734464	1.7196864436601629	0.5255011868253797	M	False
46	R	R	R46R	-0.0389187831531411	0.235623669782527	0.191810722742575	-0.259389100988715	0.4564018462513617	0.4918152764350402	0.1795572718449413	0.2890838192209336	0.0983524433146929	-0.0337891891230699	0.474108561343201	S	False
46	S	R	R46S	-0.4051661238166721	-0.1757705851698306	0.0413293910361711	-0.8536202950570014	-0.4645521173243965	-1.6492141251027186	-0.5844989759057414	0.6018824131565795	-0.2904683544932513	-0.4061454520104151	-1.0568831212135574	M	False
46	T	R	R46T	-0.2400241215702427	0.6715497969652414	0.1250184988667605	0.2061737287992605	-1.463333824245762	-1.5021034449201771	-0.3671198943508198	0.9116717040359824	0.2157628376974993	0.1655961138330106	-1.4827186345829697	M	False
46	V	R	R46V	-0.0876268913090586	-0.7972916859197102	-1.414549510754122	-0.6885482026337447	-2.2206998263943776	-0.6979362302251635	-0.984442057872696	0.7378708774303575	-0.4424592886143844	-1.0515488566939333	-1.4593180283097706	M	False
46	W	R	R46W	0.504205537667699	-3.459188455291592	0.2838379511202285	2.900590627323895	-2.1662007605577456	-4.070143511524129	-1.0011497685436073	2.6817489348694132	-1.4774914588119463	1.5922142892220617	-3.118172136040937	M	False
46	Y	R	R46Y	0.1521603978940252	-0.3357018389360849	0.0860419528798614	1.801352633809241	-0.1808672926577607	-0.5365837919657896	0.1644003435039153	0.8422105848334737	-0.0917707205210298	0.9436972933445512	-0.3587255423117752	M	False
32	A	V	V32A	0.0422983147882369	-0.1716309132834525	0.43962080572486	-0.2526327652139396	0.0183907505631811	0.0375404538883489	0.0189311077445391	0.2399721938292275	-0.0646662992476077	0.0934940202554602	0.027965602225765	M	False
32	C	V	V32C	-0.5852313937770748	0.6262332427141155	-0.6547279320566072	0.796256931993038	-0.3873072082645942	-0.9830571632860629	-0.1979722537795309	0.7319300247383016	0.0205009244685203	0.0707644999682154	-0.6851821857753285	M	False
32	D	V	V32D	0.3547355361940248	0.0220513267529294	0.1868508604708779	-1.7569220255212326	1.8176130322600623	1.2652196445256327	0.3149247291137158	1.2294262225413826	0.1883934314734771	-0.7850355825251774	1.5414163383928474	M	False
32	E	V	V32E	1.0791181986378549	1.0251484639760056	1.0713861917262757	1.2411003226733457	0.9493832625502304	1.8508643442506387	1.2028334639690583	0.3316025302531414	1.0521333313069303	1.1562432571998107	1.4001238034004346	M	False
32	F	V	V32F	0.5457907697589914	1.2620663243607506	0.9488219166560636	-0.1130215858970437	0.546284991844215	0.7211874982082657	0.6518549858218737	0.4632029888690824	0.903928547059871	0.4179001653795099	0.6337362450262403	M	False
32	G	V	V32G	0.6306864683050286	0.8247188451421659	1.1074145623165157	0.8568226896610998	1.0916490603985172	0.2405222241975966	0.7919689750034873	0.3239438829112034	0.7277026567235972	0.9821186259888076	0.6660856422980569	M	False
32	H	V	V32H	0.5352771574158014	0.4906106865571222	0.4448697345606053	0.4824681418734333	0.7870557061486761	0.0967459513787439	0.4728378963223971	0.2214802366640637	0.5129439219864618	0.4636689382170194	0.44190082876371	M	False
32	I	V	V32I	0.2030468735259009	0.9914857515370208	0.3442820877222972	0.5230092211050641	-0.0426841785564751	1.0234138265036337	0.5070922636395736	0.4295772912890376	0.5972663125314609	0.4336456544136806	0.4903648239735793	M	False
32	K	V	V32K	0.0869702931620488	0.1341519014986421	-1.0406563874199624	-0.4600259542233295	0.9386414215777468	0.4853183998360522	0.0240666124051996	0.6976039874212866	0.1105610973303454	-0.7503411708216459	0.7119799107068995	M	False
32	L	V	V32L	-0.5782369572602949	-0.1467440425204516	0.1631957247352128	0.3426407745516464	0.2925581388472487	-0.6294442155958084	-0.0926717628737412	0.4313210611741835	-0.3624904998903733	0.2529182496434295	-0.1684430383742798	M	False
32	M	V	V32M	-0.182863077264675	0.134333382895375	-0.3131805124594819	-0.0603034985221132	0.2690813066657332	-0.2238939877848728	-0.0628043977450057	0.224530541892049	-0.0242648471846499	-0.1867420054907975	0.0225936594404302	M	False
32	N	V	V32N	0.8307793983195344	0.7689248914290591	0.0165300113279549	0.6636075321324569	2.1493378073903378	0.3351002185442664	0.7940466431906016	0.7308861515559225	0.7998521448742968	0.3400687717302059	1.242219012967302	M	False
32	P	V	V32P	0.9602663069798396	1.554157108300835	0.9090370043580565	1.866517892929124	1.5581048189163185	1.1632685025354748	1.335225272336608	0.3825383865503496	1.2572117076403373	1.38777744864359	1.3606866607258965	M	False
32	Q	V	V32Q	1.020437252008118	1.9630083828811624	0.8140687064717764	0.2784005443549316	1.816691138000293	0.4057449877013356	1.049725168569603	0.7054596979649538	1.4917228174446402	0.5462346254133541	1.1112180628508144	M	False
32	R	V	V32R	0.3187894540886945	-0.2274906329816002	-0.047791835035285	-1.1280703297384798	1.2882725955494403	-0.5548485070914181	-0.0585232092014413	0.8216031624377687	0.0456494105535471	-0.5879310823868824	0.3667120442290111	M	False
32	S	V	V32S	-0.5784343311169909	-0.7271454485261809	0.249074893919057	-1.2774494286651297	0.5942989859394113	-0.2246175005536133	-0.3273788048339077	0.6808560992487994	-0.6527898898215859	-0.5141872673730363	0.184840742692899	M	False
32	T	V	V32T	-0.6222467298142915	-0.4669113395308771	0.0906254455082295	0.4428925273754015	-0.8157964462554553	0.2699105322762929	-0.1835876684067833	0.5187895332668347	-0.5445790346725843	0.2667589864418155	-0.2729429569895812	M	False
32	V	V	V32V	0.4883371915240829	0.2949332253146636	0.0575117505130607	-0.2488757069812457	0.2171354194509394	0.2305104771362275	0.1732587261596214	0.2493499116902225	0.3916352084193732	-0.0956819782340924	0.2238229482935834	S	False
32	W	V	V32W	-0.880517814818453	1.4546341205994815	1.1074709445991215	0.2970079313300386	0.9433041845351344	0.4480007216139855	0.5616500146432181	0.8250818927676081	0.2870581528905142	0.7022394379645801	0.69565245307456	M	False
32	Y	V	V32Y	-1.841785275134841	-1.9032061036412744	-0.9042796754786234	-3.3875258652802573	-1.444817499590774	-0.7417828508868709	-1.7038995450021068	0.9513692385515388	-1.8724956893880575	-2.14590277037944	-1.0933001752388225	M	False
67	A	S	S67A	-0.7632183224560793	0.4019166442819903	-0.0635563314383326	0.7045701847994335	-0.4988133702368288	-0.3901101731386364	-0.1015352280314089	0.5627862932912837	-0.1806508390870445	0.3205069266805504	-0.4444617716877326	M	False
67	C	S	S67C	0.766060350171793	1.49741020331187	1.296100022821285	-0.2514329798976544	2.26696999435847	1.0201731803416747	1.0992134618512397	0.8369545333583591	1.1317352767418314	0.5223335214618152	1.6435715873500722	M	False
67	D	S	S67D	0.5309269556738833	0.8722727346510355	1.5223174103738493	0.3171079926752636	1.1582924778115018	0.6384216751283001	0.8398898743856389	0.4421503422316437	0.7015998451624594	0.9197127015245564	0.8983570764699009	M	False
67	E	S	S67E	-0.9986050654020844	0.0951960874794264	-0.0755455599993749	0.527024376266264	-0.1394375361141855	-2.2830649047524023	-0.4790721004203928	1.014347466888443	-0.451704488961329	0.2257394081334445	-1.211251220433294	M	False
67	F	S	S67F	0.7737478141628016	0.8305860690528748	-0.3602774839633894	-1.2477531827713255	2.232745428018402	0.0448517096907044	0.3789833923650113	1.1916912453032191	0.8021669416078382	-0.8040153333673574	1.1387985688545532	M	False
67	G	S	S67G	-0.3096899791703938	-0.3376461060326219	0.4584788749922339	0.7774323398307996	1.1261444021935698	0.4478949248969305	0.3604357427850863	0.5854646408152427	-0.3236680426015079	0.6179556074115168	0.7870196635452502	M	False
67	H	S	S67H	0.5908760354225002	0.817261755459749	1.3618225816075653	1.0295454428779447	0.9708094300171166	0.0335814262654537	0.8006494452750549	0.4536380242407952	0.7040688954411246	1.195684012242755	0.5021954281412851	M	False
67	I	S	S67I	-0.6144001433547873	1.722853524028674	1.5076363422570942	-0.3537051883088845	1.7237073008254613	0.8118538841512564	0.7996576199331357	1.052363647754054	0.5542266903369433	0.5769655769741049	1.267780592488359	M	False
67	K	S	S67K	0.0876172441719224	0.6837082109149306	0.8033631837029314	0.4497808025789325	1.9708470194018193	0.5019532576439694	0.7495449530690843	0.6462380522938973	0.3856627275434265	0.6265719931409319	1.2364001385228942	M	False
67	L	S	S67L	-0.5662811632528999	-0.3642902628173227	-1.1724855006788897	-1.4527573635361228	-0.8117679464456529	-0.2005737492626425	-0.7613593309989217	0.4816215942883657	-0.4652857130351113	-1.3126214321075065	-0.5061708478541477	M	False
67	M	S	S67M	-1.5180310755355928	-1.0798922085242293	-1.6574224781541536	-1.642398546008427	-1.1278619376650516	-1.455339856029085	-1.41349101698609	0.2519735302457128	-1.298961642029911	-1.6499105120812902	-1.2916008968470685	M	False
67	N	S	S67N	1.3397242347869442	0.618270508680358	1.6422350706145403	0.6182753282912715	1.0547082419275309	0.6803681389869094	0.9922635872145924	0.4299088221881247	0.9789973717336512	1.130255199452906	0.8675381904572201	M	False
67	P	S	S67P	0.0877584285012062	0.2567907929489193	0.7838318726132257	-0.4885521474855458	0.4048950116576119	-0.2444265142488488	0.1333829073310947	0.456871305725785	0.1722746107250627	0.1476398625638399	0.0802342487043815	M	False
67	Q	S	S67Q	-0.3220977039988407	-0.0467682458064106	0.2263907846033106	0.2132872815594094	0.4157906477810504	0.2209918093198647	0.1179324289097306	0.261131900541776	-0.1844329749026256	0.21983903308136	0.3183912285504576	M	False
67	R	S	S67R	0.1564093883905079	0.9376964956584448	1.3068210469820425	0.8405561055700629	1.3825620883881635	0.7463423531390575	0.8950645796880465	0.4426546409239877	0.5470529420244763	1.0736885762760526	1.0644522207636105	M	False
67	S	S	S67S	0.7007163407961702	0.2168839125170708	0.8515873194746362	0.0025814747641248	0.4023798902413918	0.5622327084574256	0.4560636077084699	0.3141021354092	0.4588001266566205	0.4270843971193805	0.4823062993494087	S	False
67	T	S	S67T	-0.4289743196767699	-0.4776781412247001	0.2018561154077131	-0.2692288752834817	0.0758057081863617	-0.1527305116303186	-0.1751583373701992	0.2721822579944079	-0.453326230450735	-0.0336863799378843	-0.0384624017219784	M	False
67	V	S	S67V	-0.5422233565395895	-0.0592443621949686	0.4108892036950836	-0.5217860427337907	0.0524363631802129	-0.6684176515864283	-0.2213909743632467	0.4228604079108738	-0.3007338593672791	-0.0554484195193535	-0.3079906442031077	M	False
67	W	S	S67W	-1.0887931473311363	0.6286859219736948	-0.7176529516701875	1.1159865427456208	-0.0707714850404918	-0.49213251117471	-0.1041129384162016	0.8394443658479626	-0.2300536126787207	0.1991667955377166	-0.2814519981076009	M	False
67	Y	S	S67Y	1.2004060858949732	1.0621887366391682	1.2004124226025987	0.7393432526236455	1.4689230499451509	0.8892869332209827	1.0934267468210863	0.2576478158691944	1.1312974112670706	0.969877837613122	1.179104991583067	M	False
112	A	I	I112A	0.1834767762445573	-0.915673827113251	0.4127766193265959	-0.3116389789292668	1.1525292929900937	-1.0111343998757982	-0.0816107528928448	0.8307081715762891	-0.3660985254343468	0.0505688201986645	0.0706974465571477	M	False
112	C	I	I112C	1.1842840571376985	-0.4688355782073922	0.901611266968992	-0.0083759150977953	-1.2467164235523034	3.51281184773905	0.6457965424980416	1.6629575119418465	0.3577242394651531	0.4466176759355983	1.1330477120933735	M	False
112	D	I	I112D	0.7089480867006641	0.2563616625782019	-0.5397749606570762	-0.0897983909750753	-0.923272142478156	2.6122727404476835	0.3374561659360403	1.2538652070173406	0.482654874639433	-0.3147866758160758	0.8445002989847638	M	False
112	E	I	I112E	1.3733869788542896	0.7288893717981255	3.053803220924936	0.9804578319266212	0.6998063765805208	0.0385517190671316	1.1458159165252708	1.0313422026363948	1.0511381753262077	2.0171305264257784	0.3691790478238262	M	False
112	F	I	I112F	0.6573769982805931	-0.9021055021318126	-1.2916258122037907	-0.1775468331606952	-0.6002510631624034	-0.4170348532359755	-0.455197844269014	0.6688419715657187	-0.1223642519256097	-0.7345863226822429	-0.5086429581991895	M	False
112	G	I	I112G	-0.2666486081864561	0.2077088497137761	1.2395701940388044	0.2050956705764815	0.6599488862731808	-0.0429803120656628	0.3337824467250206	0.5406955623645965	-0.0294698792363399	0.722332932307643	0.3084842871037589	M	False
112	H	I	I112H	0.940280519469468	-0.0369611470885109	0.3398866470595972	2.406037750708528	-0.2759657668387199	-2.494401228052285	0.1464794625430129	1.6099373506858043	0.4516596861904785	1.3729621988840628	-1.3851834974455024	M	False
112	I	I	I112I	-0.0231504645653914	-0.0286078252650261	-0.1310195756156656	0.595951983517642	-0.3234503316382532	0.8748650029192432	0.1607647982254247	0.4666082330624103	-0.0258791449152088	0.2324662039509882	0.275707335640495	S	False
112	K	I	I112K	-0.1621367702731885	0.858399332934925	1.7263903603360435	0.0930071014192856	1.123226663728551	-0.2015328327615609	0.5728923092306759	0.7855229821171509	0.3481312813308682	0.9096987308776646	0.460846915483495	M	False
112	L	I	I112L	-0.7235463031969634	1.016105918784807	0.3990791355946523	-2.3441112458439566	-0.542680045774312	-0.1221544116107009	-0.3862178253410789	1.1510473718408816	0.1462798077939217	-0.972516055124652	-0.3324172286925064	M	False
112	M	I	I112M	1.6835761292108702	0.7199059219402538	0.9126685895198754	0.5828754630793167	-3.2929850840151125	0.8694410478087689	0.2459136779239954	1.775513343023342	1.201741025575562	0.747772026299596	-1.2117720181031717	M	False
112	N	I	I112N	0.0673027875565679	0.5059549074877611	1.9361299480528211	0.6075438304426253	0.0656022944347704	0.1445209053483483	0.5545091122204824	0.7153371981358551	0.2866288475221645	1.2718368892477232	0.1050615998915594	M	False
112	P	I	I112P	-0.7836702266721435	1.6271059284176164	0.4541388596484112	0.6030094172583126	2.763198787768999	0.1137841887754864	0.7962611591994471	1.2389914098212764	0.4217178508727364	0.5285741384533619	1.4384914882722428	M	False
112	Q	I	I112Q	-0.5586804093812962	0.3908072201338526	-1.7184980508422898	0.2018820917408423	-0.5055500571816982	-0.8254486104685873	-0.5025813026665295	0.7589814868559885	-0.0839365946237217	-0.7583079795507237	-0.6654993338251427	M	False
112	R	I	I112R	-0.1630200399828288	-0.7312518123521933	0.3460639882873211	-0.4183994694456031	1.477039612079023	0.8564436842607983	0.2278126604744195	0.8318501423756831	-0.447135926167511	-0.036167740579141	1.1667416481699109	M	False
112	S	I	I112S	-1.0512363949448391	0.9173402229595728	-0.3524002405170461	-0.9831003321540814	-0.7846463155644628	-0.1127221489467448	-0.3944608681946002	0.7391972807694993	-0.0669480859926331	-0.6677502863355638	-0.4486842322556038	M	False
112	T	I	I112T	0.3718145300060316	0.249215492428365	0.4170390890586967	-0.1759942150471742	-0.2961543937754186	-0.6431542990252561	-0.0128722993924592	0.4255844622822024	0.3105150112171983	0.1205224370057612	-0.4696543464003373	M	False
112	V	I	I112V	0.9115130212233992	0.1102749958314181	1.6088633687592315	-0.1700131230832066	1.2448177946535888	1.113455944134474	0.8031520002531509	0.6898404210064862	0.5108940085274086	0.7194251228380125	1.1791368693940314	M	False
112	W	I	I112W	-0.2924247529416373	0.7533379482570441	0.1526191391167027	-0.3458113733669606	0.6649027331652471	1.3488792533535838	0.3802504912639967	0.6618061160265973	0.2304565976577034	-0.0965961171251289	1.0068909932594154	M	False
112	Y	I	I112Y	1.228990320217087	-0.2704025168891604	0.5854374707113515	-0.4492383182813433	1.6345242736852907	0.447028095269611	0.5293898874521394	0.814624898792041	0.4792939016639633	0.0680995762150041	1.0407761844774508	M	False
83	A	T	T83A	-0.127008183905055	-0.5072827536500429	0.0220557660838106	-0.3643263893509477	0.1562369476345995	-0.3998716826652655	-0.2033660493088168	0.2618579355526745	-0.317145468777549	-0.1711353116335685	-0.1218173675153329	M	False
83	C	T	T83C	1.40502934872524	-0.0412981914485617	0.6062681127484233	1.212712006636504	0.5019028105728932	0.6626902347009006	0.7245507203225666	0.5206278416453098	0.6818655786383392	0.9094900596924635	0.5822965226368969	M	False
83	D	T	T83D	1.9697459475410348	1.2911950494916242	0.109469127629041	1.380441332046923	1.2729359230730994	1.3469295221413595	1.2284528169871805	0.6074030910847977	1.6304704985163294	0.7449552298379821	1.3099327226072297	M	False
83	E	T	T83E	3.001783729876442	1.3321715454356915	2.1492309830138923	0.2871014223143005	0.8440034395197722	0.7654708034440816	1.3966269872673631	1.0081560732274206	2.1669776376560668	1.2181662026640965	0.8047371214819269	M	False
83	F	T	T83F	-0.6747300855942293	-0.694938521657043	0.6728482960178123	0.1723090276764471	-0.0923855264679753	-0.2967982522758348	-0.1522825103834705	0.5249952338839569	-0.6848343036256361	0.4225786618471296	-0.194591889371905	M	False
83	G	T	T83G	-0.2410490426576724	0.7202640897144204	1.2063000810725522	-0.584217672172941	0.8300144920824504	0.4294214941497209	0.3934555736980884	0.6808580351047132	0.2396075235283739	0.3110412044498056	0.6297179931160857	M	False
83	H	T	T83H	1.2878848302866464	0.7565330550256736	0.7788757903021023	-0.2899094275340717	1.5517356038136931	-0.1580965209913961	0.6545038884837746	0.7462319245611437	1.02220894265616	0.2444831813840153	0.6968195414111485	M	False
83	I	T	T83I	-2.442441691809124	-0.4114905352751069	-0.5221557806952064	-0.7943167387386773	0.192923649628226	0.0561580750190362	-0.6535538369784754	0.9503693151888134	-1.4269661135421154	-0.6582362597169418	0.1245408623236311	M	False
83	K	T	T83K	0.7086233030032417	-0.3592725384329725	1.0513200406432288	0.074954628044163	0.363046315047743	0.5728431850151396	0.4019191555534239	0.4965548635222466	0.1746753822851346	0.563137334343696	0.4679447500314413	M	False
83	L	T	T83L	2.247707360603779	2.0064642858892174	1.513127323209709	1.0115743800794463	1.120393012640582	1.4306934819189248	1.5549933073902764	0.4868395131757612	2.127085823246498	1.2623508516445776	1.2755432472797534	M	False
83	M	T	T83M	-1.7444425773016077	-0.9330438358369244	-0.1005008871799062	-1.6758986145151071	0.0003094631319297627	-0.6401202807882173	-0.8489494554149721	0.7507130346678563	-1.3387432065692662	-0.8881997508475067	-0.3199054088281437	M	False
83	N	T	T83N	-2.049824661943642	-0.847998745661507	0.1376594478616282	-0.0757901604109335	-0.4334799501165248	-1.1475044750929118	-0.7361564242273152	0.7998363571732586	-1.4489117038025747	0.0309346437253473	-0.7904922126047182	M	False
83	P	T	T83P	0.1469480375678165	-1.360868435153981	1.1030669901707848	-0.1889385521615895	1.981447256076927	-0.8715123582955215	0.1350238230340727	1.2411518527075576	-0.6069601987930823	0.4570642190045976	0.5549674488907027	M	False
83	Q	T	T83Q	-1.33194221240944	-0.61431777138003	1.3716967034774563	-1.1214634908160503	0.1853027019828886	-1.5510893370144507	-0.5103022343599377	1.1107163084605665	-0.9731299918947348	0.1251166063307029	-0.6828933175157811	M	False
83	R	T	T83R	3.5244860309855235	1.6765697428566138	1.5015900893656091	0.3400083360046121	1.7250681881922212	0.6823937409301022	1.575019354722447	1.1100154967728617	2.6005278869210686	0.9207992126851106	1.2037309645611618	M	False
83	S	T	T83S	0.5416617265517848	-0.4962241668250529	1.9526913103419008	0.7211727671330558	0.8366467593945756	-0.164293584786208	0.5652758019683427	0.8581933525206342	0.0227187798633659	1.3369320387374783	0.3361765873041837	M	False
83	T	T	T83T	-0.1371193186116359	-0.1757086540000599	0.3692127523483475	-0.593018744616818	-0.3045241878145845	-0.8395933533287978	-0.2801252510039248	0.415811392101885	-0.1564139863058479	-0.1119029961342352	-0.5720587705716912	S	False
83	V	T	T83V	-2.070403742338229	-1.6002428822078087	-0.5072722227637547	-1.2625832864251154	0.1058663523843289	-0.6064513490247031	-0.9901811883958804	0.7993783596864755	-1.8353233122730188	-0.8849277545944351	-0.2502924983201871	M	False
83	W	T	T83W	-0.2240805656862358	0.3714300034473903	-0.932538927769454	-0.0625232006071106	0.1321513535645507	-0.1278052344541138	-0.1405610952508288	0.4420325732370613	0.0736747188805772	-0.4975310641882823	0.0021730595552184	M	False
83	Y	T	T83Y	0.9261496105733016	1.300588374832973	0.2685520908370671	-0.1774426157838084	0.8710743712097442	-0.6817531569812523	0.4178614457813375	0.7521699448016319	1.1133689927031374	0.0455547375266293	0.0946606071142459	M	False
140	A	H	H140A	-1.5389895835064893	-0.4895438322040932	-0.8738332035132588	-0.0649532220245267	1.18371360422102	-0.643655271471868	-0.4045435847498693	0.9175491729539024	-1.0142667078552914	-0.4693932127688928	0.2700291663745759	M	False
140	C	H	H140C	-0.0843549445630324	0.2798119618228803	-0.2727320555930734	-0.2226379641146733	0.7557584823194593	0.0119954874677218	0.077973494556547	0.3857969694183179	0.0977285086299239	-0.2476850098538733	0.3838769848935905	M	False
140	D	H	H140D	-1.343425054705507	-0.0457193526661876	-0.1638622089467457	0.2357929267551483	0.8750031130738614	-0.4304319006097691	-0.1454404128498666	0.7366566162682888	-0.6945722036858474	0.0359653589042013	0.2222856062320461	M	False
140	E	H	H140E	0.8828881846147256	0.5905186726911027	0.3158811746023692	0.930316136915699	0.8663825911552469	0.7168812197133348	0.7171446632820797	0.2333373306583509	0.7367034286529142	0.6230986557590341	0.7916319054342909	M	False
140	F	H	H140F	-0.0589281135453947	0.1017049514022361	-0.0890228089475548	0.3809297835061805	0.9821873668746416	0.3493275704758827	0.2776997916276652	0.3977103744443087	0.0213884189284206	0.1459534872793128	0.6657574686752621	M	False
140	G	H	H140G	-1.9371359521629263	-0.4369743177404006	0.1857051831971199	-0.5898862638153023	0.5037403838382041	-0.1428681243803056	-0.4029031818439351	0.851595479375591	-1.1870551349516634	-0.2020905403090911	0.1804361297289492	M	False
140	H	H	H140H	-0.4167612161844411	0.6993846262481651	1.0068737468158129	0.6360124740837807	-0.546270683767467	1.3837771644144814	0.4605026852683886	0.7774329473115072	0.141311705031862	0.8214431104497968	0.4187532403235072	S	False
140	I	H	H140I	-0.685474409249362	-1.0404938327704023	0.0902890868426352	-0.5884943600300789	-0.2640788748703991	0.2889616454881825	-0.3665484574315708	0.5008133719465491	-0.8629841210098821	-0.2491026365937218	0.0124413853088917	M	False
140	K	H	H140K	1.0257670478179517	0.3139909357337702	0.511784455208484	1.1301089031284766	0.6028437768485516	1.963737652170065	0.9247054618178832	0.5965002673554968	0.669878991775861	0.8209466791684803	1.2832907145093082	M	False
140	L	H	H140L	0.2370650463057308	0.6812813158698396	0.3638202924493792	0.7621391529923347	0.3371772870687483	0.1786013985927068	0.4266807488797899	0.2395051460665117	0.4591731810877852	0.562979722720857	0.2578893428307275	M	False
140	M	H	H140M	0.7815368320608319	-0.2066023085712091	0.5084133103633139	0.5593593392112857	0.4858384391516216	0.6760139255041755	0.4674265896200033	0.3484133793706065	0.2874672617448114	0.5338863247872998	0.5809261823278986	M	False
140	N	H	H140N	2.5099594491260917	0.7515725359673291	-0.2608660486144651	0.8290952916340317	-0.0321248108960421	2.1665943593590336	0.9940384627626632	1.1301943319429009	1.6307659925467104	0.2841146215097833	1.0672347742314956	M	False
140	P	H	H140P	-0.4721899009075767	0.0351421937611124	0.4608331900294289	1.8655704818012873	-0.1116869516133182	-0.4002796421564006	0.2295648951524221	0.8687250714086607	-0.2185238535732321	1.1632018359153582	-0.2559832968848594	M	False
140	Q	H	H140Q	-1.5467413248444843	0.1730584301956378	0.2611876185765429	1.305009001250569	-0.4423669945704079	-2.400751229588474	-0.4417674164967694	1.3402962160860252	-0.6868414473244233	0.783098309913556	-1.421559112079441	M	False
140	R	H	H140R	-0.1307082887662684	0.194896477827826	0.2976343964148767	0.3323632131092962	0.5549232184201126	0.8791341291010024	0.3547071910178075	0.3405977922162547	0.0320940945307787	0.3149988047620864	0.7170286737605576	M	False
140	S	H	H140S	0.5961726853284012	-0.5758658609218036	0.9469633463561472	1.0869537071671709	-0.6008621313396816	-0.029856827654872	0.2372508198225603	0.7469203871056395	0.0101534122032987	1.016958526761659	-0.3153594794972768	M	False
140	T	H	H140T	-1.0169851472801932	-0.1802884576431763	-0.280735473995793	-0.1854441849572795	-0.2804536907382267	1.1395715896363376	-0.1340558941630552	0.6999166312980181	-0.5986368024616848	-0.2330898294765362	0.4295589494490555	M	False
140	V	H	H140V	0.9734819030015656	-0.3060308893806459	-0.8469199980483441	0.9632923546639404	0.8513520240278237	4.1372834095449775	0.9620764673015528	1.730600766813342	0.3337255068104598	0.0581861783077981	2.494317716786401	M	False
140	W	H	H140W	0.6818378570480985	-0.0407050108477183	0.1383910204189287	0.7401415501606753	1.0242304952331018	0.0859637324238705	0.4383099407394927	0.4329585651699796	0.3205664231001901	0.439266285289802	0.5550971138284861	M	False
140	Y	H	H140Y	-0.0221205421640329	0.4956023266024255	0.2568433522043604	0.6290875105072581	1.3378229483635942	0.8936269420755878	0.5984770895981989	0.4789824589888868	0.2367408922191962	0.4429654313558092	1.115724945219591	M	False
81	A	Y	Y81A	-3.6818116460650105	-1.077301455013944	-0.4119277627654963	-4.396815084248427	-0.4327255670019046	0.6142342077766343	-1.564391217886358	2.0049238674636465	-2.379556550539477	-2.4043714235069618	0.0907543203873648	M	False
81	C	Y	Y81C	0.1603957522737263	-0.0040144170499907	0.445074582515525	0.2963271641500715	0.1719036069326006	0.9510951085164258	0.3367969662230597	0.3362093579555057	0.0781906676118678	0.3707008733327983	0.5614993577245132	M	False
81	D	Y	Y81D	1.283339751241677	0.0643100925199356	-0.0920326921673051	0.1100881384896873	1.2082551162153048	0.2035057384943065	0.4629110241322677	0.614371456638754	0.6738249218808063	0.009027723161191	0.7058804273548056	M	False
81	E	Y	Y81E	1.8215994342078092	1.3778491980877403	2.681312320209269	1.122330787241346	0.9417023917513974	1.260682197871342	1.5342460548948174	0.6353601062029608	1.5997243161477748	1.9018215537253071	1.1011922948113697	M	False
81	F	Y	Y81F	2.174315899464093	0.9490515512641888	0.424637997880689	1.0930893394757333	0.7935795531128935	0.177691407511966	0.935394291451594	0.6949932476621614	1.561683725364141	0.7588636686782112	0.4856354803124298	M	False
81	G	Y	Y81G	1.0774907545228551	0.7217033144302997	2.148865929228735	1.4117959542009415	1.2896052067483643	0.5432576624844397	1.1987864702692723	0.5706682166647645	0.8995970344765774	1.7803309417148383	0.916431434616402	M	False
81	H	Y	Y81H	1.161615333551615	-0.3889896584073014	0.1420090845205455	0.0219739037327705	0.1036103292156734	-0.1834024070756682	0.1428027642562725	0.5372761555080615	0.3863128375721568	0.081991494126658	-0.0398960389299974	M	False
81	I	Y	Y81I	0.6740751515447923	-1.8580035415446563	0.0712100916925461	-1.5442064278369148	-0.440457733218312	-1.7337835246563496	-0.8051943306698157	1.0588842905170577	-0.591964194999932	-0.7364981680721843	-1.0871206289373307	M	False
81	K	Y	Y81K	2.033423543390599	1.5359016263963403	0.4184097226355404	2.398117281212716	-0.1713889601978581	0.5017981235799764	1.1193768895028855	1.018134186756959	1.7846625848934696	1.408263501924128	0.1652045816910591	M	False
81	L	Y	Y81L	1.116562435264571	-0.1025242834379681	-0.631682436616525	-1.2490491305087048	0.90724569110969	-1.0154939307141406	-0.1624902758171796	0.991188525017946	0.5070190759133015	-0.9403657835626148	-0.0541241198022253	M	False
81	M	Y	Y81M	-2.0642966969812115	-1.5614106505030203	-1.8056610834173945	-2.5067898328562115	-0.7487766033735087	-1.297792932618934	-1.66412129995838	0.6120238522827954	-1.812853673742116	-2.156225458136803	-1.0232847679962214	M	False
81	N	Y	Y81N	1.1957654696213686	0.9522808331679996	1.467862368180186	0.820304230997299	0.6589469026015952	0.5865086988759671	0.9469447505740692	0.3353177947369523	1.074023151394684	1.1440832995887424	0.6227278007387811	M	False
81	P	Y	Y81P	1.5519281513207523	1.4874767946133096	-0.4753719084296364	1.155686362769124	1.1979992623808753	0.2012378619686501	0.8531594207705125	0.8113039563625303	1.519702472967031	0.3401572271697438	0.6996185621747627	M	False
81	Q	Y	Y81Q	0.5295600021828228	0.313495454697771	-0.3485881962118773	-1.121418239357297	0.2004680132761776	0.7723780451453678	0.0576491799554941	0.6891473710900644	0.4215277284402969	-0.7350032177845871	0.4864230292107727	M	False
81	R	Y	Y81R	0.1521131710193006	-0.6969769256428717	-0.0545331519933487	0.1675278436056394	0.6387662469890008	-0.2669911788058512	-0.0100156658046884	0.4513666849046582	-0.2724318773117855	0.0564973458061453	0.1858875340915747	M	False
81	S	Y	Y81S	0.0930528967895255	-0.2816768904229229	0.4793701378931838	-2.1752650271458607	0.9345918964257528	0.7727203370151923	-0.0295344415741881	1.1414814420124249	-0.0943119968166986	-0.8479474446263384	0.8536561167204726	M	False
81	T	Y	Y81T	0.4231335628465298	1.2152073435862858	1.3892977807573246	1.5612352290805984	1.0337012250504012	2.8962313870011824	1.4198010880537204	0.8228071895581777	0.8191704532164078	1.4752665049189615	1.964966306025792	M	False
81	V	Y	Y81V	-1.9905538496813868	-1.946492757422508	-1.5585745679122898	-2.8385974245987917	-0.3761472151191702	-1.1257025018858833	-1.6393447194366717	0.8392752708362362	-1.9685233035519472	-2.1985859962555407	-0.7509248585025268	M	False
81	W	Y	Y81W	2.0174050137980535	1.3202618565691804	1.663007731597502	2.436206656762949	1.502312629196097	0.948100657945196	1.6478824243114962	0.5246810720290935	1.668833435183617	2.0496071941802256	1.2252066435706466	M	False
81	Y	Y	Y81Y	-0.6408080177587494	-0.0056533176474963	-0.07012685604088	-1.0481550766382504	-0.4432653065601951	-0.5211696581645248	-0.4548630388016826	0.3849450237186761	-0.3232306677031228	-0.5591409663395652	-0.4822174823623599	S	False
147	A	C	C147A	0.544836076066346	-0.2361432753392653	3.4205000706991324	-0.0318832134651659	0.3220884399408033	-0.8034985275175316	0.5359832617307199	1.488565065756838	0.1543464003635403	1.6943084286169832	-0.2407050437883641	M	False
147	C	C	C147C	-0.302141591352736	-0.4385128135357025	1.2987484916387964	-0.6466427658520063	-0.494288097693331	-0.0811657574900634	-0.1106670890475071	0.7163662354052818	-0.3703272024442192	0.326052862893395	-0.2877269275916972	S	False
147	D	C	C147D	1.0478977535569567	0.8027796297975959	2.383663057367124	0.3704315557882376	1.5764997035002553	2.26898190984661	1.4083756016427966	0.8116788964904124	0.9253386916772764	1.3770473065776807	1.9227408066734328	M	False
147	E	C	C147E	-0.5783970581122151	-0.7839881060192777	0.0294023802350952	0.5875496095324094	0.5966266662360268	0.8548294904756577	0.1176704970579494	0.6780675943033015	-0.6811925820657464	0.3084759948837523	0.7257280783558422	M	False
147	F	C	C147F	0.1762081026032305	-0.2749292414743912	-1.381652727513896	-0.1699111105469561	-0.2905722203878871	-0.0697455214647265	-0.3351004531307711	0.5403725009786208	-0.0493605694355803	-0.775781919030426	-0.1801588709263068	M	False
147	G	C	C147G	-0.4162475575069573	-0.169659630101004	0.463551853007242	0.5313516931551748	0.3014355097603309	-1.3849802044970632	-0.1124247226970461	0.7255975448158555	-0.2929535938039807	0.4974517730812084	-0.5417723473683661	M	False
147	H	C	C147H	0.3415460562715895	0.4502553294641776	-0.7792090793063268	0.4721254950524516	0.3460102916777223	0.850669300721586	0.2802328989802	0.5516577485596443	0.3959006928678835	-0.1535417921269375	0.5983397961996542	M	False
147	I	C	C147I	0.3950633374813475	1.252030115753742	0.2236078171321507	1.1862284333425053	0.9870042520844028	1.626165979407436	0.9450166558669306	0.5368513966356769	0.8235467266175447	0.704918125237328	1.3065851157459194	M	False
147	K	C	C147K	-0.1454740548233136	-0.2443662404108041	0.353985683013273	0.1820122715768058	0.4113556745440477	1.4073664785894586	0.3274799687482446	0.5908886540306801	-0.1949201476170589	0.2679989772950394	0.9093610765667532	M	False
147	L	C	C147L	-3.9997736822294687	-0.8609850025859163	-0.3100451348885639	2.7900004065393236	0.5956702749447081	3.6538804810862744	0.3114578904777262	2.747484102926238	-2.4303793424076927	1.2399776358253798	2.124775378015491	M	False
147	M	C	C147M	0.1767666258497983	0.0619178163029755	-0.157075410608476	-0.0508559410642767	0.9755387653008224	-0.2750139647599691	0.121879648503479	0.4473298421637141	0.1193422210763869	-0.1039656758363763	0.3502624002704266	M	False
147	N	C	C147N	0.5764844829435654	-0.0492815079209793	0.7342121424406203	0.6469056119099839	0.6882927691298694	1.7815640980220986	0.7296962660875264	0.5908121687763109	0.263601487511293	0.6905588771753021	1.234928433575984	M	False
147	P	C	C147P	0.2528636447523075	0.2953800698676659	2.5749856546053627	1.216908975412057	0.2672887099419432	2.341112041114686	1.158089849282337	1.0740413617570006	0.2741218573099867	1.8959473150087096	1.3042003755283147	M	False
147	Q	C	C147Q	-0.1496027224681329	-1.4290909475305729	-2.9829910387292027	-1.3982009207400614	-0.1406241850391122	0.9473914527420686	-0.858853060294169	1.371819048844816	-0.7893468349993529	-2.190595979734632	0.4033836338514782	M	False
147	R	C	C147R	-0.7638352152588967	-0.1806433445149273	-0.1632831207996615	0.8984492147330607	0.0119685696473513	-1.759019771599737	-0.3260606112988017	0.8838947101408152	-0.472239279886912	0.3675830469666996	-0.8735256009761929	M	False
147	S	C	C147S	-2.242657960511436	0.279018427392961	-3.612861686798504	0.4823118918219951	0.4173107347904199	-2.4877076763249395	-1.1940977116049174	1.8000212222446907	-0.9818197665592376	-1.5652748974882549	-1.0351984707672597	M	False
147	T	C	C147T	1.4035460889111837	0.1069704022302879	0.7436264083370239	1.3591695670473265	0.1171394433535662	2.189009099105037	0.9865768348307375	0.8181913977574	0.7552582455707358	1.0513979876921753	1.1530742712293016	M	False
147	V	C	C147V	-0.6759411787795581	-0.2634655344072173	0.2078122637772317	-0.1833946699117608	0.1445977650486781	0.3902499065182034	-0.0633569079590705	0.387878595283724	-0.4697033565933877	0.0122087969327354	0.2674238357834407	M	False
147	W	C	C147W	-0.6934743949472715	-0.3941677682262395	1.438502802346772	0.1188785930407439	-0.3099147342528228	1.12457484747895	0.2140665575733553	0.8724065774465783	-0.5438210815867555	0.778690697693758	0.4073300566130636	M	False
147	Y	C	C147Y	-0.0038371353333664	0.0343304137741316	-0.1014464826927613	0.2377006959489697	0.8907262627056973	1.0411228901367733	0.3497661074232407	0.4921988375953762	0.0152466392203826	0.0681271066281042	0.9659245764212352	M	False
43	A	L	L43A	2.137997561432567	0.0642995204149937	1.6211120690058192	-1.364321037587218	3.38439608283698	1.748577384300185	1.265343596733888	1.6715045583265549	1.1011485409237805	0.1283955157093006	2.5664867335685826	M	False
43	C	L	L43C	1.7966840754005005	-0.5377704081796841	1.978770601814544	-2.552447132597426	0.0386196237553586	-0.5861665202150311	0.0229483733297103	1.6905450621471725	0.6294568336104082	-0.2868382653914409	-0.2737734482298362	M	False
43	D	L	L43D	-0.7936383756624509	-0.4939926924164552	0.4785987284210176	-2.0910999823023597	0.7315391156240493	-0.4930405509519966	-0.4436056262146993	1.0072903536946225	-0.6438155340394531	-0.8062506269406711	0.1192492823360263	M	False
43	E	L	L43E	-0.4998458756299284	0.4905426266063666	-0.1217663491502516	-1.3710641154198668	-0.876536404334311	1.0369359426277391	-0.223622362550042	0.8864121243892585	-0.0046516245117808	-0.7464152322850592	0.080199769146714	M	False
43	F	L	L43F	1.5695923309496709	0.7510354305433233	0.9101751804739916	0.5113635615264188	2.3320485008398855	1.4426869724973848	1.252816996138446	0.6663451373752703	1.160313880746497	0.7107693710002052	1.8873677366686352	M	False
43	G	L	L43G	1.6308725530732793	0.5541073058089426	0.2167895927164261	-0.0851884140444948	2.736301373407485	-0.1025669122040677	0.8250525831262617	1.1344275712593586	1.092489929441111	0.0658005893359656	1.3168672306017086	M	False
43	H	L	L43H	-1.986103404547013	-0.3906459114592044	-0.0831019577491613	-7.606059163801294	0.1904772275230179	-0.0687554803251272	-1.6573647817264638	3.017154741552271	-1.1883746580031087	-3.844580560775228	0.0608608735989453	M	False
43	I	L	L43I	-2.908398516133377	-0.5267102319839753	0.2245032841149003	-4.3445764304755015	1.469992305663757	-3.804256467524177	-1.6482410093897288	2.3662208595628096	-1.717554374058676	-2.0600365731803008	-1.16713208093021	M	False
43	K	L	L43K	1.383441514533455	0.7769608516762495	0.3498189631290048	0.892197244542768	0.5185768226039772	1.1267833192401069	0.8412964526209269	0.3815369082044145	1.0802011831048524	0.6210081038358864	0.8226800709220421	M	False
43	L	L	L43L	-0.0165654591825507	0.1012612567780779	0.1796964096151905	-0.2096220161331387	-0.0050580938583738	-0.6174835525971925	-0.0946285758963312	0.2878696106305909	0.0423478987977635	-0.014962803258974	-0.3112708232277831	S	False
43	M	L	L43M	0.887671630671886	0.4256856553130536	-0.5511693451477534	0.8553879262038963	-1.5100530537632504	1.642767086274556	0.2917149832587313	1.1378052107936452	0.6566786429924698	0.1521092905280714	0.0663570162556528	M	False
43	N	L	L43N	1.2027778260440445	0.7318657027587673	0.3575772486616803	-0.3781745675183552	1.71239975613488	1.496661033251938	0.8538511665554925	0.781167803160432	0.9673217644014058	-0.0102986594283374	1.604530394693409	M	False
43	P	L	L43P	1.2539659739615447	0.6703947246486901	0.6593734151641122	0.3735806501340071	1.50598267007368	0.9768053283039904	0.9066837937143374	0.4209216066513641	0.9621803493051174	0.5164770326490596	1.2413939991888352	M	False
43	Q	L	L43Q	0.371838178887389	0.1772658358699204	-0.131900988688321	-1.639941474362962	0.0084855916026584	-1.0063801540403663	-0.3701055017886135	0.7832620561451478	0.2745520073786547	-0.8859212315256415	-0.4989472812188539	M	False
43	R	L	L43R	-2.927187732112676	0.9723938978126334	1.0997747535615277	-1.747727071054618	-0.5390982385800224	-0.0116606038641443	-0.5255841657062166	1.5755229559786572	-0.9773969171500212	-0.3239761587465452	-0.2753794212220833	M	False
43	S	L	L43S	0.7313064104564344	-0.0090769354822618	0.63599504500812	-1.8826592085789553	0.0472436233876493	-1.5809909013177688	-0.3430303277544637	1.1206723165224346	0.3611147374870863	-0.6233320817854177	-0.7668736389650597	M	False
43	T	L	L43T	2.0816563961442416	1.311742037310013	0.4347726752587549	1.442684024883223	2.2795617199056957	1.7147004943909538	1.5441862246488136	0.6563319039651238	1.696699216727127	0.9387283500709888	1.9971311071483249	M	False
43	V	L	L43V	-0.129490180644028	0.5307047638492607	0.0979434272736468	0.35867560649389	-1.503143165740406	-0.0899193677824662	-0.1225381527583504	0.723061219402798	0.2006072916026163	0.2283095168837684	-0.7965312667614362	M	False
43	W	L	L43W	2.079264053861247	-0.1254491653753875	0.0640934612217037	-0.1065607854801646	2.0293081336182923	1.7011872047240553	0.9403071504282908	1.10105439060504	0.9769074442429296	-0.0212336621292304	1.8652476691711737	M	False
43	Y	L	L43Y	-0.1904218701484986	0.9882814092355092	0.8822798501202297	2.20739144019205	1.7615623765912498	0.3395634678186294	0.9981094456348616	0.8837449744285196	0.3989297695435053	1.5448356451561398	1.0505629222049395	M	False
211	A	K	K211A	1.577248208274647	-0.8544349649755592	2.887315636526684	2.4086143882829725	1.5436072710221846	-1.9364888559329736	0.937643613866326	1.90858298707774	0.3614066216495439	2.6479650124048284	-0.1964407924553944	M	False
211	C	K	K211C	-1.9478927092789988	-1.348521667783286	-3.746830604743288	-0.3554924694657003	-0.2372845484912324	-1.4936270883676754	-1.5216081813550302	1.27854513119327	-1.6482071885311425	-2.0511615371044942	-0.865455818429454	M	False
211	D	K	K211D	-1.189748483198178	1.1591548709555772	-0.6470414665914282	-1.5541123964068908	-0.5672015359293281	1.584058500735193	-0.2024817517391758	1.2789085366573003	-0.0152968061213003	-1.1005769314991596	0.5084284824029325	M	False
211	E	K	K211E	1.0981253512865397	1.0606467035905416	1.1729313140813158	1.9915055703468183	1.157429777610936	1.7938418254151922	1.3790800903885572	0.4047354275877858	1.0793860274385407	1.582218442214067	1.475635801513064	M	False
211	F	K	K211F	0.4947472894327713	-2.3310415817008607	0.6698387531296988	1.0252018914996597	0.6311866556691036	-0.8456443078938023	-0.0592852166439049	1.2861318033421925	-0.9181471461340448	0.8475203223146792	-0.1072288261123493	M	False
211	G	K	K211G	-0.2114223260885242	-1.5217205489848762	-0.7896193008387011	2.5259672436476603	1.79323208795049	2.350264678569708	0.6911169723759595	1.745732588282664	-0.8665714375367002	0.8681739714044796	2.071748383260099	M	False
211	H	K	K211H	-0.8791841314293707	-1.2292939013059576	0.0927402525431698	-2.708646301767681	0.4748263407726358	3.997728701188119	-0.041971506666514	2.272717270283762	-1.054239016367664	-1.3079530246122557	2.236277520980378	M	False
211	I	K	K211I	1.423684778042503	0.9224239473675374	2.027387988425382	0.8697755372830485	-0.1368859092282145	3.8759487166443862	1.4970558430891072	1.3666905171993875	1.1730543627050205	1.4485817628542152	1.869531403708086	M	False
211	K	K	K211K	0.3454657008723537	0.5961571612242541	0.3271791018458186	-0.4491954397908311	-0.1932629737851525	-0.0710132459080875	0.0925550507430592	0.3935905112662357	0.4708114310483039	-0.0610081689725062	-0.13213810984662	S	False
211	L	K	K211L	-0.9958627745216712	-3.312811542603138	-0.3243627830867948	-1.27111725194092	-4.087079088491311	0.0741943930422667	-1.652839841266928	1.6736699975791167	-2.1543371585624045	-0.7977400175138574	-2.0064423477245223	M	False
211	M	K	K211M	-0.6218112896825527	-1.3403947474033362	-0.4456423304244074	-0.4177278291826702	0.2775852076524641	1.1171316066950625	-0.2384765637242399	0.8414524502659815	-0.9811030185429443	-0.4316850798035387	0.6973584071737633	M	False
211	N	K	K211N	-0.1915387507569672	-0.0654970462298408	0.1906093196770364	0.9302012444248012	-0.5935956548284654	-0.2273214302431412	0.0071429470072371	0.5189042161923331	-0.128517898493404	0.5604052820509189	-0.4104585425358034	M	False
211	P	K	K211P	1.1719773428132476	0.6887776882360233	-0.570817049286211	1.3191300198583662	-0.1841260842750287	3.3481725871140213	0.9621857507434032	1.385874112849871	0.9303775155246354	0.3741564852860776	1.5820232514194963	M	False
211	Q	K	K211Q	1.6441062956314425	1.6609573366729853	1.009679167590892	0.4438663406129454	-0.1718231767719719	-2.510630677990798	0.3460258809575825	1.567974507380056	1.652531816152214	0.7267727541019188	-1.341226927381385	M	False
211	R	K	K211R	1.652318811327418	0.4506721072721006	-0.3188271928297452	0.7500187621466545	-0.3534439595636234	-1.947433726322781	0.0388841336716705	1.225217582379741	1.0514954592997594	0.2155957846584546	-1.1504388429432022	M	False
211	S	K	K211S	-0.018951669645942	-0.5984760718283045	-0.010553220596601	0.3942135382644828	0.9543529391272284	0.1520188564100342	0.1454340619551496	0.5140119308758735	-0.3087138707371233	0.1918301588339408	0.5531858977686313	M	False
211	T	K	K211T	-0.5647089443006026	0.1038130522357498	-2.1420933664237483	0.9036690435418236	0.8761621165784488	2.3184678324025407	0.249218289005702	1.5169146108652924	-0.2304479460324263	-0.6192121614409622	1.5973149744904949	M	False
211	V	K	K211V	2.4689484305489526	2.3016870193321353	1.0499137570948047	3.656540917959507	0.7245422512334423	-3.1142773748961163	1.1812258335454544	2.3544850006879474	2.3853177249405437	2.353227337527156	-1.194867561831337	M	False
211	W	K	K211W	0.8628092540479416	-0.3201790869718097	-0.0154656323220639	1.3574635333647511	-0.159749743639812	1.4380757718394093	0.5271590160530694	0.7894432245211	0.2713150835380659	0.6709989505213436	0.6391630140997986	M	False
211	Y	K	K211Y	0.4263581547668489	-0.3247460176028149	-0.2505954144457002	-0.8051330099565188	1.7620937882004988	-0.1537349184419539	0.1090404304200599	0.9006162921371035	0.0508060685820169	-0.5278642122011096	0.8041794348792725	M	False
94	A	S	S94A	0.2999210535683739	-2.6401141076600756	0.2869183549019795	0.3656106221794841	-1.9644082990210396	0.4388698062812253	-0.5355337616250088	1.386136834685242	-1.1700965270458508	0.3262644885407318	-0.7627692463699072	M	False
94	C	S	S94C	-1.1961253180338756	-1.3713378952046524	0.6787800728657964	-3.438391109272083	-0.7719850399916195	-1.1135463143077804	-1.2021009339907025	1.323648410264475	-1.283731606619264	-1.3798055182031432	-0.9427656771497	M	False
94	D	S	S94D	2.2797649999409395	1.398121100691447	0.3857297188641452	0.3619453416053012	0.5332747312731995	-0.5572019415025353	0.7336056584787495	0.9795565612250908	1.8389430503161932	0.3738375302347232	-0.0119636051146679	M	False
94	E	S	S94E	1.013711943319506	0.9230241006100204	1.3868990161960764	1.4515773086921238	0.4006776066444293	1.534789669058925	1.1184466074201802	0.429123746578795	0.9683680219647632	1.4192381624441	0.9677336378516772	M	False
94	F	S	S94F	-0.4230428849195362	-0.5639727298772416	0.3259418218941047	-2.0578520350586937	0.012350323524213	0.9987117501562396	-0.284643959046819	1.034356629199165	-0.4935078073983889	-0.8659551065822946	0.5055310368402263	M	False
94	G	S	S94G	0.47522412269535	0.2209236582011862	0.7276904845837607	0.6025916359864953	1.0728443772599283	0.1481502961178373	0.5412374291407597	0.3413535382854094	0.3480738904482681	0.665141060285128	0.6104973366888828	M	False
94	H	S	S94H	0.036091647354138	-1.2188474728605323	-0.3461871875509123	-2.272996958046684	0.1523101340067934	0.4086309240280997	-0.5401664855115162	1.0210534879030753	-0.5913779127531972	-1.309592072798798	0.2804705290174465	M	False
94	I	S	S94I	-0.5093527513375199	-0.7954590043417654	0.0375996411209279	2.734272800630211	-0.3234794392018055	-0.3093234005519947	0.1390429743863422	1.3003214183824132	-0.6524058778396427	1.3859362208755694	-0.3164014198769001	M	False
94	K	S	S94K	-2.9519109327764053	-1.6448643246392782	-1.2242288769918712	-1.5601900701024678	8.692751449205883	-1.3452370599815622	-0.005613302547617	4.306406568122636	-2.2983876287078417	-1.3922094735471695	3.67375719461216	M	False
94	L	S	S94L	0.581561696287692	0.109127843345548	0.2384906607762177	1.6234903428650922	-0.5995001624867724	0.364325708689513	0.3862493482462151	0.7265980861722644	0.34534476981662	0.930990501820655	-0.1175872268986296	M	False
94	M	S	S94M	-3.1963761513778723	0.0673504403538464	-0.4957532107390658	-0.2654599831986297	3.7949118083591498	-1.3405532021515247	-0.2393133831256827	2.297494721670326	-1.564512855512013	-0.3806065969688477	1.2271793031038123	M	False
94	N	S	S94N	1.0320132553571375	1.326612564518921	1.43292403741524	0.8556646210080235	1.205155889806954	0.7533102693996319	1.1009467729176514	0.2674919797497097	1.1793129099380293	1.144294329211632	0.979233079603293	M	False
94	P	S	S94P	-0.6868088004079482	-0.285934142466239	-0.0562723188778936	0.4507922944131968	0.0691932682187017	-1.8793219147410611	-0.3980586023102072	0.8180195096785623	-0.4863714714370936	0.1972599877676515	-0.9050643232611796	M	False
94	Q	S	S94Q	-0.567285857009339	0.803643097573167	0.4331044032092143	1.8108886547799787	0.9842524800221032	0.1388414943893537	0.6005740454940797	0.8072728678949943	0.118178620281914	1.1219965289945966	0.5615469872057285	M	False
94	R	S	S94R	1.0153402345187053	1.7772097040683783	0.2861545798643565	0.6286729860639804	1.1685020417219367	1.0055339811288668	0.9802355878943708	0.5055351724888641	1.396274969293542	0.4574137829641684	1.0870180114254018	M	False
94	S	S	S94S	-0.4556271330732995	-0.9659167613992709	-0.1699383580426245	-1.198057197441271	0.3773648918338789	-0.0926144308694749	-0.4174648314986769	0.5848301889240098	-0.7107719472362851	-0.6839977777419478	0.142375230482202	S	False
94	T	S	S94T	0.392906958312375	1.30905801854104	0.027755341621703	1.0425016760977075	-1.3000361889510768	-1.4440390735242885	0.0046911220162433	1.160241334907927	0.8509824884267074	0.5351285088597053	-1.3720376312376827	M	False
94	V	S	S94V	0.8772153744041762	-0.3348581926277412	0.8045593992970691	1.3080893655603154	-0.4065747730665856	-0.0449630822396238	0.367244681887935	0.7208554951110568	0.2711785908882175	1.0563243824286923	-0.2257689276531047	M	False
94	W	S	S94W	0.2312120277271596	-0.0252710363594418	0.3208936097981605	0.5490697766230951	-0.195565882728749	-1.0852956409460253	-0.0341595243143001	0.5775221830527824	0.1029704956838588	0.4349816932106278	-0.6404307618373871	M	False
94	Y	S	S94Y	1.5281518459901184	1.5163439306500155	1.373193101703188	0.9870250846478492	1.649942043436273	1.8651078803010432	1.486627314454748	0.2949563737482413	1.522247888320067	1.1801090931755187	1.757524961868658	M	False
113	A	S	S113A	0.5874851912462304	-0.8218220423048589	0.917755396709602	0.3436128710856098	-2.8793085608857276	0.0387918163146168	-0.3022475546390878	1.3946093489295146	-0.1171684255293142	0.6306841338976059	-1.4202583722855553	M	False
113	C	S	S113C	-0.4711078385724094	0.384715653385565	-0.003238662312635	-1.6919128067125735	-0.033115203907223	-0.890506921219932	-0.4508609632232013	0.7492627988222751	-0.0431960925934221	-0.8475757345126043	-0.4618110625635775	M	False
113	D	S	S113D	1.1772629257835658	0.4453320527602352	2.554066556008885	1.5623411141641863	-1.663523967325867	1.6514459463318818	0.9544874379538144	1.454423765717872	0.8112974892719005	2.0582038350865357	-0.0060390104969926	M	False
113	E	S	S113E	2.67717746456716	1.8625035202447928	1.853454178967965	2.092882813345202	3.769699944186757	1.9038792301003449	2.359932858568704	0.7578053330421524	2.2698404924059767	1.9731684961565836	2.836789587143551	M	False
113	F	S	S113F	-0.1313787654559428	0.1628386796815576	-0.3264453542171174	-0.6913821610239352	-0.2127886632342935	-1.0000563046626707	-0.366535428152067	0.4165705185531271	0.0157299571128074	-0.5089137576205263	-0.6064224839484822	M	False
113	G	S	S113G	0.0102422269514545	-0.2902619838883005	0.7895847930759585	-0.1577532325164657	2.245212672915206	-0.6669143920650321	0.3216850140788035	1.0580694129966268	-0.1400098784684229	0.3159157802797463	0.789149140425087	M	False
113	H	S	S113H	0.0728225019448358	0.008559902524494	-0.4514930689732475	0.7073421628077629	1.2774903577353656	-1.7890060245685309	-0.0290473614215533	1.0523323610108344	0.0406912022346649	0.1279245469172576	-0.2557578334165826	M	False
113	I	S	S113I	0.3760311306459712	-0.2024950061337955	0.6889148782680652	0.4794094136705709	-1.194943387723201	0.7556592148303859	0.1504293739263328	0.7416167883376619	0.0867680622560878	0.584162145969318	-0.2196420864464075	M	False
113	K	S	S113K	0.3972195509035791	0.4334072168861562	1.073867022024293	0.6972624072593907	2.9529500803695794	0.792976978827282	1.0579472093783802	0.9610622572917183	0.4153133838948676	0.8855647146418418	1.8729635295984308	M	False
113	L	S	S113L	-0.8869949183312248	-2.9447860077767825	-0.5648519650316314	-2.234342610161994	-3.3833059155790353	-1.9309203026300776	-1.9908669532517909	1.1102949192831295	-1.9158904630540037	-1.3995972875968128	-2.6571131091045563	M	False
113	M	S	S113M	-0.3989506531597109	0.0588407797612681	0.4174953293002287	-0.6262065883845562	1.8549518148602144	-1.1317150968119063	0.0290692642609229	1.043610661635877	-0.1700549366992214	-0.1043556295421637	0.361618359024154	M	False
113	N	S	S113N	1.0758050935254464	0.8799803247812478	1.3086596394894654	1.3819834344666746	0.8002545396952968	0.4624171200579889	0.98485002533602	0.3431762588600524	0.9778927091533473	1.34532153697807	0.6313358298766428	M	False
113	P	S	S113P	-0.0665942175514023	0.4534795930801872	-1.8763540949095616	0.4733750886151017	2.6121427308660756	-0.3864042870633739	0.2016074688395044	1.4617518042186846	0.1934426877643924	-0.7014895031472299	1.112869221901351	M	False
113	Q	S	S113Q	-0.2945762243737083	-0.5914815225219807	-0.5985098989367409	-1.802023122885103	-0.8219141405397663	0.0786638637553206	-0.6716401742503297	0.6351778796316974	-0.4430288734478445	-1.2002665109109218	-0.3716251383922228	M	False
113	R	S	S113R	0.638117775642658	0.9215962774357666	1.0753663495000887	0.6353161125247511	-0.6003511981063737	1.033929052292499	0.6173290615482316	0.6260084931525142	0.7798570265392123	0.8553412310124199	0.2167889270930628	M	False
113	S	S	S113S	-0.0001401226548410767	-0.195319857856977	-0.08253231747647	-0.2586038862561158	0.8695009514683492	-0.4155171969224103	-0.0137687382830775	0.4559356087303569	-0.097729990255909	-0.1705681018662929	0.2269918772729694	S	False
113	T	S	S113T	0.100850737478165	-0.2941934465341248	-0.0935985787194525	-0.1424989226040789	0.8275590003117319	-1.5453969683797122	-0.1912130297412452	0.7719479832906284	-0.0966713545279798	-0.1180487506617657	-0.3589189840339901	M	False
113	V	S	S113V	0.2941327805215266	-1.6607680249310643	1.3298987095370127	0.0163463730708475	-1.3784616102096157	1.4280055542768404	0.0048589637109245	1.3078820224659915	-0.6833176222047689	0.6731225413039301	0.0247719720336123	M	False
113	W	S	S113W	0.7187772513408242	1.4315657729042586	2.1675433430695503	0.4200070978532405	-0.0920867231590951	-0.2454558873388945	0.7333918091116473	0.925442455121596	1.0751715121225414	1.2937752204613957	-0.1687713052489948	M	False
113	Y	S	S113Y	1.6869012322265369	1.9390675663806591	1.331407924924921	1.1385929165689077	-1.305075644002622	-0.3425695803484629	0.7413874026249899	1.2804143357377256	1.812984399303598	1.2350004207469143	-0.8238226121755425	M	False
316	A	R	R316A	-0.1738031695751402	0.012122725428757	-0.6717179518385562	-0.5470784026002612	-0.7555606008258154	-0.5742650113425452	-0.4517170684589269	0.3023959499695008	-0.0808402220731916	-0.6093981772194087	-0.6649128060841802	M	False
316	C	R	R316C	-0.2411664740960291	-0.9723372785996596	-0.4494825692464633	-0.3791159006160981	3.3839024424100392	-0.0049608696939007	0.222806558359648	1.5812860761435408	-0.6067518763478443	-0.4142992349312807	1.6894707863580694	M	False
316	D	R	R316D	0.9782512262907994	0.9615366898587796	0.0673360518412437	-1.21942260145268	-1.5716596192816803	1.4672437622482626	0.1138809182507874	1.2584243265276174	0.9698939580747896	-0.5760432748057183	-0.0522079285167088	M	False
316	E	R	R316E	1.0476022998680503	-0.41765726034066	-0.5177594526462309	-1.5348571935073465	-2.332193054623323e-05	2.3259006474193	0.1505342864770944	1.3542245024255242	0.3149725197636951	-1.0263083230767889	1.1629386627443767	M	False
316	F	R	R316F	-0.6921161148425711	-0.6836760766793739	-0.2942480011395333	0.3017297035046218	0.6151907595633858	0.4252200027380313	-0.0546499544759065	0.5771329847852172	-0.6878960957609725	0.0037408511825442	0.5202053811507086	M	False
316	G	R	R316G	0.7622654897388621	-0.152051746485577	0.7106801327304926	0.2875882160012993	0.1136249040863626	-0.1855711877789504	0.2560893013820815	0.4112902980535602	0.3051068716266425	0.4991341743658959	-0.0359731418462938	M	False
316	H	R	R316H	-0.0972452588974804	-0.677625636912313	-0.0740831084364116	-0.5637229775449426	-0.5303808063288854	1.6416168855488908	-0.0502401504285237	0.8663683291646144	-0.3874354479048967	-0.3189030429906771	0.5556180396100028	M	False
316	I	R	R316I	0.4372723346745271	-1.125916900045407	-0.114594844508053	-0.5807246556507057	2.039222278329021	-0.0886345999968955	0.0944372688004144	1.088305312939999	-0.3443222826854399	-0.3476597500793794	0.9752938391660626	M	False
316	K	R	R316K	-0.9376327496069736	-2.3448590556038504	-0.8800736696758581	0.0617195597594628	-2.4724140104556787	2.4544263015026035	-0.6864722706800491	1.814686340391975	-1.641245902605412	-0.4091770549581977	-0.0089938544765375	M	False
316	L	R	R316L	1.6357654201105762	2.1874036683345346	0.5099972909006472	0.674632196044322	-0.573859818458405	2.344894495744599	1.1298055421127124	1.1264786783620295	1.9115845442225552	0.5923147434724846	0.8855173386430971	M	False
316	M	R	R316M	-1.5213888466668937	-1.8541778708980563	-0.594558010164253	-0.5627847704528773	-0.917170584818543	0.9282156174128056	-0.7536440775979696	0.9713635019774112	-1.6877833587824749	-0.5786713903085652	0.0055225162971312	M	False
316	N	R	R316N	-0.4482358843295033	0.538660891260341	0.8496680228226576	-1.12802206291144	0.2937985872368359	2.352359229832357	0.4097047973185413	1.1914867953579056	0.0452125034654188	-0.1391770200443911	1.3230789085345964	M	False
316	P	R	R316P	0.9492099413432	2.1661523876555737	3.1435320775779294	0.7114213376631658	1.4798632952835604	2.3536601498510965	1.8006398648957542	0.922715325238328	1.5576811644993869	1.9274767076205477	1.9167617225673284	M	False
316	Q	R	R316Q	2.239102260395342	2.4773035625036597	3.4372774982053453	0.3892208869877718	-0.5787610667143106	0.9569930400337096	1.486856030235253	1.490190343209406	2.358202911449501	1.913249192596559	0.1891159866596994	M	False
316	R	R	R316R	0.5585489131417799	0.7366261372647317	0.0950671084782391	0.2374115824580381	-0.626733759585639	0.9640211705007578	0.3274901920429846	0.5654431954396412	0.6475875252032558	0.1662393454681386	0.1686437054575593	S	False
316	S	R	R316S	0.4212167085855393	-0.9948701403702034	1.205408060479361	-1.2810944433096578	1.1176249944789722	1.3344827456568114	0.3004613209201371	1.161866556129815	-0.286826715892332	-0.0378431914151483	1.2260538700678918	M	False
316	T	R	R316T	-0.0819838727054463	-2.416386816601816	-1.0657463105693483	-0.4805262876977477	0.7170374932172024	-0.6826419719180894	-0.6683746277125409	1.0499678361907816	-1.2491853446536312	-0.773136299133548	0.0171977606495565	M	False
316	V	R	R316V	0.024365124448138	1.0206931667221466	-1.4675664502336745	-0.0547210384282223	-1.4134821049973456	-0.0099226161586894	-0.3167723197746078	0.9586569544719976	0.5225291455851423	-0.7611437443309484	-0.7117023605780175	M	False
316	W	R	R316W	0.903026711556645	1.3162773500708271	2.2418418729714533	0.7156283623199267	0.6172556506216936	0.5623391888896938	1.0593948560717066	0.6402104928252143	1.109652030813736	1.47873511764569	0.5897974197556937	M	False
316	Y	R	R316Y	-0.7948171773132144	-1.960634286251127	0.8897178327288079	-2.199561521983215	0.0533624227220047	0.8025430321687695	-0.5348982829879957	1.3443002409001306	-1.3777257317821707	-0.6549218446272036	0.4279527274453871	M	False
380	A	N	N380A	-2.3506328646301493	-0.4511186557733878	1.2879327017670057	0.6059642425871435	5.527423808128115	0.4935808400550751	0.8521916786889671	2.6150945784201336	-1.4008757602017683	0.9469484721770748	3.010502324091595	M	False
380	C	N	N380C	-0.1376098462234751	-0.2144439684362327	0.7047890008102384	1.966046322234802	2.019468931817731	0.7986512884595994	0.8561502881104438	0.9741793586766312	-0.1760269073298539	1.3354176615225202	1.409060110138665	M	False
380	D	N	N380D	0.286377591731371	0.1422830241844277	0.0849584731012993	0.9540280803598848	0.2913285573193397	0.079500632124706	0.3064127264701715	0.3309091202866697	0.2143303079578993	0.5194932767305921	0.1854145947220228	M	False
380	E	N	N380E	0.193526926287318	-0.3525319824629419	-1.0162980153249468	0.6084706224231099	0.2300299754329621	-0.5845927285389783	-0.1535658670305794	0.6029920760540849	-0.0795025280878119	-0.2039136964509184	-0.177281376553008	M	False
380	F	N	N380F	-1.2462726176401056	-3.1970218697121813	-3.8474390349460976	1.8187363851357363	-1.2407016002445397	-0.0139728739658205	-1.2877786018955013	2.072391216744449	-2.221647243676143	-1.0143513249051803	-0.6273372371051801	M	False
380	G	N	N380G	0.5085733667106097	1.1382654760157822	-1.372043322896279	-1.2653836313636957	-1.6175136757375037	0.011842943859893	-0.4327098072351989	1.14289613355687	0.823419421363196	-1.318713477129987	-0.8028353659388053	M	False
380	H	N	N380H	0.5384118087728715	0.1279686943686798	-1.404415806093979	-0.1318322839190131	-0.6521341305631898	-2.0502540220597267	-0.595375956582393	0.97959298396972	0.3331902515707757	-0.7681240450064961	-1.3511940763114585	M	False
380	I	N	N380I	0.5294173409764912	-0.2990096023463842	1.4820975057267267	0.7346434052697525	0.9427980078937788	0.2558159680524503	0.6076271042621358	0.6074617879018963	0.1152038693150534	1.1083704554982396	0.5993069879731145	M	False
380	K	N	N380K	-1.2785595083840755	0.5755947616820731	-1.874911450450961	2.270724778992558	-0.2654188420397089	-0.8741379179947165	-0.2411180296991384	1.491525698808302	-0.3514823733510012	0.1979066642707985	-0.5697783800172127	M	False
380	L	N	N380L	1.2239191741679625	0.0324095519247277	0.077886647122509	0.6595882738723187	2.370896142171238	-0.1334800379802757	0.7052032918797467	0.9586706300930772	0.6281643630463452	0.3687374604974138	1.118708052095481	M	False
380	M	N	N380M	0.4113626242455359	0.6824830502034847	3.582938329592685	-3.327206368095191	-1.0875267045992565	1.3694826327657623	0.2719222606855034	2.33054921988464	0.5469228372245103	0.127865980748747	0.1409779640832529	M	False
380	N	N	N380N	-0.6977757997857439	0.1269086375492769	-0.2979813302948037	-0.211186967710569	0.5534656182774957	-0.5232263499422795	-0.1749660319844372	0.4544889453848643	-0.2854335811182334	-0.2545841490026864	0.0151196341676081	S	False
380	P	N	N380P	0.2724506711852537	0.061013508292344	0.4004147201827318	2.9463001082596505	0.3285582283866172	0.1989641044966201	0.7012835568005362	1.1059578431910602	0.1667320897387988	1.673357414221191	0.2637611664416187	M	False
380	Q	N	N380Q	1.2182227547533375	3.1738121988113024	-0.7855314126930425	0.1240376017625574	1.634773775187219	-0.2852040353560818	0.8466851470775486	1.4589151920953911	2.1960174767823197	-0.3307469054652425	0.6747848699155685	M	False
380	R	N	N380R	-0.994252181541225	-3.0787366178718067	-4.273436374878592	1.5650620647509688	-2.49533283971735	0.3234389930570257	-1.4922094927001632	2.197726007579516	-2.0364943997065157	-1.3541871550638118	-1.0859469233301622	M	False
380	S	N	N380S	0.2031694215307622	0.5270255004512037	-0.2252882754662467	0.7453880515569812	0.487176407288405	0.1963471285839258	0.3223030389908385	0.3400027645483681	0.3650974609909829	0.2600498880453672	0.3417617679361654	M	False
380	T	N	N380T	-0.6243878773196156	0.955704304631536	-1.3347597903212045	0.6715381588915748	2.09242859180694	-0.1073390738952548	0.2755307189656626	1.2222973584176795	0.1656582136559601	-0.3316108157148149	0.9925447589558424	M	False
380	V	N	N380V	1.0052383189418368	0.7248435117789569	-0.5489052590604397	0.5865355566998846	1.876021111490507	1.487753986375447	0.8552478710376987	0.8396900316642477	0.8650409153603968	0.0188151488197224	1.681887548932977	M	False
380	W	N	N380W	-0.0096934334669537	0.013501488285182	0.2153737899978539	1.45260605914839	2.8342510976281936	0.3616350429572705	0.8112790074249894	1.1288440022165525	0.0019040274091141	0.8339899245731219	1.597943070292732	M	False
380	Y	N	N380Y	-0.2216423250520637	0.1895302919000741	-1.6622259147381555	0.7906967001540797	0.1350131457336129	1.2333718710204922	0.0774572948363399	0.9976652987519566	-0.0160560165759948	-0.4357646072920379	0.6841925083770526	M	False
44	A	Y	Y44A	0.4448804548193988	-0.2210255783223617	-0.0198649587040595	-0.3593428518815037	-0.3473849156235341	-0.1394695717990305	-0.1070345702518484	0.2992264937542407	0.1119274382485185	-0.1896039052927816	-0.2434272437112823	M	False
44	C	Y	Y44C	0.6759641483629419	0.1702128923138325	0.6254627141440051	-0.3406434737218258	-0.0145621615486128	-0.3138983796484537	0.1337559566503145	0.4437435870440908	0.4230885203383872	0.1424096202110896	-0.1642302705985332	M	False
44	D	Y	Y44D	2.137607878791488	1.5907154288730152	1.22503065382523	1.6497677102728814	0.8822305131252629	0.6281048281039059	1.352242835498631	0.5520251545408135	1.8641616538322516	1.4373991820490557	0.7551676706145845	M	False
44	E	Y	Y44E	0.7992136958226675	0.7527542998319544	-0.2129061853601644	-0.7711337467908397	-0.0203540802453554	-1.2379267441530863	-0.1150587934824706	0.8122565633390183	0.775983997827311	-0.492019966075502	-0.6291404121992209	M	False
44	F	Y	Y44F	0.493025099861574	1.9875703554815605	0.8352597401509596	0.6335714726113464	-0.236748154128591	-0.3664738349875892	0.5577007798315434	0.8505002190207955	1.2402977276715672	0.734415606381153	-0.3016109945580901	M	False
44	G	Y	Y44G	0.0878010979918806	0.7087463156414894	-0.0274663138898339	-1.7493693496892195	-0.3407864623694158	-1.5054510114941213	-0.4710876206348701	0.9614629244880052	0.398273706816685	-0.8884178317895267	-0.9231187369317686	M	False
44	H	Y	Y44H	1.111453599147624	1.0644799591628382	0.820738672456578	0.3107450189281207	-0.0581995862299537	0.3011289356417739	0.5917244331844969	0.4757856913621825	1.0879667791552312	0.5657418456923494	0.12146467470591	M	False
44	I	Y	Y44I	-2.109494317176274	-0.6724567187767447	0.045652995104289	-0.8567578168124494	-0.2157576804444851	-0.8039675346392186	-0.7687968454574805	0.7463117446979668	-1.390975517976509	-0.4055524108540802	-0.5098626075418519	M	False
44	K	Y	Y44K	0.3710924759441687	-3.7619414375097726	0.1045320906964226	0.6903785478267855	1.120458847251332	-4.898531385863592	-1.0623351436091093	2.5790372050372907	-1.695424480782802	0.3974553192616041	-1.88903626930613	M	False
44	L	Y	Y44L	0.6244830295364912	0.2932448415427646	-0.1370075868209694	0.4452913541604449	0.2080403273072654	-0.7021088424950352	0.1219905205384935	0.4774881238513436	0.4588639355396279	0.1541418836697377	-0.2470342575938849	M	False
44	M	Y	Y44M	2.3060592186998585	2.4965105052899985	1.2933518776282842	1.5871647222955485	0.9730475405457296	1.509529939872882	1.6942773007220502	0.5906561577298216	2.4012848619949283	1.4402582999619162	1.2412887402093058	M	False
44	N	Y	Y44N	-0.6775447984585167	1.4979561510690311	0.176334439833034	0.0423145519007492	-1.060064634208519	0.9326159545475524	0.1519352774472218	0.9582095299668052	0.4102056763052572	0.1093244958668916	-0.0637243398304832	M	False
44	P	Y	Y44P	1.0352113580769238	1.6220362175315763	1.8564901451136324	0.9653356537410782	0.4821663220325394	1.7630785502307569	1.2873863744544178	0.5436618257270219	1.3286237878042502	1.4109128994273554	1.122622436131648	M	False
44	Q	Y	Y44Q	0.6186571450774475	1.1895839683507572	-0.5500958660652109	0.6213453544954259	-2.2146121205200124	-0.2756329664042437	-0.1017924141776393	1.2169496616825095	0.9041205567141024	0.0356247442151075	-1.245122543462128	M	False
44	R	Y	Y44R	0.3254176878770695	-0.1057987318728301	0.9196624111123792	1.2738463747521742	-3.243468706774391	-0.5881020561782802	-0.2364071701806464	1.6196405008371693	0.1098094780021197	1.0967543929322767	-1.9157853814763357	M	False
44	S	Y	Y44S	1.527335829342126	0.6552819942482959	-0.2315964353066827	0.3379653389883624	-2.9358567415153685	-0.5539402051885494	-0.2001350365719693	1.5241907405063249	1.091308911795211	0.0531844518408398	-1.744898473351959	M	False
44	T	Y	Y44T	-0.7199236585266742	-1.222017250757408	0.2053297399853376	0.2376310188586077	1.8598139851241455	-0.5823100336257225	-0.0369126998236189	1.0862838292616055	-0.9709704546420412	0.2214803794219727	0.6387519757492115	M	False
44	V	Y	Y44V	-0.3896647714143088	0.5605558745606571	-0.5214921728792966	-0.2489579919683813	6.25207323801962	-3.967351369601022	0.2808604677862114	3.3212948300315297	0.0854455515731741	-0.3852250824238389	1.142360934209299	M	False
44	W	Y	Y44W	0.0689849384999782	0.3605239161808449	0.4317674547687598	0.525759532175671	1.244917679032516	-1.5638931199401849	0.1780100667862642	0.9384070387043932	0.2147544273404115	0.4787634934722153	-0.1594877204538344	M	False
44	Y	Y	Y44Y	0.406419251622757	0.7385308968157118	0.3287994356817076	-0.1670172000966704	-0.1562560081185745	-1.207843209779708	-0.0095611389791294	0.6825483096289071	0.5724750742192344	0.0808911177925185	-0.6820496089491412	S	False
139	A	S	S139A	0.521008145276813	0.5920593129598872	1.5722143342660364	1.607908247774614	2.163371267740646	0.1906506459297402	1.1078686589912894	0.7786521278554105	0.5565337291183501	1.5900612910203251	1.177010956835193	M	False
139	C	S	S139C	1.5138280020934938	-0.8509571195231906	-0.3086380956154104	-0.4696487697372082	0.051257567505497	-0.1556551908053683	-0.0366356010136978	0.8185882424334952	0.3314354412851515	-0.3891434326763093	-0.0521988116499356	M	False
139	D	S	S139D	-0.2158176508714722	0.8451461053332799	0.196126655243611	0.3822389317370886	0.2916088461904373	0.382419219001569	0.3136203511057523	0.3425070201010091	0.3146642272309038	0.2891827934903498	0.3370140325960032	M	False
139	E	S	S139E	-0.940295221498704	-0.314501753498528	-0.027897053306756	0.399783992393892	0.6866075840777077	-0.3384827143302985	-0.0891308610271144	0.5800011384080844	-0.627398487498616	0.185943469543568	0.1740624348737046	M	False
139	F	S	S139F	1.7442003883084598	-0.2275991480258557	-0.1885724362942818	0.8095845801616761	1.0592115086213474	0.1846616604646239	0.563581092205995	0.7791418595880786	0.7583006201413021	0.3105060719336971	0.6219365845429856	M	False
139	G	S	S139G	-2.0721670332973003	-0.3184587118194074	-0.9060853243544984	-0.2011795644665249	-0.1036310756746009	-0.5563011875148471	-0.6929704828545299	0.734263967196731	-1.195312872558354	-0.5536324444105116	-0.329966131594724	M	False
139	H	S	S139H	2.70263156015614	1.8415899752207625	0.4068137546127611	1.9262827697735136	2.764730099587721	0.6128901832800359	1.709156390438489	1.0063604945864169	2.272110767688451	1.1665482621931371	1.6888101414338783	M	False
139	I	S	S139I	-0.1624449301148268	-0.3725663251544404	0.158710816519403	-0.0613816019639681	0.4837547467369725	-0.4526925887260881	-0.0677699804504913	0.3480067412207797	-0.2675056276346336	0.0486646072777174	0.0155310790054421	M	False
139	K	S	S139K	1.0574492545770438	0.2947759132577682	-0.3265747431039521	0.5097678858866624	0.4314519545772718	-1.5025945628377502	0.0773792837261739	0.8921459536909339	0.676112583917406	0.0915965713913551	-0.5355713041302392	M	False
139	L	S	S139L	-0.5580871769705625	-0.8874984037769634	-0.4972958524785924	-0.6208488689851804	0.267807017235628	-0.0822214210308636	-0.3963574510010891	0.416594955224067	-0.722792790373763	-0.5590723607318864	0.0927927981023821	M	False
139	M	S	S139M	0.3991517549497299	-0.2966105017618763	-0.2945891867063961	-0.0180189324276658	0.6564968979114337	-0.15812864146305	0.0480502317503625	0.3940932071669731	0.0512706265939267	-0.156304059567031	0.2491841282241918	M	False
139	N	S	S139N	-0.37396920361349	0.4374668260030023	-0.3239750776715865	0.2012798169337603	0.2213446766517033	-0.2031121066443986	-0.0068275113901682	0.3366517218249517	0.0317488111947561	-0.061347630368913	0.0091162850036523	M	False
139	P	S	S139P	0.5486151576675651	0.5586158183322895	0.7322800785991769	0.4067495055909234	0.5036644586397485	0.4006595705305045	0.5250974315600346	0.1221078212844907	0.5536154879999273	0.5695147920950502	0.4521620145851265	M	False
139	Q	S	S139Q	-0.6681064190096974	-1.461355003187141	0.3057552455171156	-0.4366384833026688	0.2550811171528808	-0.47557435755723	-0.4134729833977901	0.6529229610940107	-1.0647307110984192	-0.0654416188927766	-0.1102466202021745	M	False
139	R	S	S139R	-0.2094106466800207	-0.7235239540130121	-0.2167462700602912	-0.2213098245067257	0.1083404497096121	-0.5684255916228851	-0.3051793061955538	0.2964238747661613	-0.4664673003465164	-0.2190280472835084	-0.2300425709566365	M	False
139	S	S	S139S	0.4921761017078683	0.1230501645470368	-0.0244620396762129	0.4452196397048988	0.7734074981701742	0.4616142696647007	0.3785009390197443	0.2856104704671875	0.3076131331274526	0.2103788000143429	0.6175108839174375	S	False
139	T	S	S139T	1.5955149616882351	-0.6521040530050566	-0.6244695600946317	1.34885069060344	-0.6251182309821817	-0.3816376590854144	0.1101726915207318	1.0624368291564206	0.4717054543415893	0.3621905652544042	-0.5033779450337981	M	False
139	V	S	S139V	-0.073410658127197	-1.0689236007128764	-0.0492977305494256	-0.2221657899011506	0.3403943997295441	0.1375112971074778	-0.1559820137422713	0.4875592406795769	-0.5711671294200368	-0.1357317602252881	0.238952848418511	M	False
139	W	S	S139W	0.2568641426959638	0.4143743220332981	0.1772271201687946	0.7826236874232214	-0.3880873625454066	0.6681295453733193	0.3185219091915318	0.4171009962493089	0.335619232364631	0.479925403796008	0.1400210914139563	M	False
139	Y	S	S139Y	2.2198172595395076	0.1974993243745859	-0.6337742246543592	0.7106309096587148	-0.7722019751938045	1.608505291329285	0.5550794308423216	1.200680375615311	1.2086582919570468	0.0384283425021778	0.4181516580677402	M	False
141	A	H	H141A	-3.759659521663358	-0.6064425785821902	0.4276759034996752	-0.0062462612867912	-0.1070743422908793	0.3110801359410572	-0.6234444440637477	1.5787270778013591	-2.1830510501227742	0.210714821106442	0.1020028968250889	M	False
141	C	H	H141C	1.1692136832710296	0.3099872206265589	0.1892166267966205	0.2090222767605676	0.1606069390081572	0.4466376785108465	0.4141140708289634	0.3844432288154814	0.7396004519487942	0.199119451778594	0.3036223087595018	M	False
141	D	H	H141D	-0.067770768703127	0.0995920935899378	0.5770464825895106	0.9908763628846786	0.1358485336249308	-1.2908062908329911	0.0741310688588233	0.7721390139229974	0.0159106624434054	0.7839614227370946	-0.5774788786040301	M	False
141	E	H	H141E	1.4410330842699297	0.1451829938713296	0.5564477530995907	-0.2138110757698629	0.5142729396342797	1.2643566443886871	0.6179137232489923	0.6364234273020924	0.7931080390706297	0.1713183386648638	0.8893147920114834	M	False
141	F	H	H141F	-0.1340264372266301	-0.0653979444280088	0.6517038735824245	-0.4666603062251068	0.6386211106043329	-2.036928891709655	-0.2354480992337738	0.9888408512449082	-0.0997121908273194	0.0925217836786588	-0.6991538905526611	M	False
141	G	H	H141G	0.3956566855381587	0.2523142487623668	0.919633809316161	0.8880923133259161	0.6847277844346055	0.2210940878818418	0.5602531548765083	0.3127536226309877	0.3239854671502628	0.9038630613210386	0.4529109361582236	M	False
141	H	H	H141H	-1.171455707974396	-0.0131164455336677	-0.0313764293841134	-0.4561513681109867	-0.186519722700916	-0.2780107596622975	-0.3561050722277296	0.4319152052165303	-0.5922860767540318	-0.2437638987475501	-0.2322652411816067	S	False
141	I	H	H141I	-1.6609501589777274	-0.1563527508421399	-0.1894290699401928	0.1183447479613609	0.3611962758424202	-1.6890174993872429	-0.5360347425572536	0.9046915338125728	-0.9086514549099336	-0.0355421609894159	-0.6639106117724114	M	False
141	K	H	H141K	-2.8075275476833466	-0.3535662487503467	-1.4735539159773967	-1.9933618867986445	0.4019692534287123	1.2796491552784677	-0.8243985317504258	1.5409968452065963	-1.580546898216847	-1.7334579013880207	0.84080920435359	M	False
141	L	H	H141L	0.6484981416274507	0.2578755858603518	1.1382649826718814	0.1410118721211045	-0.6457118017917854	0.3322580001542068	0.3120327967738683	0.5908863661310401	0.4531868637439012	0.639638427396493	-0.1567269008187893	M	False
141	M	H	H141M	0.3987010093385808	0.2117564384115381	0.1363603988473006	0.3896543165774575	0.5689680503003245	0.219771569293145	0.3208686304613911	0.160319709146876	0.3052287238750595	0.2630073577123791	0.3943698097967347	M	False
141	N	H	H141N	1.889236536228272	0.54508641131471	-0.7120041403926008	1.6502477950301602	-0.3844463873539804	1.4504891963566704	0.7397682351972052	1.101342566980327	1.2171614737714909	0.4691218273187796	0.5330214045013449	M	False
141	P	H	H141P	4.359270267548909	1.1365965022871878	2.7377342615319256	0.9783766028272068	0.3309235974823781	0.1435144533942248	1.6144026141786387	1.6272572359633652	2.7479333849180483	1.858055432179566	0.2372190254383014	M	False
141	Q	H	H141Q	-3.764236038842954	-0.0223978416068014	-0.237980679642777	1.1456873568361958	0.5902929047676935	-1.79557165626538	-0.6807009924590038	1.8072968313105031	-1.8933169402248775	0.4538533385967094	-0.6026393757488433	M	False
141	R	H	H141R	0.6021274346704817	0.3853628174466115	0.8106762998428215	-0.3069027654435798	0.5759268205464722	-0.0877888527020662	0.3299002923934568	0.4356238485144711	0.4937451260585466	0.2518867671996208	0.2440689839222029	M	False
141	S	H	H141S	-2.2462394725649446	0.551556555513451	-0.9543836800711374	-0.2498193118248168	0.2578180596302895	-1.3499928103291512	-0.6651767766077182	1.0542536862034655	-0.8473414585257468	-0.6021014959479771	-0.5460873753494309	M	False
141	T	H	H141T	0.7196782052292628	0.8412841311107352	1.9109480629673048	1.870469708374434	-0.4876498076208528	1.9374995225994625	1.1320383037767243	0.9673383632716416	0.780481168169999	1.8907088856708696	0.7249248574893048	M	False
141	V	H	H141V	-1.6215607205412306	0.0384189710926283	-0.3645972229365345	-0.8992449227974216	-0.0060292905243112	-0.3042346027909807	-0.5262079647496417	0.633045632916907	-0.7915708747243011	-0.6319210728669781	-0.1551319466576459	M	False
141	W	H	H141W	-0.3470926384708535	0.1456758705015518	0.4798043793510738	0.3900452515362772	0.445963572207672	0.9179874013403146	0.338730639411006	0.4188546287003519	-0.1007083839846508	0.4349248154436755	0.6819754867739933	M	False
141	Y	H	H141Y	1.494632631296849	0.2880775275810726	0.4802649978747008	0.6174783145050167	0.7911830420771251	0.9948209740072828	0.7777429145570078	0.4278281035732801	0.8913550794389608	0.5488716561898588	0.8930020080422039	M	False
95	A	E	E95A	-3.4986211366407254	-4.933938391463841	0.3079011072398838	-1.183133796731438	-0.3607110337424737	-0.8371739428999704	-1.7509461990397608	2.025576643341904	-4.216279764052283	-0.4376163447457771	-0.598942488321222	M	False
95	C	E	E95C	0.6800854688284838	-0.7871577013046792	1.0962123215006834	1.5980304427388143	1.316120331888631	0.850204374301548	0.7922492063255802	0.83983136615822	-0.0535361162380977	1.3471213821197487	1.0831623530950896	M	False
95	D	E	E95D	-0.3825338549442328	-0.3079041430407236	0.64700588619169	0.5270242758397683	-1.3089641280819675	-1.2500198503622628	-0.3458986357329548	0.8361303526681504	-0.3452189989924782	0.5870150810157291	-1.2794919892221153	M	False
95	E	E	E95E	-0.9303811538249642	0.1400121208700408	-0.1907695733022427	-0.2310545922239044	-0.6919532330168835	-0.7859040669635696	-0.4483417497435872	0.4160226608833757	-0.3951845164774616	-0.2109120827630736	-0.7389286499902266	S	False
95	F	E	E95F	0.2998264074859706	0.991792813996368	-0.8556298073089743	1.0635571827661048	0.0611347472934774	1.0471395368273757	0.4346368135100537	0.7620483997298849	0.6458096107411693	0.1039636877285652	0.5541371420604265	M	False
95	G	E	E95G	0.8325516497171699	-1.187842668969603	0.659101930814403	-1.0155666333112496	-1.1747302916049225	-1.3512704933003472	-0.5396260844424249	1.002860781522979	-0.1776455096262167	-0.1782323512484233	-1.2630003924526347	M	False
95	H	E	E95H	-1.156780662886688	0.1109470473180404	-1.3117465667846884	-0.5328234656073799	1.5558500796765238	0.1494800325693881	-0.1975122559524673	1.0548912601181435	-0.5229168077843237	-0.922285016196034	0.852665056122956	M	False
95	I	E	E95I	-0.8528167999108843	-1.687281471855289	0.657900836671646	-1.7230852625236277	0.6802586988304856	0.1964561238121384	-0.4547613124959218	1.1168322515181517	-1.2700491358830868	-0.5325922129259908	0.438357411321312	M	False
95	K	E	E95K	0.9355039027382516	-1.4445569828127125	0.6080875639817558	-0.8407183521240573	1.1689921119859714	0.4856001407153566	0.1521513974140943	1.0489938064485176	-0.2545265400372303	-0.1163153940711507	0.827296126350664	M	False
95	L	E	E95L	-0.5461511951486461	1.2199037712950187	0.9468497671090882	-0.3785966307360445	1.5177813004234484	0.6015136378213233	0.5602167751273647	0.8495561136330941	0.3368762880731863	0.2841265681865218	1.0596474691223858	M	False
95	M	E	E95M	-2.7297056345890014	0.0616465440424738	-1.67213501737631	-1.4251930995286095	-2.208645615212912	-0.8659897072013951	-1.473337088310959	0.9885367577385936	-1.3340295452732638	-1.5486640584524598	-1.5373176612071535	M	False
95	N	E	E95N	2.253434401388841	1.1195738719414112	0.911143247419794	-0.324628843279352	2.574006038482955	1.541301668999732	1.345805064158897	1.03932174575709	1.686504136665126	0.293257202070221	2.0576538537413436	M	False
95	P	E	E95P	-0.5816194799785048	-1.2168050224921196	-0.3206950285354167	-0.925924981780622	0.4726398059593393	-0.7899354342573441	-0.5603900235141114	0.5902952754703419	-0.8992122512353122	-0.6233100051580194	-0.1586478141490024	M	False
95	Q	E	E95Q	2.4226916483609107	2.684638035672611	1.2364789880869946	1.108858782365804	1.5420423889564412	1.317927678734062	1.718772920362804	0.6670697531600673	2.5536648420167607	1.1726688852263991	1.4299850338452516	M	False
95	R	E	E95R	-0.5593037571864174	-0.8839790891420354	1.402699553874859	-3.774930517704948	1.6404791138502708	1.539961412206259	-0.1058455473503353	2.112218708821793	-0.7216414231642264	-1.1861154819150446	1.590220263028265	M	False
95	S	E	E95S	-1.714721219531423	-2.334996741680638	0.9726963041619282	-0.6010341569354908	1.99984144738783	0.1449621378045382	-0.2555420381322092	1.6326927597606653	-2.02485898060603	0.1858310736132187	1.0724017925961842	M	False
95	T	E	E95T	1.6252656391664009	-0.8245012412043708	0.1525511835700089	1.0917997343749437	2.262280826957274	0.6566697307087186	0.8273443122621625	1.0935014611096383	0.400382198981015	0.6221754589724763	1.459475278832996	M	False
95	V	E	E95V	-0.3465100821951919	0.6672154862612047	-0.107931533647208	0.7807688539567406	0.5928661095462633	-0.4944763508571693	0.1819887471774398	0.562809492145311	0.1603527020330064	0.3364186601547662	0.049194879344547	M	False
95	W	E	E95W	1.6535239715749797	-0.0995349985086882	0.1197605071542528	-1.1740715516340705	2.6232737694113744	0.7252120969881556	0.6413606324976673	1.347313802892583	0.7769944865331457	-0.5271555222399088	1.674242933199765	M	False
95	Y	E	E95Y	2.919024702727895	1.2530057380822512	2.7763772232452495	-0.1913116044922643	1.061489297980179	3.3517795931145447	1.8617274917763091	1.3711753833337617	2.086015220405073	1.2925328093764925	2.206634445547362	M	False
76	A	T	T76A	-0.310585694383708	-0.7640665726924738	-0.5249395610287304	-0.8864390569423226	0.937745093824588	0.1551555931348445	-0.232188366347967	0.6814055238603145	-0.5373261335380909	-0.7056893089855265	0.5464503434797163	M	False
76	C	T	T76C	1.9442991760173025	0.938604863942026	1.0182699201006278	0.4604312621495757	2.535673467705076	1.5853620734394025	1.4137734605590018	0.756390032438463	1.4414520199796643	0.7393505911251017	2.0605177705722393	M	False
76	D	T	T76D	1.4249350720855904	2.0772928766345227	3.873131736418431	-0.2613130176762214	-3.5445397727613153	0.9558602743386336	0.7542278615066068	2.5091549437268075	1.7511139743600566	1.8059093593711049	-1.2943397492113409	M	False
76	E	T	T76E	0.338435352151071	-0.2559071345593252	-0.0021980029694357	1.1703219796939697	1.2103232940995836	-0.1544362756804234	0.3844232021225733	0.6560077996458457	0.0412641087958729	0.584061988362267	0.5279435092095801	M	False
76	F	T	T76F	1.4982566455330375	0.8532288305656694	1.6938926050464476	2.061440921075215	0.5811264410008259	0.8383795783353656	1.25438750359276	0.5815915137772991	1.1757427380493537	1.8776667630608312	0.7097530096680957	M	False
76	G	T	T76G	0.8782750033556769	0.3100319138204145	0.739802657634846	0.702228065360638	2.575154173901733	-0.3540895509762761	0.8085670438495054	0.9738617396948316	0.5941534585880457	0.7210153614977419	1.1105323114627283	M	False
76	H	T	T76H	0.8376773602660652	-3.370770281785342	-2.1205498602860917	1.9571329591242657	5.4458601965080575	2.2776602976389304	0.8378351119109808	3.194502166064864	-1.2665464607596384	-0.081708450580913	3.861760247073494	M	False
76	I	T	T76I	-0.6878667117275011	-3.3745357013597705	-0.1944679013968714	-0.7563578424524662	-1.6448075525324068	-0.2806374941002444	-1.15644553392821	1.2025388487425286	-2.031201206543636	-0.4754128719246688	-0.9627225233163256	M	False
76	K	T	T76K	0.2803711446647178	2.781466434040848	2.203148767437185	1.840732045765594	0.0231266121516282	-0.4336888044113606	1.115859366608102	1.3247709629369184	1.530918789352783	2.0219404066013897	-0.2052810961298662	M	False
76	L	T	T76L	1.2709601577595675	-1.6052198495869336	0.3414077370288942	-0.2582497029848421	-0.8478678584039062	0.0845744839937128	-0.1690658386989179	0.9929608090838722	-0.167129845913683	0.041579017022026	-0.3816466872050966	M	False
76	M	T	T76M	-3.160330933464794	-2.5032289590982777	-2.227648670899295	-4.590679726380263	-1.3539638046653402	-1.364311029375344	-2.533360520647219	1.22292069944181	-2.831779946281536	-3.409164198639779	-1.359137417020342	M	False
76	N	T	T76N	-1.468208911526517	-0.415215546362205	-1.543088080886984	-1.15699483748001	-1.3919573526221622	-1.168984973881951	-1.1907416171266385	0.4110174656371988	-0.9417122289443608	-1.350041459183497	-1.280471163252057	M	False
76	P	T	T76P	-1.504468727621306	-0.870862370014707	-2.904390055672448	-2.427876219747147	-0.9541011688928688	1.88917459228506	-1.1287539916105696	1.6844386716623558	-1.1876655488180066	-2.6661331377097977	0.4675367116960958	M	False
76	Q	T	T76Q	1.8451203841617967	1.2316085446434415	-1.595878179785693	2.0785403111775524	6.266171429008453	2.336212222429958	2.0269624519392515	2.5242748291625356	1.538364464402619	0.2413310656959297	4.301191825719205	M	False
76	R	T	T76R	-1.9810945725803193	-1.882962473624634	-1.619926077124162	-0.6296032835981276	0.205590733218471	0.0205291663815137	-0.9812444178878764	0.9753450182464812	-1.9320285231024767	-1.1247646803611446	0.1130599497999923	M	False
76	S	T	T76S	-3.6531536479874696	-2.1368221200251973	1.2116634305929177	-2.1369341062289537	0.5540480688653158	-1.6928588350047684	-1.3090095349646926	1.8350945759785828	-2.8949878840063334	-0.4626353378180181	-0.5694053830697263	M	False
76	T	T	T76T	-0.3623316969471259	-0.0255646208987307	-0.1648265993507103	0.4384076700217329	0.0888809717678358	0.7928322440250286	0.1278996614363384	0.4218150673877502	-0.1939481589229283	0.1367905353355112	0.4408566078964322	S	False
76	V	T	T76V	-1.2177641231606315	-2.2555015370728557	0.33352516605991	2.8428703093956535	0.7251188017723464	0.7684286122424041	0.1994462048728044	1.7686714987697056	-1.7366328301167435	1.5881977377277818	0.7467737070073752	M	False
76	W	T	T76W	2.419937427663252	2.5010839505926796	1.1788533849067984	0.1111599214236603	3.002692653860034	-1.1623979976440602	1.3418882234670606	1.6172147764443214	2.4605106891279656	0.6450066531652293	0.9201473281079868	M	False
76	Y	T	T76Y	0.7666360336755145	4.012272324316695	0.7393413316390164	0.5526480658519397	0.0919963135018616	0.9432651548580456	1.184359870640512	1.4156318841374478	2.389454178996105	0.6459946987454781	0.5176307341799536	M	False
146	A	P	P146A	-1.588629091994893	-0.8103215338622497	-0.1262593827945707	0.5332733968777004	0.3275819614652671	0.6935795528574603	-0.1617958495752143	0.8845315691048375	-1.1994753129285716	0.2035070070415648	0.5105807571613636	M	False
146	C	P	P146C	0.2178581719831078	0.2619918785469337	-1.5125155699224104	-0.1644392909070101	0.5943475011866398	0.3117089391755707	-0.0485080616561947	0.7572501277426108	0.2399250252650207	-0.8384774304147102	0.4530282201811052	M	False
146	D	P	P146D	0.057399859436005	-1.2504114749598374	-0.4735647375652555	-0.1141553612458378	0.2793003806078701	0.4840646496366609	-0.1695611140150657	0.6235286789010286	-0.5965058077619162	-0.2938600494055467	0.3816825151222656	M	False
146	E	P	P146E	0.4255529947102831	0.027382056833535	0.3282678885178386	-0.8968321719145356	1.4784128330998985	0.6631059334591264	0.3376482557843577	0.7791391141271349	0.226467525771909	-0.2842821416983485	1.0707593832795124	M	False
146	F	P	P146F	0.3675780356333961	-0.0640970789107933	-0.82859374553148	-0.3357529114271846	0.9043041571005592	0.1045485536300277	0.0246645017490875	0.593896631276356	0.1517404783613014	-0.5821733284793323	0.5044263553652935	M	False
146	G	P	P146G	0.6215410480442095	0.5421566884656923	0.7909504189876613	0.5367010679122363	1.3377970434586817	0.8321167345314795	0.7768771668999934	0.3015918253260963	0.581848868254951	0.6638257434499488	1.0849568889950807	M	False
146	H	P	P146H	-0.1560093214422263	0.4413370603574867	0.5405101943269888	0.4338708420571492	-0.2347993795813511	0.5941391657789408	0.2698414269161646	0.3662671729390999	0.1426638694576301	0.487190518192069	0.1796698930987948	M	False
146	I	P	P146I	0.0663315704610351	-0.3196640586487353	0.0638085366909629	0.0062873588993437	0.2967541251683478	0.1203328698223191	0.0389750670655455	0.2020518364755462	-0.1266662440938501	0.0350479477951533	0.2085434974953335	M	False
146	K	P	P146K	0.2608933452418328	0.4361606782254536	1.0492347023248934	0.6738551335952032	1.1452531906805137	-0.6789798448209652	0.4810695342078219	0.6629218349754958	0.3485270117336432	0.8615449179600483	0.2331366729297742	M	False
146	L	P	P146L	-0.0114278710006345	0.4962177918808267	0.1656156009650376	0.2440227774365741	0.3899418540655315	-0.2644872238969722	0.1699804882417272	0.2764005351894155	0.242394960440096	0.2048191892008058	0.0627273150842796	M	False
146	M	P	P146M	-0.6313638625391909	0.2896862594442926	0.1851354506162122	-0.2061195805271757	-0.8407952186246151	0.4187229290403029	-0.130789003765029	0.5174803923461857	-0.1708388015474491	-0.0104920649554817	-0.2110361447921561	M	False
146	N	P	P146N	1.2673206060272444	1.0031007490759438	1.5177449706907054	0.718370357432559	1.1518020552644992	1.2883248946358057	1.1577772721877928	0.2741014901217935	1.1352106775515942	1.1180576640616322	1.2200634749501524	M	False
146	P	P	P146P	-0.3409505500057968	0.2136916763971387	-0.0649357120369238	0.2721902883109531	0.9538067810916476	0.1390698372528707	0.1954787201683149	0.4335970075813054	-0.063629436804329	0.1036272881370146	0.5464383091722592	S	False
146	Q	P	P146Q	0.2901684476430222	-0.0505252462773025	-0.6858336836239496	0.0455954459869647	-0.4841516641782941	0.7168434593902966	-0.0279838735098771	0.510444142084998	0.1198216006828598	-0.3201191188184924	0.1163458976060012	M	False
146	R	P	P146R	-0.5461188212004033	-0.2426053004444698	-0.7159380135091811	-0.0092222860016425	-0.1088212370489856	-0.7771577122514779	-0.39997722840936	0.3242470848868992	-0.3943620608224366	-0.3625801497554118	-0.4429894746502317	M	False
146	S	P	P146S	0.6305691379004705	0.4239554777588387	0.0899203906696326	0.4066856535541161	0.6305048369275741	0.0756923200553232	0.3762213028109926	0.2469191960260711	0.5272623078296547	0.2483030221118743	0.3530985784914486	M	False
146	T	P	P146T	-0.5074945702691049	-0.0730253434967791	-0.2365800707778878	-0.2340838369141145	0.7973709496053725	0.0200942071607971	-0.0389531107819528	0.4473810348321883	-0.290259956882942	-0.2353319538460012	0.4087325783830848	M	False
146	V	P	P146V	0.642439611262619	1.0424805807292643	0.6692353918925971	0.7872446565166243	1.2858984064545025	0.851972864762646	0.8798785852697089	0.2455194898207707	0.8424600959959416	0.7282400242046108	1.0689356356085742	M	False
146	W	P	P146W	0.0161501007492835	-0.1728504838359417	0.8515385292761904	0.1808977789029713	-0.4444623088315109	-0.190887897290017	0.0400642864951626	0.4499631184352468	-0.078350191543329	0.5162181540895808	-0.3176751030607639	M	False
146	Y	P	P146Y	-0.3195347248254385	-3.0524538989121255	-3.862577916316933	-0.0110071464479016	-0.4363531586556479	-0.5356821796867449	-1.3696015041407985	1.6469193275980194	-1.685994311868782	-1.936792531382417	-0.4860176691711964	M	False
84	A	L	L84A	0.789794847251035	1.6906047147966663	1.3800143196341357	1.3877403697181754	0.6054566644164884	0.4778874585696461	1.055249729064358	0.4951414565515393	1.2401997810238503	1.3838773446761556	0.5416720614930672	M	False
84	C	L	L84C	-0.1668739692179844	-0.3675681585028647	-0.0184400959107861	-0.5088081397599142	-0.3096124068743779	0.2752765471976939	-0.1826710371780389	0.2805722031692812	-0.2672210638604245	-0.2636241178353501	-0.017167929838342	M	False
84	D	L	L84D	1.4412200804632695	1.395458834287373	2.0003112118153257	-0.0826055019703606	0.865096814469747	0.5766971094283858	1.0326964247489567	0.7368432549578224	1.4183394573753212	0.9588528549224824	0.7208969619490664	M	False
84	E	L	L84E	-2.025872710816144	-0.5077235121706074	-0.9713123866996832	-0.873821306214131	-0.1700704757264772	-0.3093244579710059	-0.8096874749330081	0.672309092251913	-1.2667981114933755	-0.9225668464569072	-0.2396974668487415	M	False
84	F	L	L84F	1.4454654406924103	2.559962475326812	1.040679128040353	2.889694402224033	0.6980287031262933	1.1892685594795855	1.637183118148248	0.8826683866501994	2.002713958009611	1.965186765132193	0.9436486313029394	M	False
84	G	L	L84G	0.9841584517160912	-0.0080245279079562	1.3058864695719448	0.1024359526590395	0.0915155851144032	-0.0376697118102819	0.4063837032238734	0.5836733111889917	0.4880669619040674	0.7041612111154921	0.0269229366520606	M	False
84	H	L	L84H	-0.4026582847468286	-0.5747566844803246	1.1547293069314537	0.5207851334661925	-0.0234143557454477	-0.3277738860162537	0.0578185382347986	0.6610630711790496	-0.4887074846135766	0.837757220198823	-0.1755941208808507	M	False
84	I	L	L84I	0.8098946055277427	0.0327414624427054	-0.6394493957517142	0.2995460088965301	1.2655426770482332	-0.109839318376285	0.2764060066312021	0.6798361386216276	0.4213180339852241	-0.169951693427592	0.577851679335974	M	False
84	K	L	L84K	0.365533744969216	-0.1203407295575689	0.4871194369101401	0.3399209740273896	0.1567243875760766	0.3158404028298313	0.2574663694591808	0.213313163966459	0.1225965077058235	0.4135202054687649	0.236282395202954	M	False
84	L	L	L84L	-0.1021554246337732	0.1672739505588635	0.4085432260751515	-0.200525599296034	0.0444249323799613	-0.4049502988815388	-0.0145648689662282	0.2864332018449652	0.0325592629625451	0.1040088133895587	-0.1802626832507887	S	False
84	M	L	L84M	-1.868633516398439	-1.1781429827278014	-0.4332837509695653	-2.0826312955696187	-0.6238567282888365	-0.7199481751023666	-1.151082741509438	0.6873825359954643	-1.52338824956312	-1.257957523269592	-0.6719024516956016	M	False
84	N	L	L84N	2.642565824920057	0.7253428300101324	2.045864733830481	0.1986707929458169	1.593442399499577	1.4173575432686216	1.4372073540791144	0.8819161147697001	1.6839543274650948	1.122267763388149	1.505399971384099	M	False
84	P	L	L84P	-2.8193176423039543	-0.7919384845130819	-0.99632585659864	-1.3020722803569316	-0.5087366645598091	-1.5968524687567904	-1.3358738995148678	0.820386776547728	-1.805628063408518	-1.1491990684777855	-1.0527945666582998	M	False
84	Q	L	L84Q	-1.7690715241865371	-0.0776743048513729	0.9138130680010248	-0.1571595063357828	0.6340999128563911	-0.7462379778800852	-0.2003717220660603	0.9709234414819432	-0.9233729145189552	0.378326780832621	-0.056069032511847	M	False
84	R	L	L84R	-2.8753705344769664	-1.0285203506543212	-0.3839464442351812	-2.53827302224255	0.2252549753948716	-0.7764588598768225	-1.2295523726818285	1.2246377890421225	-1.951945442565644	-1.4611097332388652	-0.2756019422409754	M	False
84	S	L	L84S	-0.9060289955309676	1.7325634463298751	3.2333292295744327	0.669113105742382	1.489477522170371	1.1777996622957243	1.2327089950969696	1.3574329762750532	0.4132672253994537	1.9512211676584077	1.3336385922330476	M	False
84	T	L	L84T	1.2484431213123983	0.0401633973902093	1.220067308241636	1.222834625823355	-0.302969429029055	-0.3600701126877333	0.511411485175135	0.7995377167285641	0.6443032593513038	1.2214509670324951	-0.3315197708583942	M	False
84	V	L	L84V	-0.426220697883145	-0.5969485665584937	0.2740225531082897	-2.5357551225814072	-0.1426356628670461	-1.4155602097308542	-0.8071829510854428	1.015681428036057	-0.5115846322208194	-1.1308662847365587	-0.7790979362989502	M	False
84	W	L	L84W	0.0694054324648702	-0.2624379815395276	0.0030269482399436	0.6747363661899142	-0.1735434942562274	0.0125588732108872	0.05395769071831	0.3291733919544731	-0.0965162745373286	0.3388816572149289	-0.0804923105226701	M	False
84	Y	L	L84Y	1.4411854717380272	1.0589039810503262	-0.3456899857807372	0.7835160514088519	-3.303469172987174	-0.1744282357065741	-0.08999698171288	1.7220005354297132	1.2500447263941767	0.2189130328140573	-1.738948704346874	M	False
301	A	L	L301A	-0.6915707029296089	1.3519755935213909	-0.5165046805246063	0.0035519195792468	-0.1955603987292947	0.6582623896966585	0.101692353435631	0.7723215623716906	0.330202445295891	-0.2564763804726797	0.2313509954836818	M	False
301	C	L	L301C	2.884552501313017	-0.5999521797663715	1.0148931286559884	-0.3330647237727986	0.9724990028898416	-0.0720600711926601	0.6444779430211695	1.2868847635969458	1.1423001607733227	0.3409142024415948	0.4502194658485907	M	False
301	D	L	L301D	4.114269247244136	1.036339531436554	0.1613437541651329	1.4175193406558402	3.9229215602694874	1.751990212669661	2.067397274406802	1.6031592736436304	2.575304389340345	0.7894315474104866	2.837455886469574	M	False
301	E	L	L301E	-6.47810544327424	-1.4776332151492289	-0.0170578365255177	0.446211644371891	2.479610229213056	-1.7508333125132984	-1.1329679889795563	3.028558444103782	-3.9778693292117344	0.2145769039231866	0.3643884583498789	M	False
301	F	L	L301F	-5.354441958707957	-0.2842055725076376	-1.5893734354602411	0.0194147441532786	0.5650386292761195	-0.2477441488719238	-1.148551957019727	2.1791247130114133	-2.8193237656077974	-0.7849793456534813	0.1586472402020978	M	False
301	G															True
301	H	L	L301H	0.1031013770956733	-0.4619620304912218	-1.3161075239871405	-0.6936690441836867	1.0321006838558016	0.4541223935177537	-0.1470690240321367	0.8460541060783504	-0.1794303266977742	-1.0048882840854136	0.7431115386867777	M	False
301	I	L	L301I	-0.7021545024241821	-1.0301471162190958	-0.827999698307239	0.0858631447538705	0.2774225524533766	-0.4474737555997922	-0.4407482292238436	0.5213102783428654	-0.866150809321639	-0.3710682767766842	-0.0850256015732078	M	False
301	K	L	L301K	2.2026789600327707	1.304916046027074	-0.4653745738139731	0.7992772369562255	-1.515618070649574	0.0642352962925226	0.3983524824741742	1.3235659553817634	1.7537975030299222	0.1669513315711262	-0.7256913871785257	M	False
301	L	L	L301L	0.9456365911858516	1.1357803415946957	0.6538322183129228	0.4570873280484799	0.1495931473697061	0.2778694908769817	0.6032998528981063	0.3837749941744523	1.0407084663902737	0.5554597731807014	0.2137313191233439	S	False
301	M	L	L301M	1.1974246335711871	1.437356746497208	0.2101724785467583	0.3907288018461856	-0.4785772343785605	-0.0517884817940769	0.4508861573814502	0.7360149307884292	1.3173906900341974	0.3004506401964719	-0.2651828580863187	M	False
301	N	L	L301N	-1.219912460139757	-0.2050291691141108	-1.5447924676368163	-0.6540615986943527	-1.2320011342056096	-0.5213847365816905	-0.8961969277287228	0.5128467514078199	-0.712470814626934	-1.0994270331655844	-0.8766929353936501	M	False
301	P	L	L301P	4.888790558446976	3.3354131257052257	2.2825146385400377	1.4337405593233583	1.7792512912710512	1.4635548005142351	2.530544162300147	1.354735706887159	4.1121018420761	1.858127598931698	1.6214030458926432	M	False
301	Q	L	L301Q	1.0128812737173567	-0.9533226208625516	0.1894444897691777	0.1748347879269217	0.4029196686749307	0.1261373064056945	0.1588158176052549	0.6368875894239958	0.0297793264274025	0.1821396388480496	0.2645284875403126	M	False
301	R	L	L301R	0.5044510278298716	1.4344611070695092	0.2777788023009539	0.122019144757597	1.3771453087554175	0.3254647048631316	0.6735533492627468	0.5804500032886796	0.9694560674496904	0.1998989735292755	0.8513050068092746	M	False
301	S	L	L301S	-0.637709862725747	2.3848845827193825	1.2907432690249916	-0.7047953436595366	3.207679253453158	-1.093313702200058	0.7412480327686984	1.8135573976491173	0.8735873599968178	0.2929739626827275	1.0571827756265502	M	False
301	T	L	L301T	-0.4679047620766763	-2.808134130552795	-2.597199714268209	0.3421754289992363	0.1302108436403813	-0.4277073200029235	-0.9714266090434976	1.3787641579613492	-1.6380194463147355	-1.1275121426344863	-0.1487482381812711	M	False
301	V	L	L301V	-0.301256062356946	0.396101472206039	-1.931249174616807	0.2847448099034594	-1.9673529340953888	-1.38131784401016	-0.8167216221616339	1.0802560694069057	0.0474227049245465	-0.8232521823566737	-1.6743353890527743	M	False
301	W	L	L301W	0.452676179886125	-1.7223461410864698	-4.260521956850221	1.8492745608248928	2.467670329605117	0.5295713869824065	-0.1139459401063582	2.4913930378642486	-0.6348349806001724	-1.2056236980126642	1.4986208582937617	M	False
301	Y	L	L301Y	-3.45195800263054	1.935754978893236	0.704435836285139	0.1764048963152458	-0.9358156634199302	0.4312542213752263	-0.1899872888636038	1.8458423586481751	-0.758101511868652	0.4404203663001924	-0.2522807210223519	M	False
282	A	D	D282A	-1.612148971013612	-0.1287201528509863	0.4587102244008925	-1.2625841562406024	-1.0219630615084616	0.1776613614149372	-0.5648407926329722	0.846383877013738	-0.8704345619322993	-0.4019369659198549	-0.4221508500467622	M	False
282	C	D	D282C	-0.4472689876182908	-0.7058726712332161	-1.674988335987976	-1.6085798657645007	0.3697273583967261	0.2809804487490889	-0.6310003422430281	0.8852232064489796	-0.5765708294257534	-1.6417841008762384	0.3253539035729075	M	False
282	D	D	D282D	-0.9522101180964276	0.8632803952099743	-0.7535216724613792	0.5336123893514477	0.0522189670681862	0.8860959817997041	0.1049126571452509	0.8032866435345536	-0.0444648614432266	-0.1099546415549657	0.4691574744339452	S	False
282	E	D	D282E	0.4845101455623012	1.146608167303114	0.226369788789388	0.5291999832765709	-0.6808359918454476	0.5105763093199971	0.3694047337343206	0.5976994136946332	0.8155591564327077	0.3777848860329795	-0.0851298412627252	M	False
282	F	D	D282F	1.0919717202466654	-0.4001605731958722	0.8566769812868831	-1.6304912520135966	0.3271765150810863	0.5629011118745244	0.1346790838799484	1.005982037143836	0.3459055735253966	-0.3869071353633567	0.4450388134778054	M	False
282	G	D	D282G	1.7345353657725575	0.9371198317527598	1.9780198052054536	0.7205605309547031	1.2969150187790073	0.7455158630830176	1.23544440259125	0.5288518846356649	1.3358275987626589	1.3492901680800784	1.0212154409310124	M	False
282	H	D	D282H	-0.8649577430761582	0.6315442841207058	1.4329265850392785	0.6331752155872521	-0.1706403443849737	0.5596717186676837	0.3702866193256313	0.7900464554642164	-0.1167067294777262	1.0330509003132653	0.1945156871413549	M	False
282	I	D	D282I	1.3674360861291026	-0.659705457879114	-0.2092800992023153	-0.749513853327759	-1.1282522599568754	-0.1042101898931616	-0.2472542956883538	0.874947623851077	0.3538653141249943	-0.4793969762650372	-0.6162312249250186	M	False
282	K	D	D282K	-4.69332148240115	-0.4240706826855983	-1.237592073367885	-1.3936593211723982	0.3485093014742807	-2.3519011306623265	-1.6253392314691797	1.759747418361122	-2.558696082543374	-1.3156256972701414	-1.001695914594023	M	False
282	L	D	D282L	-0.5999317274491597	-0.7702893431436727	-1.092207577497959	0.1114917643372603	0.5251369208644573	-0.5614711014117271	-0.3978785107168001	0.5999643794849869	-0.6851105352964162	-0.4903579065803493	-0.0181670902736348	M	False
282	M	D	D282M	0.5311631500242271	-0.4819276762208798	-1.0221707833447164	-0.0354050151021432	0.8893097680473696	-2.4516785157321035	-0.4284515120547077	1.2050436026488247	0.0246177369016736	-0.5287878992234298	-0.7811843738423669	M	False
282	N	D	D282N	1.2415080692030336	1.4377160715938695	1.93494922003916	0.3619243698708901	0.4414580045609641	0.7614246142373821	1.0298300582508833	0.615587596000364	1.3396120703984515	1.1484367949550252	0.6014413093991731	M	False
282	P	D	D282P	-1.0738898555528893	0.5023594780502818	0.6862844515987725	-0.3549587560325729	-0.270330641770278	0.4540614948181858	-0.00941230481475	0.6754710181942195	-0.2857651887513037	0.1656628477830997	0.0918654265239539	M	False
282	Q	D	D282Q	-0.4660619055564546	0.3837954154423997	1.3814517542374314	0.0779937102925096	0.4059784144059098	0.9285078554103936	0.4519442073720316	0.6450470525342982	-0.0411332450570274	0.7297227322649705	0.6672431349081517	M	False
282	R	D	D282R	6.620001855752081	3.3106980829935773	3.567929318206569	2.8606140358839447	3.3304160265358225	3.7774093680588	3.911178114571799	1.361982792048793	4.965349969372829	3.214271677045257	3.553912697297311	M	False
282	S	D	D282S	-0.362581791797786	-0.7871184996602298	-0.4850994010376822	0.7135534764075535	-0.7468849813976736	1.0563304225606422	-0.1019667958208626	0.7882625010991954	-0.5748501457290079	0.1142270376849356	0.1547227205814843	M	False
282	T	D	D282T	-0.4164118826040615	-0.255009802510826	-0.3605761011653972	0.2700036541894107	0.2728086369797819	0.7465321439823432	0.0428911081452085	0.4608780456519575	-0.3357108425574437	-0.0452862234879932	0.5096703904810627	M	False
282	V	D	D282V	0.0152778093998655	-0.0397739384352152	1.5755382680213923	0.339020570413689	0.1023527199251459	-0.332390528336172	0.2766708168314509	0.672421037161801	-0.0122480645176748	0.9572794192175408	-0.115018904205513	M	False
282	W	D	D282W	-1.1617861596341057	-0.7609624141734642	-0.3338755999689818	-0.6209297527114145	-0.942879269434426	-0.094743177298415	-0.6525293955368012	0.3921906334156983	-0.9613742869037848	-0.4774026763401982	-0.5188112233664205	M	False
282	Y	D	D282Y	-1.8753002095187712	0.071785070982657	-6.08663877142507	-0.4671541868809535	-1.0224282575067625	2.0105709457304695	-1.2281942347697383	2.7138274499314257	-0.9017575692680572	-3.2768964791530117	0.4940713441118536	M	False
226	A	L	L226A	0.3265525276597269	0.782323372435921	-1.06090795922558	-1.9324322983618056	1.986695429819368	-0.6041768821431013	-0.0836576349692451	1.403458836911862	0.5544379500478239	-1.4966701287936928	0.6912592738381333	M	False
226	C	L	L226C	0.2777344510041054	0.4094550890926592	-0.1802970854452245	0.3777448739757869	-0.1039456249897316	0.5032508971539905	0.2139904334652643	0.2861128619430965	0.3435947700483823	0.0987238942652811	0.1996526360821294	M	False
226	D	L	L226D	0.0507126265513956	-0.3697718841156607	0.7330525135478044	0.0229943541721361	0.1629662279124441	0.1535159237195686	0.1255782936312813	0.3557255762534237	-0.1595296287821325	0.3780234338599703	0.1582410758160063	M	False
226	E	L	L226E	0.2404486465415222	-0.1752345473417237	-0.4886255336172643	-0.0125529683185435	1.0299701887774455	0.1586055069604776	0.1254352155003189	0.5136196110361907	0.0326070495998992	-0.2505892509679039	0.5942878478689616	M	False
226	F	L	L226F	0.0567646024765051	-0.4905313750742645	0.0534176918642943	0.4926513236148221	0.3254535614423123	-0.4638026756900935	-0.0043411452277373	0.402572203678186	-0.2168833862988796	0.2730345077395582	-0.0691745571238906	M	False
226	G	L	L226G	-1.0241480773702212	0.336955649052498	0.3107810933989198	-4.173965527001287	2.157280951988586	-2.611341262412406	-0.8340728620573185	2.27946882240957	-0.3435962141588615	-1.9315922168011836	-0.22703015521191	M	False
226	H	L	L226H	0.8518882634538694	-0.5556889283394052	-0.7684714274273681	1.6288681107118017	0.3743279811586589	0.0289901149734129	0.2599856857551616	0.8959542375383395	0.148099667557232	0.4301983416422168	0.2016590480660359	M	False
226	I	L	L226I	0.3920573286653875	1.0794140704864117	-1.292870493659341	-0.7742879111903821	0.5968921629024282	-2.448704123302501	-0.4079164943496661	1.3374555324759532	0.7357356995758996	-1.0335792024248616	-0.9259059802000364	M	False
226	K	L	L226K	-0.537937958823388	-0.0974810160976881	0.998600183232846	-0.9002146421327816	-0.2820463638638463	-0.0589910198497012	-0.1463451362557598	0.642027604120393	-0.317709487460538	0.0491927705500322	-0.1705186918567738	M	False
226	L	L	L226L	0.9528180280871332	0.6896226176533281	0.2716734873389766	1.9491338127368756	0.5153758619820562	0.0913140621970843	0.7449896449992424	0.663364720683289	0.8212203228702307	1.1104036500379262	0.3033449620895703	S	False
226	M	L	L226M	1.4852601650385342	0.8124352280498309	-0.1985234377175133	4.035429083151838	-0.5073783359133339	2.25806300049519	1.3142142838507576	1.6842490543142905	1.1488476965441825	1.9184528227171624	0.8753423322909281	M	False
226	N	L	L226N	0.8820016136888302	0.0900658634108314	0.5924928559514065	-0.2682285446224862	0.595833481112566	0.8785980776356223	0.4617938911961283	0.4596658730792944	0.4860337385498308	0.1621321556644601	0.7372157793740941	M	False
226	P	L	L226P	0.986166557232804	1.114633357127805	-0.501073660479322	-0.4040866990508954	0.8839788581605642	0.8234298741822184	0.483841381195529	0.7326845650660063	1.0503999571803049	-0.4525801797651087	0.8537043661713912	M	False
226	Q	L	L226Q	0.5453083632888466	0.880201859581695	-0.0716344231775742	1.1971920805677423	1.0384501855813135	2.043634124044717	0.9388586983144568	0.7037900512981872	0.7127551114352708	0.562778828695084	1.541042154813015	M	False
226	R	L	L226R	0.8395175382434688	0.1033961793188146	-1.738670780013332	3.1942860047028225	1.1687194793255824	-1.3041851337729946	0.3771772146340603	1.7975064842777893	0.4714568587811417	0.7278076123447452	-0.0677328272237061	M	False
226	S	L	L226S	0.184241891402543	-0.0685840637779772	0.9536429925687452	-0.4046366288082446	2.9432729091348677	-0.0475786345435745	0.5933930776627266	1.238082524180409	0.0578289138122829	0.2745031818802502	1.4478471372956463	M	False
226	T	L	L226T	0.9476245242286624	0.4908762302592103	-0.2742314400583664	0.2265717299314252	0.2055169834775092	1.034157149859034	0.4384191962829125	0.4947603935158557	0.7192503772439364	-0.0238298550634706	0.6198370666682717	M	False
226	V	L	L226V	0.1954007698601281	0.265621210858263	-0.6181855007876257	-3.97160134275841	-1.1108329840319413	-0.3516143358055034	-0.9318686971108482	1.575551558999643	0.2305109903591956	-2.294893421773018	-0.7312236599187223	M	False
226	W	L	L226W	0.8848003254786018	-0.9762870417447632	0.4420364111622205	-2.12237854699831	-1.4147673725898462	-1.1397105829167355	-0.7210511346014721	1.1503837088984157	-0.0457433581330807	-0.8401710679180447	-1.2772389777532909	M	False
226	Y	L	L226Y	0.2097422785166883	-0.4029976029807798	-0.4283816750281983	-0.7669122162293818	0.0054291937302808	-0.5391389054235569	-0.3203764879024913	0.3613634651673891	-0.0966276622320457	-0.5976469456287901	-0.266854855846638	M	False
111	A	S	S111A	-0.6336284868266279	-2.389733771722203	0.1536084906930415	-0.4892363020984932	-0.1424280833099837	-0.4119575032398987	-0.6522292760840276	0.8958612458005168	-1.5116811292744154	-0.1678139057027258	-0.2771927932749412	M	False
111	C	S	S111C	1.1401948450474917	0.3921951605787584	0.6710528354166208	2.3512342652299436	0.8030566276422374	0.2734725255281172	0.9385343765738616	0.7572426717928512	0.7661950028131249	1.5111435503232822	0.5382645765851773	M	False
111	D	S	S111D	-0.5005315680548378	0.0165309524257462	0.5546417254742425	-0.9152798097837016	0.1274540272877505	0.3851321117110397	-0.05534209348996	0.55540336432435	-0.2420003078145457	-0.1803190421547295	0.2562930694993951	M	False
111	E	S	S111E	0.0145293986140815	1.4345521509910544	0.5633909885887557	0.7157214705955026	1.7898841953239637	-0.3253105575953876	0.6987946077529951	0.8083868597938877	0.724540774802568	0.6395562295921291	0.732286818864288	M	False
111	F	S	S111F	-0.1282732500570516	0.4163762862463013	0.3553137935957468	0.2199319671019215	2.7324537634069355	-0.5596072579112821	0.5060325503970953	1.1495643870959606	0.1440515180946248	0.2876228803488342	1.0864232527478266	M	False
111	G	S	S111G	-2.413387267349389	-2.717462231089838	-0.1453324187248798	-0.7103223327382931	0.5259231963026081	-0.1003650034990867	-0.9268243428498132	1.3317181815433552	-2.5654247492196136	-0.4278273757315864	0.2127790964017606	M	False
111	H	S	S111H	0.9394142783159184	-1.442759086913857	0.4927024844614296	-1.2433155785543768	2.8797067301232513	1.9763266606026044	0.600345914672495	1.719809812310004	-0.2516724042989692	-0.3753065470464736	2.4280166953629276	M	False
111	I	S	S111I	-0.2221740486320802	0.2478051880625023	-0.5439989897564237	-0.1161323261862687	1.323210465741741	1.475366626579104	0.3606794859680957	0.8446590799891193	0.012815569715211	-0.3300656579713462	1.3992885461604223	M	False
111	K	S	S111K	-0.8896573992915127	1.228479860197184	5.291403648313354	3.612143340158141	5.220483669293308	-4.842132776146755	1.60345339042062	3.9653627336207578	0.1694112304528356	4.451773494235748	0.1891754465732762	M	False
111	L	S	S111L	1.118048598848621	2.0419624306275153	0.8482598086038083	0.1391552209129046	3.945564173808204	-2.7483312515883167	0.8907764968687895	2.2144279997206637	1.580005514738068	0.4937075147583565	0.5986164611099436	M	False
111	M	S	S111M	-0.4978931919465061	-0.7048454888983516	1.0925410658928212	0.4746858658579184	0.9611953770053384	-0.6284044986425331	0.1162131882114478	0.8247949056243657	-0.6013693404224288	0.7836134658753697	0.1663954391814026	M	False
111	N	S	S111N	-0.6002227200461699	1.3515632669877409	-0.9895364796019506	-3.459935670197859	1.408531520832688	-2.042300062883425	-0.7219833574848293	1.9060282603268617	0.3756702734707854	-2.224736074899905	-0.3168842710253685	M	False
111	P	S	S111P	-0.0035192085271542	0.0764081086550167	1.036111028281535	1.0172398449944973	0.9179451666989576	-0.5435237235574671	0.4167768694242308	0.6648273705077611	0.0364444500639312	1.026675436638016	0.1872107215707452	M	False
111	Q	S	S111Q	-1.4642059898993536	0.0836215863431515	-3.296094366908505	0.0724843345694671	-3.123141400939742	-1.5769340729726629	-1.5507116516346071	1.471929164501992	-0.690292201778101	-1.611805016169519	-2.350037736956202	M	False
111	R	S	S111R	0.0060282190212895	0.691635965593985	-0.0634324714903595	1.125644313454958	-1.8162434738257665	-0.6613831848765593	-0.1196251053537421	1.039211482389156	0.3488320923076372	0.5311059209822993	-1.238813329351163	M	False
111	S	S	S111S	0.8275330765506003	0.1675577478476743	0.0616906981828458	0.1432979965569717	-0.8788620812705602	0.2363171036329183	0.0929224235834084	0.5502115084666263	0.4975454121991373	0.1024943473699088	-0.3212724888188209	S	False
111	T	S	S111T	-0.164083561300188	0.1134581940451611	0.2228278798633367	-0.7314752160798915	0.3234728203279967	1.1413085695183884	0.1509181143958005	0.6156405908480711	-0.0253126836275134	-0.2543236681082774	0.7323906949231926	M	False
111	V	S	S111V	-0.4662148126678905	-0.638865586713705	-0.2179069402651706	-0.4153987126935233	0.1820614255637121	-1.6482405676980674	-0.5340941990791075	0.6138157158798374	-0.5525401996907977	-0.3166528264793469	-0.7330895710671776	M	False
111	W	S	S111W	0.3192141737799128	-0.0394540655473808	0.71010205824253	-0.5999369210350576	-0.7096375910093697	0.1021857867313636	-0.0362544264730002	0.542911539630847	0.139880054116266	0.0550825686037362	-0.3037259021390031	M	False
111	Y	S	S111Y	0.7704355721392835	0.3945891046130065	-1.1164729991224591	1.1193842560739051	-1.5395712913327193	1.4773172205159402	0.1842803104811594	1.2327039496128138	0.582512338376145	0.001455628475723	-0.0311270354083895	M	False
126	A	K	K126A	1.214740227345089	3.428955916646077	1.282580184274801	1.1040303769028168	5.139993054093211	0.5625873539694277	2.122147852205237	1.7783245816052855	2.321848071995583	1.193305280588809	2.8512902040313195	M	False
126	C	K	K126C	-0.0223088761094391	-0.0341320244870573	1.746506593636496	1.479319462704927	1.5363301653152668	1.8170931305143772	1.087134741929095	0.8730750454075452	-0.0282204502982482	1.6129130281707116	1.676711647914822	M	False
126	D	K	K126D	1.0172723832935555	-0.988710157116486	-1.28505551916024	1.2103701154627249	3.0038871565078273	-0.7094298841607369	0.3747223491377741	1.6621000063918845	0.0142811130885347	-0.0373427018487575	1.147228636173545	M	False
126	E	K	K126E	0.4462925539695547	0.3021962468920533	0.0888321983790352	0.5180439403782031	1.7195149774248906	0.5040389142908824	0.5964864718891032	0.5731964090647345	0.374244400430804	0.3034380693786191	1.1117769458578866	M	False
126	F	K	K126F	0.806155852764284	-1.5718278760337394	0.2300612940262288	1.15891466358764	0.2858753507537195	-1.1566400508150565	-0.0412434609528206	1.0886575505823803	-0.3828360116347277	0.6944879788069344	-0.4353823500306685	M	False
126	G	K	K126G	0.1861121163451865	0.3040507238629492	0.5946756986833199	0.3405431551023412	1.8055910981863263	0.8944898778483441	0.6875771116714112	0.6033889356095398	0.2450814201040678	0.4676094268928306	1.3500404880173351	M	False
126	H	K	K126H	-2.6547798033861776	-1.424951146503895	-1.2512503117689222	-4.928488821313138	1.811683058504331	-8.416988508053937	-2.8107959220869563	3.511649747180375	-2.0398654749450364	-3.0898695665410303	-3.302652724774803	M	False
126	I	K	K126I	-0.9030102061772012	-0.3260306110023337	0.0489335638623964	-0.4580780649181953	0.2139157905077011	-2.8203736648680975	-0.7074405320992884	1.1073742217670333	-0.6145204085897675	-0.2045722505278994	-1.3032289371801982	M	False
126	K	K	K126K	-0.909829442579821	-0.0179934288641327	-0.1354995356971855	-0.439285074185433	0.684225231609346	-0.3141599501134949	-0.1887570333051202	0.5277367174523535	-0.4639114357219769	-0.2873923049413093	0.1850326407479255	S	False
126	L	K	K126L	0.5520528861345789	-1.050185111776339	-1.9973283981563197	-1.863813413926953	-0.1103902192740973	-3.1285383341546686	-1.2663670985256332	1.3452580919302588	-0.24906611282088	-1.9305709060416365	-1.619464276714383	M	False
126	M	K	K126M	-1.0500700285092794	-2.0587522188922893	-1.2633663723583684	-2.4941896624503164	-0.7834622123084306	-2.4995240819169924	-1.6915607627392797	0.7551623953310994	-1.5544111237007845	-1.8787780174043425	-1.6414931471127114	M	False
126	N	K	K126N	0.5329514890151774	-0.0902078288274502	-0.5000528426081144	-0.2594343268604183	-0.2678401226971901	1.3355370248826897	0.125158898817449	0.6886134959204625	0.2213718300938635	-0.3797435847342664	0.5338484510927497	M	False
126	P	K	K126P	1.2727343244406024	2.339396552010757	-1.5935774703932752	1.0046599655644024	2.0771610799075333	3.497336616143722	1.4329518446122904	1.724373237634918	1.8060654382256796	-0.2944587524144364	2.787248848025627	M	False
126	Q	K	K126Q	-0.4606531376770477	-0.3609040438318614	-0.517568838072458	0.916513661657614	1.3269021168633173	-0.0560030401253072	0.1413811198023761	0.7866640551435927	-0.4107785907544545	0.199472411792578	0.635449538369005	M	False
126	R	K	K126R	-0.4036177407491041	-0.4926926251315988	-0.3709674053916879	-0.1598979954740214	-1.715951423478726	-1.8676406122994431	-0.8351279670874303	0.7505699040469888	-0.4481551829403515	-0.2654327004328547	-1.7917960178890846	M	False
126	S	K	K126S	2.4094159512254754	-0.5071467047053718	1.9248078172535368	0.3758686686282848	2.264617105209273	1.458977670127945	1.3210900846231906	1.1570719770636697	0.9511346232600516	1.1503382429409108	1.8617973876686091	M	False
126	T	K	K126T	0.8113646999517234	1.914741891911189	1.1943769542481033	2.84968292892665	3.121004250931062	1.2853246238320688	1.8627492249667992	0.9429206928999564	1.363053295931456	2.022029941587377	2.203164437381565	M	False
126	V	K	K126V	-2.7720456148234756	-2.7297551541062295	-1.6534096997886054	-2.1410883119278368	-1.0721068300546015	-1.3489623680805796	-1.9528946631302213	0.7127622353510196	-2.7509003844648525	-1.897249005858221	-1.2105345990675906	M	False
126	W	K	K126W	-0.2605063645503969	0.3751205784180179	-0.4995740203721778	0.6188291379864602	1.323934348802221	0.7680009222403847	0.3876341004207515	0.6755988632054127	0.0573071069338104	0.0596275588071412	1.0459676355213028	M	False
126	Y	K	K126Y	0.2710189473634308	3.190079127241637	-1.3082453714930085	0.4279506766089382	0.6587344230393045	2.7148181280333867	0.9923926551322816	1.6756976611649437	1.7305490373025338	-0.4401473474420351	1.6867762755363456	M	False
48	A	P	P48A	0.1199947868059225	0.9997976063273936	0.4101129303378212	-1.0692916957019043	1.2178458388845494	-0.0292702357549205	0.2748648718164769	0.8193012139675302	0.559896196566658	-0.3295893826820415	0.5942878015648144	M	False
48	C	P	P48C	0.6562967937942377	1.1050977976072245	-0.2119608181382678	0.0540030811684031	0.3789422745753482	-0.1280758796357444	0.3090505415618669	0.5072943129957536	0.8806972957007311	-0.0789788684849323	0.1254331974698019	M	False
48	D	P	P48D	-0.3665590589817496	0.3090420006149806	-1.7556314273590083	-0.030021998414954	-1.4120228705071292	0.7760759689501012	-0.4131862309496265	0.9884109326311638	-0.0287585291833845	-0.8928267128869812	-0.3179734507785139	M	False
48	E	P	P48E	0.0173393421193772	-0.190942065330312	-0.0751539916960334	-0.6199410504067854	0.6255953386517833	-0.2042139998921914	-0.0745527377590269	0.4065608871486936	-0.0868013616054673	-0.3475475210514094	0.2106906693797959	M	False
48	F	P	P48F	-0.1295648800412953	1.7144018424721996	0.5021155505673237	1.599492114955352	-0.0979251575673274	1.0362060519559566	0.7707875870570349	0.8105661083422573	0.7924184812154522	1.0508038327613378	0.4691404471943146	M	False
48	G	P	P48G	-0.6779139607941838	-2.1144845978999145	0.5107752873872088	-0.6627968356344819	-1.8042631396109547	0.2495243579004131	-0.7498598147753188	1.0559065227361115	-1.3961992793470492	-0.0760107741236365	-0.7773693908552708	M	False
48	H	P	P48H	0.7618003931787016	1.149841090259404	-0.2126886369437671	0.8110080204440532	-1.259255763827314	0.668475574627018	0.3198634462896826	0.8971235995532718	0.9558207417190528	0.299159691750143	-0.295390094600148	M	False
48	I	P	P48I	0.1357919221247945	1.5060625433859172	-0.2797586628499243	-0.0969084512531249	0.5340265108749994	1.185298783408528	0.497418774281865	0.7183153745099552	0.8209272327553558	-0.1883335570515246	0.8596626471417637	M	False
48	K	P	P48K	0.1560960477129624	0.9364043886701472	0.0532246239354727	0.112027035919822	0.6161003241018554	0.5969901477908583	0.4118070946885197	0.356389791970909	0.5462502181915548	0.0826258299276474	0.6065452359463569	M	False
48	L	P	P48L	-0.2584974203210073	0.5435618491886302	0.3261137055178935	-0.1067900191410479	-6.030623260874597	-2.176180234722625	-1.2837358967254588	2.5177904944880067	0.1425322144338114	0.1096618431884227	-4.10340174779861	M	False
48	M	P	P48M	0.735007769473971	1.4474828208224235	-0.0243266383185776	0.0408390513918937	1.3546844279813706	0.8193607949190886	0.7288413710450283	0.6256142738139034	1.0912452951481972	0.008256206536658	1.0870226114502295	M	False
48	N	P	P48N	-0.554985470097849	0.3639279827997124	0.3718265678621225	-0.181277677526391	-0.2346169575132177	-0.1708034817817258	-0.0676548393762248	0.3656022220986269	-0.0955287436490683	0.0952744451678657	-0.2027102196474718	M	False
48	P	P	P48P	0.7010332583607368	0.3309402096099878	0.1386737027190936	-0.049671716167838	0.1327894034192338	-0.2084333439387938	0.1742219190004033	0.3167410769200297	0.5159867339853623	0.0445009932756278	-0.0378219702597799	S	False
48	Q	P	P48Q	-0.046941734022833	1.054072023787724	0.2435099909150924	1.009870512005657	0.5252710301972099	0.4615805176592273	0.5412270567570129	0.4298401544925508	0.5035651448824454	0.6266902514603747	0.4934257739282186	M	False
48	R	P	P48R	-0.8279509671330101	1.3418099562642851	1.5516888895224936	0.6240334913499782	1.5264372272553794	-1.5757599877058093	0.4400431015922195	1.3367359897117113	0.2569294945656375	1.087861190436236	-0.0246613802252149	M	False
48	S	P	P48S	-0.0671484403637916	0.6489101180186223	0.6139291572193555	0.8733711676912554	0.1566813695733385	-0.5794325378068673	0.2743851390553188	0.5429267632347721	0.2908808388274153	0.7436501624553055	-0.2113755841167643	M	False
48	T	P	P48T	0.0548201168867133	0.7638534598721998	-0.2942437966568499	1.2299247976364938	-1.2901041831766886	0.2217847222048835	0.1143391861277919	0.8741725622134001	0.4093367883794565	0.4678405004898219	-0.5341597304859026	M	False
48	V	P	P48V	-0.1796507493170461	-0.6235680953812343	0.024233579708741	-0.9647266276738388	-0.393906641157979	-0.723167430071655	-0.4767976606488353	0.3651065084326996	-0.4016094223491402	-0.4702465239825488	-0.5585370356148169	M	False
48	W	P	P48W	-1.1788710936969249	0.2586470645824537	-0.0211238939136085	0.2304645833544704	0.5754144680474981	0.6174675301046243	0.0803331097464188	0.6608847119261931	-0.4601120145572356	0.1046703447204309	0.5964409990760612	M	False
48	Y	P	P48Y	0.0488056283434365	0.8542578157094178	-0.0354115000116978	-0.6473080794203908	-0.0116482206900459	0.2938652842353568	0.083760154694346	0.4892439134648612	0.4515317220264271	-0.3413597897160443	0.1411085317726554	M	False
5	A	A	A5A	0.3003104326439355	0.8523683408788818	0.7046065059035291	0.9622829980583912	-0.2671008089759072	0.0493794639606793	0.433641155411585	0.4867628384783894	0.5763393867614086	0.8334447519809602	-0.1088606725076139	S	False
5	C	A	A5C	-0.063907543340732	1.4178530088577834	-0.101663552770522	-3.191614619000074	-1.165857436895334	-1.3783152784780646	-0.7472509036044905	1.556907433049485	0.6769727327585257	-1.646639085885298	-1.2720863576866992	M	False
5	D	A	A5D	-0.2067824382673506	0.6255756167166645	0.1915543476093512	0.4958387988695422	4.364156560932528	-0.4572917321063694	0.8355085256257277	1.7766926717799156	0.2093965892246569	0.3436965732394467	1.9534324144130797	M	False
5	E	A	A5E	-0.1280559217140726	0.2677567102431902	-0.2496883640842548	0.226109843031938	0.1837841725657454	-0.1027268839599906	0.0328632593470926	0.2188201942808821	0.0698503942645588	-0.0117892605261584	0.0405286443028774	M	False
5	F	A	A5F	-0.0272197921122756	0.1330800758707782	-0.3023196401850978	-0.068879986860604	-0.3485065216495113	0.4150509716751831	-0.0331324822102545	0.2834538331242848	0.0529301418792512	-0.1855998135228509	0.0332722250128358	M	False
5	G	A	A5G	-0.3260750043742763	-0.0720445209041011	0.7562629305424429	0.4591532317267162	0.5853798604848531	-0.2256712000013197	0.1961675495790525	0.4597776545922863	-0.1990597626391887	0.6077080811345795	0.1798543302417666	M	False
5	H	A	A5H	0.1404791320189214	0.3719573807304464	0.6595873780897409	0.8114832975211519	1.096569639338059	1.0056809409260057	0.6809596281040542	0.3696675179990504	0.2562182563746839	0.7355353378054463	1.0511252901320325	M	False
5	I	A	A5I	-0.9405944383305476	-0.6280739653613148	0.4285574609275599	-0.3085778878130077	-9.429732892572911	-2.246074598622804	-2.1874160536288376	3.655517916557324	-0.7843342018459312	0.0599897865572761	-5.837903745597858	M	False
5	K	A	A5K	-0.0091131516555984	0.2987950872721196	0.0308628124833967	0.6824879073813046	0.3371775142312614	0.3219000034332581	0.277018362190957	0.2501907516255913	0.1448409678082605	0.3566753599323506	0.3295387588322598	M	False
5	L	A	A5L	-2.3250418378278512	1.872592750157117	-1.6330593057593532	-1.478329671611438	-1.5251513963324703	-1.12907708889831	-1.0363444250453844	1.4779450409375163	-0.2262245438353672	-1.5556944886853956	-1.32711424261539	M	False
5	M	A	A5M	-0.1401317692445643	-0.1415096590526121	0.1949765579306315	0.0653181316338056	-0.5121352587387796	0.2836938967171197	-0.0416313501257331	0.2878575853499917	-0.1408207141485882	0.1301473447822186	-0.1142206810108299	M	False
5	N	A	A5N	-0.0871866703739337	0.3803812519356636	-0.0249720009229055	0.168225996308906	0.4040074366047083	0.2124296002121009	0.1754809356274232	0.2023867536403401	0.1465972907808649	0.0716269976930002	0.3082185184084046	M	False
5	P	A	A5P	-0.4280995080918519	-0.1207639522455486	-0.139526055474963	0.9820766218221452	1.5159690444255487	-0.5944171196825637	0.2025398384587944	0.8470129480860596	-0.2744317301687002	0.4212752831735911	0.4607759623714925	M	False
5	Q	A	A5Q	0.6249029104910832	0.7846518781497875	1.2831242682854944	1.3720035649455036	1.7093730037424624	1.2950280325734695	1.1781806096979668	0.4013428121134288	0.7047773943204354	1.327563916615499	1.502200518157966	M	False
5	R	A	A5R	-2.7258302392639697	-1.553631306321299	-0.7305993226478531	-0.8997710576988147	4.429827634336579	2.6398020633336223	0.1932996286230441	2.74062122084578	-2.1397307727926345	-0.8151851901733339	3.5348148488351008	M	False
5	S	A	A5S	0.4487582030324893	1.2096968539115192	-0.1702003482442534	-1.2572605861583193	0.9780264804045916	0.6137355967030419	0.3037926999415115	0.900432106825219	0.8292275284720043	-0.7137304672012863	0.7958810385538166	M	False
5	T	A	A5T	-0.1805671767804833	-0.199111784730938	0.2482834063445207	0.6717450522631379	-0.045497929977355	0.1598014168741807	0.1091088306655104	0.3290331916835466	-0.1898394807557107	0.4600142293038293	0.0571517434484128	M	False
5	V	A	A5V	0.2874361034887839	0.657275171682902	0.9390038671752986	2.0011112237843185	1.0584781304250226	0.4357242832358289	0.8965047966320258	0.6146073638851702	0.472355637585843	1.4700575454798086	0.7471012068304257	M	False
5	W	A	A5W	-0.0161508130121815	0.5507113097044015	0.4903416948090754	0.5440198006399999	-0.027306801947412	0.6307115257909575	0.3620544526641401	0.3006587589239621	0.26728024834611	0.5171807477245376	0.3017023619217727	M	False
5	Y	A	A5Y	-0.2808024765911425	0.1693506431605165	0.5463493205099835	1.11739944184342	-0.9069552628552549	1.6025670088150534	0.3746514458137626	0.9168659002617038	-0.055725916715313	0.8318743811767018	0.3478058729798993	M	False
374	A	R	R374A	-1.6907702113589609	1.3849247394580966	0.6179722976111127	-1.4064627132595846	0.3793411475162322	0.6635584174036179	-0.0085727204382476	1.242619498984144	-0.1529227359504321	-0.3942452078242359	0.521449782459925	M	False
374	C	R	R374C	-0.1279336201471612	-0.7984356603118372	0.8450014962753332	-0.0776339359176655	-0.4483948199517549	0.198876201783504	-0.0680867230449303	0.5633322143461343	-0.4631846402294992	0.3836837801788338	-0.1247593090841254	M	False
374	D	R	R374D	1.0011375957444248	0.1055715845958167	0.7842122105467162	0.0457961591736724	0.6052374064858231	0.8645180791975038	0.5677455059573262	0.4025424188115363	0.5533545901701208	0.4150041848601943	0.7348777428416635	M	False
374	E	R	R374E	0.0704131496882586	0.8604571591244485	0.5380583995198809	-0.3329047477265917	0.0221685545411109	-0.1416472440840426	0.1694242118438441	0.44587104680702	0.4654351544063536	0.1025768258966445	-0.0597393447714658	M	False
374	F	R	R374F	-0.6364111039722612	1.3567958129438322	-0.1219005774675009	-0.4026894863313104	0.7282438929176459	-0.1860309890937244	0.1230012581661135	0.7611968712339992	0.3601923544857855	-0.2622950318994057	0.2711064519119607	M	False
374	G	R	R374G	0.4188197666270465	1.463905536062538	1.2039701896011974	0.5064045675434211	-0.520764866018159	-0.5455521597697882	0.421130505674376	0.8401353470435964	0.9413626513447922	0.8551873785723092	-0.5331585128939735	M	False
374	H	R	R374H	0.3613283294348045	-1.4735037298969949	1.3071289106393136	0.0954520266309843	-0.0889694618664561	-1.164083252096687	-0.1604411961925059	1.0225483460875868	-0.5560877002310952	0.701290468635149	-0.6265263569815716	M	False
374	I	R	R374I	-1.2615600795387685	-0.9953730746856098	1.0634840191357844	-0.6203808306473736	0.3997146483071864	0.0315459544599679	-0.2304282271614688	0.8877337400554671	-1.1284665771121891	0.2215515942442054	0.2156303013835771	M	False
374	K	R	R374K	0.6141615499756266	1.6811112688817689	0.813295058973819	-0.0471714196412942	0.1427962347168803	-0.1908175118640008	0.5022291968404666	0.6943198966097837	1.1476364094286975	0.3830618196662624	-0.0240106385735602	M	False
374	L	R	R374L	1.384054483265273	1.4038433146016611	0.0995531684617055	0.6931217109783088	-0.4530050877694792	-0.1759744700768835	0.4919321865767643	0.7950985310892529	1.3939488989334672	0.3963374397200071	-0.3144897789231813	M	False
374	M	R	R374M	1.3182788689929528	-1.1012296013513516	0.5662195306600132	-1.1592335969682577	1.245535465926343	1.722303933983059	0.4319791002071264	1.2659420745331067	0.1085246338208005	-0.2965070331541222	1.483919699954701	M	False
374	N	R	R374N	0.0041139010628029	-0.3010242263824725	0.0308068256482522	0.9089884114960778	-0.4968729203339235	0.0493630346902437	0.0325625043634967	0.4818296399775049	-0.1484551626598348	0.469897618572165	-0.2237549428218399	M	False
374	P	R	R374P	-0.1898978938083368	0.1089948494268491	0.3181333347124109	-0.0037875202779426	-0.2906775796613764	-0.1425920943120263	-0.033304483986737	0.222411816231003	-0.0404515221907438	0.1571729072172341	-0.2166348369867013	M	False
374	Q	R	R374Q	-0.2947709039861749	-0.61928890637086	-0.0772701306707349	-0.0156500413836465	0.1461813145144569	0.386997405807216	-0.0789668770149572	0.3493839135111238	-0.4570299051785174	-0.0464600860271907	0.2665893601608365	M	False
374	R	R	R374R	0.5304967951392316	-0.6730462746016684	0.0566503755782115	0.2550814601596448	-0.2111529146000825	0.304853442306237	0.043813813996929	0.4309749938515774	-0.0712747397312184	0.1558659178689281	0.0468502638530772	S	False
374	S	R	R374S	0.2984751751236895	-1.712168835182234	0.792258009389599	-0.253855514024793	-0.3277328654657997	-0.0340777497550028	-0.2061836299857568	0.8445383252721376	-0.7068468300292723	0.269201247682403	-0.1809053076104013	M	False
374	T	R	R374T	0.3723002605038252	-0.7528475567660947	0.4838649020223825	-0.8815232658093347	-0.0816478232446712	0.7455658397693763	-0.0190479405874194	0.6748263900441441	-0.1902736481311347	-0.1988291818934761	0.3319590082623525	M	False
374	V	R	R374V	1.03099655620148	-0.4229290216462525	0.2021242156945701	-0.3804366886647816	0.0085197186892741	-0.233997684693652	0.034046182596773	0.5431909011856502	0.3040337672776138	-0.0891562364851057	-0.1127389830021889	M	False
374	W	R	R374W	1.3145993168808572	0.8990916055702707	0.7876112605992995	0.1511334299882322	-0.2155610068957169	0.1240672613450497	0.5101569779146654	0.5796564967245306	1.1068454612255638	0.4693723452937658	-0.0457468727753335	M	False
374	Y	R	R374Y	-0.5871298390784302	-3.046023503819647	0.3574383201689382	-0.0314338020187364	-1.6742340822645838	0.299621735912514	-0.7802935285166575	1.3410008108401898	-1.8165766714490383	0.1630022590751009	-0.6873061731760348	M	False
318	A	Q	Q318A	1.2390506029962998	-0.574641201875651	-0.8099698232650918	-0.8585775772455384	2.2531350030407915	1.547095082364519	0.4660153476692215	1.3730086808649102	0.3322047005603243	-0.8342737002553151	1.9001150427026552	M	False
318	C	Q	Q318C	-1.0487352763363469	-0.2568408526769903	0.3961518252795694	0.4462263823789286	0.9367028690207528	-1.6618260177855129	-0.1980535116865998	0.9925315081861772	-0.6527880645066686	0.421189103829249	-0.36256157438238	M	False
318	D	Q	Q318D	1.895382969157957	0.8797759087687186	2.856845426330479	0.1193321731451973	2.463391239316973	1.652383293185521	1.6445185016508077	1.011366257972662	1.3875794389633378	1.4880887997378385	2.057887266251247	M	False
318	E	Q	Q318E	0.3013310782598808	-1.3127740490214883	0.0650276981482603	-0.1282081302496649	1.453731629355544	-1.4352182345609608	-0.1760183346780715	1.079086127688246	-0.5057214853808037	-0.0315902160507023	0.0092566973972916	M	False
318	F	Q	Q318F	-0.2780855482514459	0.2743872172960113	0.7988161723755968	0.0449317468597924	2.87727798031305	2.152826488841599	0.978359009572434	1.2619840263386457	-0.0018491654777172	0.4218739596176946	2.5150522345773245	M	False
318	G	Q	Q318G	1.0599806933702436	-1.1955828739795054	2.150156650622	-2.168164253539355	-3.6413963358478303	0.016879081454337	-0.6296878396533517	2.13345254726153	-0.0678010903046308	-0.0090038014586775	-1.812258627196747	M	False
318	H	Q	Q318H	1.0582079987767317	-0.3275598392516505	0.8671172906777938	0.4386142007252424	0.4166675884356756	1.21808118702265	0.6118547377310738	0.562585240965919	0.3653240797625405	0.6528657457015181	0.8173743877291628	M	False
318	I	Q	Q318I	-0.8462112228021217	-0.3149868448724595	0.1238069574200019	0.040071737732774	-0.611251953812462	0.878633742154745	-0.1216562640299203	0.6146623101078491	-0.5805990338372906	0.0819393475763879	0.1336908941711415	M	False
318	K	Q	Q318K	0.3147441823455584	-0.7065523524096995	0.1659989899130104	1.049670104583087	-0.8438242631733816	0.1528049766067151	0.0221402729775483	0.7014400498965566	-0.1959040850320705	0.6078345472480486	-0.3455096432833332	M	False
318	L	Q	Q318L	2.057444139020769	-2.1176283717526214	0.3694469378107759	-0.1397893540281231	0.9318753659964448	2.269377410701778	0.5617876879581705	1.612345589587178	-0.0300921163659262	0.1148287918913264	1.6006263883491114	M	False
318	M	Q	Q318M	-7.492175314305912	-0.8255093867212949	-0.6127796879022631	2.092647924489993	-0.9195055434917504	-0.3370157168595863	-1.3490562874651355	3.2127304215282333	-4.158842350513604	0.7399341182938649	-0.6282606301756684	M	False
318	N	Q	Q318N	1.0266790284386087	0.1025244559068422	0.0511377537877322	-1.160542988997204	-1.0164700095978711	0.2721183221858489	-0.1207589063793405	0.8287122023391705	0.5646017421727255	-0.5547026176047359	-0.3721758437060111	M	False
318	P	Q	Q318P	0.3876519362790829	-1.9975898659306957	1.212586881442306	-0.15806507052562	1.167275402792295	2.3535569211816885	0.4942360342065094	1.488095246272446	-0.8049689648258064	0.527260905458343	1.7604161619869916	M	False
318	Q	Q	Q318Q	0.7458767097486757	0.8385456720047806	0.2475479485363661	0.5798067518678958	0.808960597591001	0.2301021147216959	0.5751399657450692	0.2755340693962807	0.7922111908767282	0.4136773502021309	0.5195313561563485	S	False
318	R	Q	Q318R	1.823355353118387	0.2258034878837317	-0.4981097329627983	0.7596765834136366	0.1693318911349857	0.607357866027519	0.5145692414359103	0.7758481317544698	1.0245794205010594	0.1307834252254191	0.3883448785812524	M	False
318	S	Q	Q318S	0.7745885466439482	-1.033506767504396	0.2149280041919628	-0.4357238862753158	-2.418691309704361	0.8793289466907765	-0.3365127443262309	1.252837985749958	-0.1294591104302239	-0.1103979410416764	-0.7696811815067923	M	False
318	T	Q	Q318T	-0.9890210883234744	-1.1590755169976186	-0.3681901839528671	0.0714692436722002	-0.3588759293391009	0.147483815607106	-0.4427016098889591	0.5360831554409345	-1.0740483026605463	-0.1483604701403334	-0.1056960568659974	M	False
318	V	Q	Q318V	-5.399784192888909	-0.1403540648083206	0.3203747404483681	-0.1557548388611072	0.0724821098831417	1.8323024738634857	-0.5784556287272236	2.47625477941868	-2.770069128848615	0.0823099507936304	0.9523922918733138	M	False
318	W	Q	Q318W	1.6264420146521923	-0.7607140048420798	0.2758428153165478	0.7570944184401771	0.8874167410713625	0.5541197779872109	0.5567002937709018	0.7884600864427381	0.4328640049050562	0.5164686168783625	0.7207682595292867	M	False
318	Y	Q	Q318Y	-1.6982520826336398	-2.924156648098036	-0.8478672034497625	2.140831811907561	1.4286411356832915	0.6487976967474774	-0.2086675483071847	1.9461496834477383	-2.311204365365838	0.6464823042288993	1.0387194162153846	M	False
319	A	L	L319A	1.3229546147545674	-1.9736296077058204	0.4933237300564189	-0.3997371874892832	2.3158264551739025	1.0209747322543334	0.4632854561740198	1.4944043598559908	-0.3253374964756265	0.0467932712835678	1.668400593714118	M	False
319	C	L	L319C	2.5207990242967675	0.0918485960437231	0.8737720805329392	-0.2736753308937507	0.878520250692292	-1.0640840725490706	0.5045300913538168	1.2310977854573146	1.3063238101702452	0.3000483748195942	-0.0927819109283892	M	False
319	D	L	L319D	0.0764624264728507	-1.233259215141866	-0.6131341376501679	0.5169839245553439	-1.1540960460744756	0.8447369192207341	-0.2603843547695967	0.8727770295329395	-0.5783983943345076	-0.0480751065474119	-0.1546795634268707	M	False
319	E	L	L319E	-0.3817832839705426	-4.073540111318916	-1.4979998005787851	0.5061146390662175	-0.2496036010518549	-2.678237455523616	-1.395841602229583	1.7195730923454948	-2.2276616976447294	-0.4959425807562838	-1.4639205282877354	M	False
319	F	L	L319F	0.1817751641548867	0.3859533202960409	1.2950190281463092	1.5066606219384997	0.7431094462370992	-0.5083859428128561	0.6006886063266633	0.7449576892716394	0.2838642422254638	1.4008398250424046	0.1173617517121215	M	False
319	G	L	L319G	-0.2627783082548758	-1.6801720761633996	-0.7879539843285591	-0.1107588424023403	-0.5580427290821629	0.839172838861399	-0.4267555168949898	0.8304301007502546	-0.9714751922091376	-0.4493564133654497	0.140565054889618	M	False
319	H	L	L319H	0.2167127091053391	-0.7866086127423733	0.4449375592677602	-0.773089044241813	0.5449501360127603	-0.3883346357147726	-0.1235719813855165	0.6029109125628636	-0.284947951818517	-0.1640757424870264	0.0783077501489938	M	False
319	I	L	L319I	1.4849298228618053	1.9980996494883356	-0.8903033088866057	0.3088936542138649	-1.322716669479993	1.402229742656264	0.4968554818089452	1.3652918720644565	1.7415147361750705	-0.2907048273363704	0.0397565365881354	M	False
319	K	L	L319K	-0.4088240468188467	-2.130806214050024	-0.6262799109683096	-1.3529307754078097	3.1109627575719623	0.7822596257685825	-0.1042697606507408	1.8522908376499605	-1.2698151304344354	-0.9896053431880596	1.9466111916702724	M	False
319	L	L	L319L	1.086080292527727	0.8277282101778903	0.8262793781174336	0.337910412119567	-1.0648443939248176	1.5477328270626531	0.5934811210134089	0.903069974066996	0.9569042513528088	0.5820948951185003	0.2414442165689178	S	False
319	M	L	L319M	2.186143853519934	0.4922626661686592	1.1041851790929345	0.715905804115813	-0.6807988262087288	0.8516144875331325	0.778218860703624	0.9282542988961688	1.3392032598442964	0.9100454916043736	0.0854078306622018	M	False
319	N	L	L319N	-0.7310285941707374	0.0217792661579419	0.4719405423807642	-0.593161220000494	0.2428755979770837	0.4487124251465524	-0.0231469970848148	0.5227928741125126	-0.3546246640063977	-0.0606103388098648	0.3457940115618181	M	False
319	P	L	L319P	1.1185994955907668	0.6285500573982531	0.4950148304809172	0.7433986359653292	0.7704813134389623	1.2759049295963352	0.8386582104117606	0.2984997490528071	0.8735747764945099	0.6192067332231233	1.0231931215176489	M	False
319	Q	L	L319Q	1.3124601872708048	1.3723429346886262	2.7215511156217045	1.3459189596486665	1.8739693923007417	0.0465326733828984	1.445462543818907	0.8720057309348164	1.3424015609797155	2.0337350376351857	0.96025103284182	M	False
319	R	L	L319R	-1.229598429993174	-1.3590029485325787	-0.3644247343126947	-0.0670824984211465	0.0627460185139485	0.9217041632917256	-0.3392764049089866	0.8554450906558615	-1.2943006892628763	-0.2157536163669206	0.492225090902837	M	False
319	S	L	L319S	0.5595418910742967	-1.1893676124863504	0.1699191607534636	0.7210210546204259	-0.8049128518299251	0.320505343624003	-0.0372155023740143	0.7770102625482389	-0.3149128607060268	0.4454701076869447	-0.242203754102961	M	False
319	T	L	L319T	1.01817403574371	-1.8894573162780084	-0.9779532360580598	-0.0115636890678008	-0.2633712926494868	0.946306819280287	-0.1963107798382264	1.1222198597640745	-0.4356416402671492	-0.4947584625629303	0.3414677633154001	M	False
319	V	L	L319V	0.1123111453984771	-1.9848886885444592	0.3686490532561468	-0.0099190859542964	-0.043424616345869	-1.2281827589203258	-0.4642424918517211	0.9279643798330884	-0.9362887715729912	0.1793649836509251	-0.6358036876330975	M	False
319	W	L	L319W	0.4337793401082176	0.0251670413940247	-1.643066403711843	0.3275952682723782	0.7722895110206225	-0.1879590050938729	-0.0453657080017454	0.8503170178623526	0.2294731907511211	-0.6577355677197324	0.2921652529633747	M	False
319	Y	L	L319Y	0.4409093310672552	-3.390344651089517	-0.3495799750540866	-0.2988581177623335	-0.0496984149145197	3.2299029245895476	-0.069611483860609	2.112156647008465	-1.474717660011131	-0.3242190464082101	1.590102254837514	M	False
299	A	S	S299A	-0.7357636569770241	-1.2755337857001363	0.349569074929562	-0.1983387365556621	1.385258990874894	-1.820391814738572	-0.3825333213611565	1.1562568719115718	-1.0056487213385803	0.0756151691869499	-0.217566411931839	M	False
299	C	S	S299C	-1.8986547115429273	0.525620046750906	-1.0401632446579363	-0.9882113045552998	-0.2881917521258522	0.4070491286561368	-0.5470919729124955	0.9372889654082311	-0.6865173323960106	-1.014187274606618	0.0594286882651423	M	False
299	D	S	S299D	-2.8278650344086405	-1.0331055602643824	-0.9504697699248604	0.3719370053853683	-0.7576035217868498	0.6433161559997442	-0.7589651208332701	1.235921366102357	-1.9304852973365112	-0.289266382269746	-0.0571436828935527	M	False
299	E	S	S299E	1.1093681582147454	1.169740644508195	1.5077955951913926	0.4779877331967642	0.2957021484324591	-1.4045990075019703	0.525999212006931	1.0489230498098503	1.1395544013614702	0.9928916641940784	-0.5544484295347556	M	False
299	F	S	S299F	-0.4640671644384099	-2.172984113723137	1.812161764060069	0.1071599354313688	-1.010670848394814	-1.9501906580949588	-0.6130985141933137	1.4698293942199985	-1.3185256390807736	0.9596608497457187	-1.4804307532448864	M	False
299	G	S	S299G	0.741665620426869	1.1233186982256258	3.1684243030514203	0.8068080603897546	0.7163841259173062	-0.6702964989552123	0.9810507181759606	1.2401213765885784	0.9324921593262474	1.9876161817205875	0.0230438134810469	M	False
299	H	S	S299H	1.241356285605138	0.8910503054903758	2.3722854487950262	2.0575308217834114	2.123896324605533	1.5664754909393668	1.7087657795364752	0.572993112240706	1.066203295547757	2.214908135289219	1.84518590777245	M	False
299	I	S	S299I	-0.5040809175681096	-1.595096830878454	0.0186564364620397	-0.2644107147330047	-1.2501841592365175	-0.4501138305123391	-0.6742050027443975	0.6175663750711895	-1.0495888742232815	-0.1228771391354825	-0.8501489948744283	M	False
299	K	S	S299K	2.115283959895885	-1.714127611772485	-0.0846460549279045	-1.1428606924677067	-1.7882989528469884	-6.567664725877282	-1.5303856796660802	2.8637634798481724	0.2005781740616998	-0.6137533736978057	-4.177981839362135	M	False
299	L	S	S299L	0.0754483046541154	0.7083416083290439	2.4559751756360617	0.5731014784774835	-0.3452090306147204	0.7736549060490734	0.7068854070885096	0.957840170872223	0.3918949564915797	1.5145383270567727	0.2142229377171764	M	False
299	M	S	S299M	0.7159349153585118	0.9915014534607558	-0.4896117174930993	0.3091336115974651	0.6986056112870569	-0.9006665023872894	0.2208162286372335	0.7533408613153697	0.8537181844096338	-0.0902390529478171	-0.1010304455501162	M	False
299	N	S	S299N	0.752769916557823	-1.823247724518509	-0.1564409101427245	0.9420076239877572	-0.1946172250792104	-0.0704165291252099	-0.0916574747200122	0.9793032962359528	-0.535238903980343	0.3927833569225163	-0.1325168771022102	M	False
299	P	S	S299P	-0.1460430537417594	0.4678725277659378	-0.5688741541746924	0.940356286090439	0.2858303293540231	0.3077559632356313	0.2144829830882632	0.5193295743054042	0.1609147370120892	0.1857410659578732	0.2967931462948272	M	False
299	Q	S	S299Q	0.4376198909448658	-0.2546612430862719	-2.982999076735888	0.913044617307184	2.263957126596802	0.2917335806247955	0.1114491492752479	1.7392172008446316	0.0914793239292969	-1.034977229714352	1.2778453536107988	M	False
299	R	S	S299R	-0.6346558306079142	-0.9638245186091768	-1.4072963452667506	-0.2100848395524205	0.3232395715498132	-0.2502227311654815	-0.5238074489419884	0.6127338971548235	-0.7992401746085456	-0.8086905924095855	0.0365084201921658	M	False
299	S	S	S299S	0.2607179780193694	-0.029958691850399	-0.3069622182045589	0.7377565994191283	-0.042707023923536	0.2252494535557309	0.1406826828359557	0.3581043125658956	0.1153796430844851	0.2153971906072847	0.0912712148160974	S	False
299	T	S	S299T	0.2538602876407948	-1.3422021068584655	0.8666507291724329	1.286026434956129	-0.5460849330681937	0.058394149399841	0.0961074268737563	0.950483858346254	-0.5441709096088354	1.076338582064281	-0.2438453918341763	M	False
299	V	S	S299V	2.144280372732849	1.1695962601833634	0.2010272736088143	0.1035420232899793	3.563696576932104	2.095427987985643	1.5462617491221256	1.323799532295255	1.6569383164581062	0.1522846484493968	2.8295622824588733	M	False
299	W	S	S299W	0.4435202625260318	0.2575108958167554	0.7768251161427542	-0.1760609173447017	1.161094092096377	2.81045342028777	0.8788904782541644	1.0497212843545949	0.3505155791713936	0.3003820993990262	1.9857737561920736	M	False
299	Y	S	S299Y	0.4080977168279022	-0.0391570492409601	-0.0241816281999976	-0.2282854563088076	-1.6249225179225906	-0.3353251620920634	-0.3072956828227529	0.6938311545592166	0.184470333793471	-0.1262335422544026	-0.980123840007327	M	False
74	A	P	P74A	1.2214740846388124	1.9230660312459624	1.014030939747144	0.4310939806766807	1.7330634668776386	0.6222467370133874	1.1574958733666043	0.5926554593862954	1.5722700579423874	0.7225624602119123	1.177655101945513	M	False
74	C	P	P74C	2.7844240213764526	1.2736231862997802	0.991839673554592	3.7892435360359618	4.580336872012843	1.275263676262421	2.449121827590342	1.5055791318800766	2.0290236038381164	2.3905416047952768	2.927800274137632	M	False
74	D	P	P74D	1.7307409882257478	-0.540416529595746	0.710882651078589	1.7707154305972324	1.9931885532527267	2.178644911201137	1.307292667459948	1.0386059138188697	0.595162229315001	1.2407990408379106	2.0859167322269316	M	False
74	E	P	P74E	2.3161426841072665	0.9668327752008627	-3.7230929718448422	0.7400885597649429	2.9006332832764237	-0.7068360012886509	0.4156280548693338	2.3910351481500025	1.6414877296540646	-1.4915022060399497	1.0968986409938863	M	False
74	F	P	P74F	0.0148280653209728	-0.43797444804471	0.0771822211471273	1.6219322738283628	1.1649954706176742	0.4565430323731622	0.4829177692070982	0.773957549337287	-0.2115731913618685	0.8495572474877451	0.8107692514954181	M	False
74	G	P	P74G	-1.6244934334187566	-1.81879669079031	-1.6817977390875587	-6.330988044184497	-1.9979003120519951	-2.705697452559098	-2.6932789453487027	1.824650600273271	-1.7216450621045332	-4.006392891636027	-2.3517988823055465	M	False
74	H	P	P74H	0.0835544834049877	-0.0981884076446896	-0.7829878279315355	0.6052768403646509	-1.1708388105141727	1.3898513214893988	0.0044445998614399	0.9271983602776844	-0.0073169621198509	-0.0888554937834423	0.109506255487613	M	False
74	I	P	P74I	1.0839929515343327	0.7147889277968409	2.5187409929473685	0.5164802311525862	2.9951200627523913	2.577759819299449	1.7344804975804948	1.0827581674941205	0.8993909396655868	1.5176106120499773	2.78643994102592	M	False
74	K	P	P74K	2.4220933130897	0.9598921231357836	2.2345602454376015	2.4475109148165006	2.082785936332312	2.832561528441694	2.163234010208932	0.6411570549330212	1.690992718112742	2.341035580127051	2.4576737323870033	M	False
74	L	P	P74L	-1.7689850418500783	-2.155107546684388	-3.375732583136128	-0.8165180502956997	-4.071437781269796	-1.2877645928470556	-2.2459242660138576	1.2494764677010357	-1.9620462942672332	-2.0961253167159137	-2.6796011870584255	M	False
74	M	P	P74M	-3.090952916701078	-2.5967144744264417	-3.0110755209490057	-5.144354895951555	-2.3309168012255275	-1.80288810736288	-2.9961504527694145	1.1532521434137024	-2.8438336955637595	-4.077715208450281	-2.066902454294204	M	False
74	N	P	P74N	0.8801615801925738	-0.5958816498727646	-0.1991555097402487	2.445208143845285	1.7577503777580992	1.58418725735173	0.9787116999224458	1.183261698793907	0.1421399651599046	1.123026317052518	1.6709688175549149	M	False
74	P	P	P74P	0.5914746917403055	0.1101136261237285	0.499849495222053	0.1207648483633779	-0.4161119049350328	-0.1951800583470163	0.1184851163612359	0.3881785733168612	0.350794158932017	0.3103071717927155	-0.3056459816410246	S	False
74	Q	P	P74Q	2.9779899453394623	1.3269300105482642	1.1141487045822551	4.490344634965615	0.4723638238270033	3.4140510548981298	2.299304695693455	1.5615216508141678	2.152459977943863	2.8022466697739348	1.9432074393625665	M	False
74	R	P	P74R	0.1869428263892054	0.0950467136332171	-0.6075744886014884	2.221438233042025	-1.69261982684422	0.0349147965481664	0.0396913756944842	1.280987476125206	0.1409947700112113	0.8069318722202682	-0.8288525151480268	M	False
74	S	P	P74S	-1.239617483251641	-1.9722357838336353	-2.7252969367668847	-3.0837874961610847	-1.471345190143528	-0.3879685716791332	-1.8133752436393176	0.9948619846544478	-1.605926633542638	-2.9045422164639847	-0.9296568809113306	M	False
74	T	P	P74T	0.2033824936770183	1.0336015305423525	-0.9152451397186372	-0.7301478283819587	0.4824756831491148	-0.4411448211769948	-0.0611796803181841	0.7596604370535206	0.6184920121096854	-0.8226964840502979	0.0206654309860599	M	False
74	V	P	P74V	-2.908781980572527	-4.963472273117592	-3.123554146987342	-4.95575566962971	-3.132413865021282	-2.569429447170551	-3.608901230416501	1.0660347220511834	-3.93612712684506	-4.039654908308526	-2.8509216560959167	M	False
74	W	P	P74W	-0.7482494970710596	-1.3575152423148071	-2.877155311285126	-1.9957514216323995	-0.200136687794552	0.5723018851052902	-1.1010843791654423	1.245554868035257	-1.0528823696929337	-2.436453366458762	0.1860825986553691	M	False
74	Y	P	P74Y	3.598389157010287	2.0167739386371424	1.708213171823896	3.3185948091755018	4.0954707624212405	3.321409984083872	3.00980863719199	0.937848841323658	2.8075815478237147	2.513403990499699	3.708440373252557	M	False
372	A	T	T372A	-0.5028879253443805	0.5996345499870239	1.3117673154028833	0.051244928618244	-0.4396139770173559	0.0395221454018384	0.1766111728413755	0.684615337542979	0.0483733123213216	0.6815061220105637	-0.2000459158077587	M	False
372	C	T	T372C	-0.4656738496085902	0.082428427940926	1.7689826063006129	0.3869014726365064	-0.3988739472519123	-1.398992539089669	-0.0042046381786877	1.060076720543952	-0.1916227108338321	1.0779420394685597	-0.8989332431707906	M	False
372	D	T	T372D	-0.0156879952775234	0.2820899965328207	0.2176259743236293	-0.2068519892649363	-0.326566197643883	0.2222789346255526	0.0288147872159433	0.2533935058169165	0.1332010006276486	0.0053869925293465	-0.0521436315091651	M	False
372	E	T	T372E	-1.269932694620093	0.956994963102342	-0.795010071810021	-0.213007520058752	-0.2250424399974276	-1.0474004929623066	-0.4322330427243764	0.8040797347614602	-0.1564688657588755	-0.5040087959343865	-0.6362214664798671	M	False
372	F	T	T372F	1.4515732257844298	0.3763628101050383	1.027768132032475	-1.4956768695602245	-1.3655465506316586	-0.1316521907012583	-0.0228619071618663	1.2182761679083578	0.913968017944734	-0.2339543687638747	-0.7485993706664584	M	False
372	G	T	T372G	0.3250405892639555	-0.2116374810664978	2.388500641802784	0.0953590536930824	-0.4910596129857529	-0.3109982776612244	0.2992008188410577	1.064443813953352	0.0567015540987288	1.2419298477479332	-0.4010289453234886	M	False
372	H	T	T372H	-0.462960289762025	-0.775449201254894	-1.2225758879137154	-0.0033571851946872	1.037292088288598	0.1364202270119171	-0.215105041470801	0.790862952424882	-0.6192047455084595	-0.6129665365542013	0.5868561576502577	M	False
372	I	T	T372I	0.4517921456673731	1.3723740331876384	0.6602922390734687	0.2750772344864728	0.3770373500387652	-0.5789650652323741	0.4262679895368907	0.6302874379882023	0.9120830894275056	0.4676847367799708	-0.1009638575968044	M	False
372	K	T	T372K	1.424767130294584	-0.0834215692782004	0.4293128472822582	0.5541425578584186	-0.087500559463321	-0.8737988504510115	0.2272502593737879	0.7732565842853654	0.6706727805081918	0.4917277025703384	-0.4806497049571662	M	False
372	L	T	T372L	-1.1305792121968063	-0.1053664214932185	0.562495935774033	-0.2926247285084974	-0.3532277685045878	-1.1754306530801644	-0.4157888080015403	0.657338181884174	-0.6179728168450125	0.1349356036327677	-0.7643292107923761	M	False
372	M	T	T372M	0.6373307852115335	0.0662471240140658	0.5716514295820638	0.1559774970410779	-0.0501252958029183	-0.5775425964795128	0.1339231572610516	0.4450054092857566	0.3517889546127997	0.3638144633115709	-0.3138339461412155	M	False
372	N	T	T372N	1.1515774511661043	-0.4646282489912816	0.2159187589331455	0.3030628811526223	-0.3390367442757054	0.0537781732040256	0.1534453785314851	0.5756810153049849	0.3434746010874113	0.2594908200428839	-0.1426292855358398	M	False
372	P	T	T372P	0.4441090240153613	0.3879640309081322	0.5964967744083185	0.5486440244977805	0.1930497402510867	-0.0727255853448069	0.3495896681226454	0.2505382919288632	0.4160365274617468	0.5725703994530495	0.0601620774531398	M	False
372	Q	T	T372Q	0.8212095855484067	0.7134414933105605	0.7648663004971912	-0.3912314022161456	-0.3651095145421245	-0.4708722298329874	0.1787173721274834	0.6457325507245573	0.7673255394294836	0.1868174491405227	-0.417990872187556	M	False
372	R	T	T372R	0.4388062836922554	1.1135405318054454	0.7188089543960915	0.1602713286573883	0.2726440372968738	-0.379628676403354	0.3874070765741167	0.5084965933876154	0.7761734077488505	0.4395401415267399	-0.0534923195532401	M	False
372	S	T	T372S	-0.0608267863456701	0.0715123731033682	0.7535585573391219	0.5324649807005354	0.1450819531995247	-0.6080847065449951	0.1389510619086475	0.4764776532640989	0.005342793378849	0.6430117690198287	-0.2315013766727351	M	False
372	T	T	T372T	0.9363959306740036	0.2260190825743704	0.2120636145321377	0.1563336073119371	0.3838283089051776	-0.5302413591555203	0.2307331974736843	0.470401181382809	0.5812075066241871	0.1841986109220374	-0.0732065251251713	S	False
372	V	T	T372V	1.0781230740112175	-1.191060769811791	0.7753130276551523	0.3359474329673118	0.1286139600028625	-0.772255566003243	0.0591135264702517	0.8816915384111714	-0.0564688479002867	0.555630230311232	-0.3218208030001902	M	False
372	W	T	T372W	0.1458286159452639	0.5636508192691324	-0.4410836334735559	0.3717320611365822	-0.5148437911035947	-0.4226713238386078	-0.0495645420107966	0.4691871785484603	0.3547397176071981	-0.0346757861684868	-0.4687575574711012	M	False
372	Y	T	T372Y	-0.2388460149725389	0.8223561161255403	0.3906278825751592	0.2788664741063845	-0.5112522727817752	-0.2954670577950195	0.0743808545429583	0.5057980334391101	0.2917550505765006	0.3347471783407718	-0.4033596652883974	M	False
39	A	F	F39A	0.503901252364998	-0.105272111221955	1.1553070569806052	-0.0868162235719704	0.158289795849094	-0.9368660027168482	0.1147572946139872	0.6972844883739336	0.1993145705715215	0.5342454167043174	-0.3892881034338771	M	False
39	C	F	F39C	2.679608675604952	0.4774319136672039	1.509192559999926	4.04998093533517	1.0091881592117968	-0.7421991149400794	1.4972005214798283	1.6856995879513663	1.578520294636078	2.779586747667548	0.1334945221358587	M	False
39	D	F	F39D	-1.068844681479117	-0.2516428159884423	1.859761724149317	-0.1255203864484692	0.2178156457678735	-0.4084902923333837	0.0371798656112963	0.9885581437649934	-0.6602437487337797	0.8671206688504238	-0.095337323282755	M	False
39	E	F	F39E	-1.752993219107597	-0.7900210143862318	2.0038729932208086	-1.2097458003129975	-0.2359048794809151	-0.9382798284062436	-0.4871786247455294	1.318186054989735	-1.2715071167469143	0.3970635964539055	-0.5870923539435793	M	False
39	F	F	F39F	-0.1968282788917603	-0.9647311878669526	0.880958191096419	-1.1963767971335924	0.5052136546602775	-1.169987326077053	-0.3569586240354436	0.8984928308885548	-0.5807797333793565	-0.1577093030185866	-0.3323868357083878	S	False
39	G	F	F39G	1.1861300844434235	1.5102257268930204	1.2813648744431587	3.420252552515796	1.2352775262568865	1.2548485989492977	1.648016560583597	0.8755014400048098	1.348177905668222	2.350808713479477	1.245063062603092	M	False
39	H	F	F39H	-0.9106600730104965	-1.048054095426015	-0.058699575462449	-1.188038086712043	0.8564527084020574	0.0863205088231152	-0.3771131022309718	0.8037755920503814	-0.9793570842182556	-0.6233688310872461	0.4713866086125863	M	False
39	I	F	F39I	0.3578829437606241	-0.0029879568730959	-0.0310144601045184	2.169755477188576	1.2782838523694473	-0.5795095924609458	0.5320683773133479	1.010757169948155	0.1774474934437641	1.0693705085420289	0.3493871299542507	M	False
39	K	F	F39K	0.2276250826356921	-0.4190925786565392	0.1569057819404747	-1.406044380176071	0.4300812988257717	-1.9607164450863392	-0.4952068734195018	0.9784714413718082	-0.0957337480104235	-0.6245692991177981	-0.7653175731302838	M	False
39	L	F	F39L	-0.5792547536080744	-0.1634252366996619	-0.963752837308525	0.5541885414890546	-0.1607557867297378	-0.6930455937808891	-0.3343409444396389	0.5354698429901265	-0.3713399951538682	-0.2047821479097352	-0.4269006902553135	M	False
39	M	F	F39M	1.0039770807015072	-0.3077428693959511	-2.34992989267628	1.9763522759246728	0.9249496811728088	-4.742684511003951	-0.5825130392128656	2.5236273143942856	0.348117105652778	-0.1867888083758035	-1.908867414915571	M	False
39	N	F	F39N	0.7570051065426594	0.1392717393375271	0.7380260317175105	1.529197515815705	0.7629135673175552	-1.2853228396653693	0.4401818535109313	0.9536364446664268	0.4481384229400932	1.1336117737666078	-0.261204636173907	M	False
39	P	F	F39P	1.258784016710398	1.1817158869083009	0.0848190664421583	-2.2208347993306914	0.5469798993488357	-0.3813298680330845	0.0783557003409861	1.2905853634640043	1.2202499518093497	-1.0680078664442665	0.0828250156578755	M	False
39	Q	F	F39Q	-4.07041110634238	-1.0870727115144545	0.6576286635435363	-8.410525228319663	-0.9073170007957077	-0.5471933732387884	-2.394148459444576	3.33617587613587	-2.578741908928418	-3.876448282388063	-0.727255187017248	M	False
39	R	F	F39R	-1.0966769495470308	-0.5761883485457006	-0.9451946228083804	-0.4387036016116005	0.3507408192969505	-3.1805860883025967	-0.9811014652530596	1.190322103164969	-0.8364326490463656	-0.6919491122099904	-1.414922634502823	M	False
39	S	F	F39S	-0.2429317642435647	0.2743760188820519	0.5331434367286216	0.01044781798274	0.941333992041332	-0.8804390052610305	0.1059884160216917	0.6344336661017039	0.0157221273192435	0.2717956273556808	0.0304474933901507	M	False
39	T	F	F39T	0.0853454093400513	-0.4855828772838242	0.7534150501444548	1.287671696063295	1.1875308947486145	-1.4769708651627524	0.2252348846416398	1.0729487636600556	-0.2001187339718864	1.0205433731038749	-0.1447199852070689	M	False
39	V	F	F39V	0.3050281628543795	0.5913819128601281	3.1494962423323045	1.3196048993923335	1.3670882422784707	1.0564524770535213	1.2981753227951895	0.9976898820896372	0.4482050378572538	2.2345505708623192	1.211770359665996	M	False
39	W	F	F39W	0.8102164792022163	0.9793897574408412	0.5723986862090272	2.6545973260267286	1.2076943089057806	-1.9782629051222935	0.7076722754437167	1.5071450911195727	0.8948031183215288	1.613498006117878	-0.3852842981082565	M	False
39	Y	F	F39Y	1.5792461256434398	-0.7106397684166467	-0.6205898558452659	2.103579560171848	0.9310630683330796	-0.9358674824995876	0.3911319412311445	1.3140796893851132	0.4343031786133965	0.7414948521632909	-0.002402207083254	M	False
302	A	G	G302A	-1.3648951087391756	0.7070831246944163	1.9406428796501571	0.9007970406325796	-0.7149373074095009	0.6965675046518763	0.3608763555800588	1.1962764292419568	-0.3289059920223797	1.4207199601413685	-0.0091849013788122	M	False
302	C	G	G302C	-0.9208150274286026	-1.107271415386922	-0.0054095419753431	-0.2737678003987078	0.6468340307347948	-0.0308090924719659	-0.2818731411544578	0.6467699793621698	-1.0140432214077624	-0.1395886711870255	0.3080124691314144	M	False
302	D	G	G302D	-0.6204458809969813	0.1659204298577918	0.0355446205330865	-1.440531660123505	0.9339265052047366	1.1797612109151911	0.0423625375650533	0.9738752783111032	-0.2272627255695947	-0.7024935197952092	1.056843858059964	M	False
302	E	G	G302E	0.2388193651717512	0.9189108998312906	1.221376500729536	0.6350406146694568	0.0646486863481176	-2.280330739621954	0.1330775545213663	1.2565268792533568	0.5788651325015209	0.9282085576994964	-1.1078410266369183	M	False
302	F	G	G302F	-0.3231706765349832	1.1678407905587946	-1.0497096528733865	0.0095397294379412	-0.4527376261331859	-0.1471382440368665	-0.1325626132636143	0.7336834061639499	0.4223350570119056	-0.5200849617177226	-0.2999379350850262	M	False
302	G	G	G302G	0.3881090682923533	0.0950742912273084	0.1424394255657869	0.6640575274794934	0.0555563827105472	4.336748328700083e-05	0.2242133437931293	0.2539235837144972	0.2415916797598308	0.4032484765226402	0.0277998750969171	S	False
302	H	G	G302H	0.0343380671419033	0.8428345163611843	0.5600209652864494	0.463652678788757	0.5905171611935871	-1.0891706089757456	0.2336987966326892	0.6996368744954081	0.4385862917515438	0.5118368220376032	-0.2493267238910792	M	False
302	I	G	G302I	-1.5140360403903457	0.1187489777019378	-1.340420260773815	-0.2784955493289496	-0.9620826242699014	-1.0275300324007186	-0.8339692549102987	0.6307274105964884	-0.6976435313442039	-0.8094579050513823	-0.99480632833531	M	False
302	K	G	G302K	-0.0842385907273137	0.0345480355730407	-0.4755399500614474	-0.0906740324557808	-0.6491703008959708	0.038249147309071	-0.2044709485430668	0.2879877064190564	-0.0248452775771365	-0.2831069912586141	-0.3054605767934499	M	False
302	L	G	G302L	1.3020027100123843	0.5279737265990769	1.3398020660335497	0.6143104686846742	0.6630284419506584	0.3212830238545056	0.7947334061891416	0.4241784095676027	0.9149882183057306	0.977056267359112	0.4921557329025819	M	False
302	M	G	G302M	-0.154272328906769	-0.5549337969012745	0.6488439019413811	-0.5016086869667794	0.0886223257817973	0.0044517751003689	-0.0781494683252125	0.441721824878073	-0.3546030629040217	0.0736176074873008	0.0465370504410831	M	False
302	N	G	G302N	-2.2559488558800203	0.0756436050302225	-1.0552876820300203	0.8399231631814791	-0.6692492652415957	-1.2831625452673698	-0.724680263367884	1.0823642639273705	-1.0901526254248988	-0.1076822594242706	-0.9762059052544828	M	False
302	P	G	G302P	0.3908561697632298	-0.6614111251165032	1.1179598131611892	-0.7843144062120749	-0.5924548696408729	-1.8869768529329287	-0.4027235451629934	1.038632114523618	-0.1352774776766367	0.1668227034745571	-1.2397158612869008	M	False
302	Q	G	G302Q	-0.4918124239508155	-0.2252730930930561	-1.4743624450589528	-0.1534893071674835	0.8637229430571713	-0.3791878729744561	-0.3100670331979321	0.7487165536511512	-0.3585427585219358	-0.8139258761132181	0.2422675350413576	M	False
302	R	G	G302R	0.792216414640987	1.2874111747383028	0.7078265747267939	0.9213592381455606	0.879201215694511	2.915019047800276	1.2505056109577386	0.8393689075215645	1.0398137946896449	0.8145929064361772	1.8971101317473935	M	False
302	S	G	G302S	0.1469636965384521	-1.8483346219987185	0.0250364050499937	0.1963817150677162	0.1924982925142216	0.4129375769691689	-0.1457528226431943	0.8434739504944376	-0.8506854627301331	0.110709060058855	0.3027179347416953	M	False
302	T	G	G302T	-0.7224806096153005	1.0158739781367254	0.8483649716021777	-1.2233074184366737	1.974398848133038	-0.5954432681404288	0.2162344169465896	1.2443827300648806	0.1466966842607124	-0.1874712234172479	0.6894777899963045	M	False
302	V	G	G302V	0.718897736819767	1.0582840894604215	-0.1686921163040733	0.8080519160819777	-0.4856583398703195	0.3582602743477248	0.3815239267559163	0.6015040326272697	0.8885909131400942	0.3196798998889522	-0.0636990327612973	M	False
302	W	G	G302W	2.023288685957596	2.5223463355189595	0.2091370898766237	0.9854154715903546	-0.3340970054376352	1.3981618189520444	1.1340420660763235	1.0789697819934887	2.2728175107382778	0.5972762807334892	0.5320324067572046	M	False
302	Y	G	G302Y	-1.5510949770806628	-1.3723582771781346	0.3704293720890067	0.0628754359019576	1.2941489855773896	0.6195048973468158	-0.0960824272239379	1.1343413090239227	-1.4617266271293987	0.2166524039954821	0.9568269414621028	M	False
127	A	R	R127A	0.2462582126548876	-0.3397268949543562	-2.366692197597658	-0.9149856736258912	-1.0963856436894743	0.6449471898906824	-0.6377641678869682	1.076294361776414	-0.0467343411497343	-1.6408389356117743	-0.2257192268993959	M	False
127	C	R	R127C	-2.5594106436745157	-1.2766682519606691	-1.1822187872684768	-0.273373481088721	-1.834060567317674	-0.7700767003342518	-1.315968071940718	0.802371918805103	-1.9180394478175924	-0.7277961341785989	-1.3020686338259628	M	False
127	D	R	R127D	0.4113748115583646	0.6076360868920734	0.1287539861311165	0.0768416849082655	-1.7826296337383662	2.568568315344	0.3350908751825757	1.3901459863661754	0.509505449225219	0.102797835519691	0.392969340802817	M	False
127	E	R	R127E	-0.1696835629550863	-0.2351436633605735	1.1586444717093265	-0.4152455368869872	0.2011800537156074	0.7737369629066702	0.2189147875214928	0.6245912452621283	-0.2024136131578299	0.3716994674111696	0.4874585083111388	M	False
127	F	R	R127F	1.4329654443251676	-1.1058637133797569	-0.3190690437459446	0.3979769854324371	0.5047110338732957	0.983004532265362	0.3156208731284268	0.9121235856672628	0.1635508654727053	0.0394539708432462	0.7438577830693289	M	False
127	G	R	R127G	0.1666548165211558	-0.475827461046283	-0.3433645233900432	0.4126596182531606	0.0522214587888602	-0.7689933939563046	-0.159441580804909	0.4436036455179851	-0.1545863222625636	0.0346475474315587	-0.3583859675837222	M	False
127	H	R	R127H	0.1002350948657858	0.3698608694018412	-0.4863286455391811	-1.1729057957383624	-0.3092237068031387	0.8921141712238756	-0.1010413354315299	0.7196247050593619	0.2350479821338135	-0.8296172206387717	0.2914452322103684	M	False
127	I	R	R127I	0.8322044985894292	1.707515699273054	-0.1171971953573682	1.1397010004243298	0.2878873380636738	2.086347217333271	0.9894097597210648	0.8346210563612901	1.2698600989312416	0.5112519025334807	1.1871172776984724	M	False
127	K	R	R127K	0.2347691482267505	-1.090688458684586	1.135210041043896	-0.400177732694057	1.273583648142591	-3.231494950173937	-0.3464663840232237	1.6755836661990346	-0.4279596552289177	0.3675161541749194	-0.978955651015673	M	False
127	L	R	R127L	1.1353291574368451	-3.2315359134234023	0.0199333691535464	-0.1064012559145448	-1.4731833997033583	0.9734135877005924	-0.4470740757917202	1.653001342307322	-1.048103377993279	-0.0432339433804991	-0.2498849060013829	M	False
127	M	R	R127M	0.4738973093258086	-0.3805147323609134	-1.1338226872689496	0.1374130998822617	-1.285288453438204	0.8124225119783799	-0.2293154919802695	0.8567717951535154	0.0466912884824476	-0.4982047936933439	-0.2364329707299121	M	False
127	N	R	R127N	1.0425772057446887	-0.5744472794345162	1.0997360384303256	1.226722987596642	-0.0577134958432729	3.852233553444618	1.0981848349897476	1.5322010414033027	0.2340649631550862	1.1632295130134838	1.897260028800673	M	False
127	P	R	R127P	1.141038913348489	0.511210224797342	1.2463589964571873	1.3724159898865675	1.341571427070121	2.4747512844504196	1.347891139335021	0.6361739959935079	0.8261245690729155	1.3093874931718774	1.9081613557602704	M	False
127	Q	R	R127Q	0.387204748549008	0.3762542561840654	1.261159472395722	0.4311561782215509	1.3519613424644306	-0.1932092373075578	0.6024211267512032	0.5925496847673877	0.3817295023665367	0.8461578253086365	0.5793760525784364	M	False
127	R	R	R127R	-0.5988291387673268	-0.4956675117186619	-0.2511570504975324	-0.1650490558114904	-0.670801126999023	-0.5423173974657647	-0.4539702135432999	0.2010732490009432	-0.5472483252429944	-0.2081030531545114	-0.6065592622323939	S	False
127	S	R	R127S	0.1853720490240292	-0.4622064593936988	-1.1617808802184435	0.180073331912947	-0.4407938692902184	0.7918005431291508	-0.151255880806039	0.6803140616810731	-0.1384172051848348	-0.4908537741527483	0.1755033369194661	M	False
127	T	R	R127T	-0.9426619759797116	0.6054401997731169	-0.5504465956908358	-0.6056592451883763	0.6217291288263258	-0.6191819625765834	-0.2484634084726773	0.681837668768929	-0.1686108881032972	-0.5780529204396061	0.0012735831248711	M	False
127	V	R	R127V	0.4343435048546447	-0.1940684096935471	0.1711426153242028	0.3170362610120676	-1.6331444791018956	-1.0576599115528065	-0.327058403192889	0.8366744644076712	0.1201375475805487	0.2440894381681352	-1.3454021953273512	M	False
127	W	R	R127W	-0.7233745487796766	-0.6139305744007149	-0.0507756388712306	-0.0791508185293356	-0.915064543232236	-0.8763674170403647	-0.5431105901422597	0.385894491996353	-0.6686525615901957	-0.0649632287002831	-0.8957159801363004	M	False
127	Y	R	R127Y	1.8862001734706335	0.6166184362324801	0.9205398241378412	0.8627920688621268	-2.504707507904228	1.8376158522411847	0.6031764745066731	1.612279980424471	1.2514093048515569	0.891665946499984	-0.3335458278315215	M	False
150	A	T	T150A	-0.1806734011000512	0.3534240323126792	0.8813689513820145	-0.0243543561369732	0.4329293888916705	-0.1152658388138851	0.2245714627559091	0.4081852044506032	0.086375315606314	0.4285072976225206	0.1588317750388927	M	False
150	C	T	T150C	-0.3108556523082302	-0.5915086276409037	1.0922039275919375	-0.3378587228762172	-3.0583065434308567	-0.2001090835805217	-0.5677391170407987	1.357415776984358	-0.451182139974567	0.3771726023578601	-1.629207813505689	M	False
150	D	T	T150D	1.0691237538109033	-0.5548361672502455	3.0138744429979027	-1.5068130254820309	1.038283948620648	0.567529048274594	0.6045270001619619	1.5499805702278795	0.2571437932803289	0.7535307087579359	0.8029064984476211	M	False
150	E	T	T150E	0.0227998869986165	0.9404144785794752	0.8881499974454009	0.3360153785334707	-0.4800857350394788	0.6934824507358712	0.400129409542226	0.5545078782354094	0.4816071827890458	0.6120826879894359	0.1066983578481962	M	False
150	F	T	T150F	-0.4516073346291278	0.5898943760453594	2.4382603667818534	1.8674378176456927	-0.347553038413511	1.7908786467254385	0.9812184723592842	1.2276533287036964	0.0691435207081158	2.1528490922137733	0.7216628041559637	M	False
150	G	T	T150G	-2.990957806434604	-1.868932090356493	-1.314262298343414	-1.9083764221657733	-0.9007023464989624	-0.2694804161130057	-1.542118563318709	0.9405347571914356	-2.4299449483955486	-1.6113193602545937	-0.585091381305984	M	False
150	H	T	T150H	-1.4260346515939797	0.0925481943364116	0.8077748798367631	-0.2814768024335239	-1.021327867778494	-0.1840192892906383	-0.3354225894872435	0.7969684151492104	-0.666743228628784	0.2631490387016196	-0.6026735785345662	M	False
150	I	T	T150I	-0.3809862759296915	-0.1320157289626777	-2.2797548184219756	0.0074289459727067	0.2245670216668175	-0.3396308645915429	-0.4833986200443939	0.9081464675629544	-0.2565010024461847	-1.1361629362246344	-0.0575319214623626	M	False
150	K	T	T150K	3.6909573042732826	-0.8068985680905234	2.103594145361389	-1.7757587124119305	0.1159333884782361	2.021986442146316	0.8916356666261283	2.058371356439312	1.4420293680913796	0.1639177164747292	1.0689599153122762	M	False
150	L	T	T150L	2.1956772517847094	0.8520537468084144	3.654618542934718	2.293903756726554	0.6023530599595351	-1.9219151810252424	1.2794485295314482	1.9183264192789709	1.523865499296562	2.974261149830636	-0.6597810605328536	M	False
150	M	T	T150M	2.1805245885118816	1.4196373276286325	2.9887548697249047	-1.207301202322074	0.0170644817708533	0.073493593983004	0.9120289432162004	1.5604615492119265	1.800080958070257	0.8907268337014154	0.0452790378769286	M	False
150	N	T	T150N	-0.5806528187647694	0.4211488916923534	-0.0166089929222181	1.2010274757547803	-0.7088202580103548	-1.3417710169577015	-0.170946119867985	0.9038481184140412	-0.0797519635362079	0.5922092414162811	-1.025295637484028	M	False
150	P	T	T150P	3.0784639282206125	-0.1109554338788538	0.2843491395096371	0.7687903727712652	1.1425920780283554	-0.0219391063989869	0.8568834963753382	1.1884146043421528	1.4837542471708791	0.5265697561404511	0.5603264858146842	M	False
150	Q	T	T150Q	-1.4695824223311107	-1.668634161991054	-2.6047226891010915	-1.2611080610789407	-1.6110912552638643	-0.015271641246884	-1.4384017051688245	0.8367601513746995	-1.5691082921610824	-1.932915375090016	-0.8131814482553742	M	False
150	R	T	T150R	-5.58845694780349	-1.3334300183450123	-2.358702573942646	-2.312432250851948	1.732705852549822	-0.3903910957030021	-1.7084511723493794	2.4315242029489785	-3.460943483074251	-2.335567412397297	0.67115737842341	M	False
150	S	T	T150S	0.7928177253197868	-0.5781193070230869	1.7600766419336231	-1.4022618471452386	1.5971183330397247	0.4308253909811614	0.4334094895176618	1.235825612762214	0.1073492091483499	0.1789073973941922	1.0139718620104432	M	False
150	T	T	T150T	0.1413447231397342	-0.0828989771906476	0.493394391891843	-0.0175210745356227	-0.3463938848528768	0.269207988200542	0.0761888611088286	0.2926529665709873	0.0292228729745433	0.2379366586781101	-0.0385929483261674	S	False
150	V	T	T150V	-0.2755841500536079	-0.1191228505325674	-0.6501539249111911	-1.5161708049073015	0.518633426620268	0.4436437940583465	-0.2664590849543422	0.755170006885415	-0.1973535002930877	-1.0831623649092463	0.4811386103393072	M	False
150	W	T	T150W	-0.2415913307182792	-0.4577441684192577	-0.2178958873170877	-0.9383665965989936	1.40083725538639	-0.5675806468781426	-0.1703902290908951	0.8131669456998046	-0.3496677495687684	-0.5781312419580407	0.4166283042541236	M	False
150	Y	T	T150Y	1.6244576611883337	-0.1874742169191164	0.6592763084346884	1.2812108357187075	0.9820149925927696	1.3275349503074878	0.9478367552204784	0.6459862435242375	0.7184917221346085	0.970243572076698	1.1547749714501288	M	False
64	A	V	V64A	1.481672575947497	-0.4567988516600359	0.34969646756293	0.0439930223345785	-0.4682669880823001	-0.511060948663359	0.0732058795732183	0.7715626324783712	0.5124368621437304	0.1968447449487542	-0.4896639683728296	M	False
64	C	V	V64C	0.7761150288606609	0.0105690660542093	0.6881029454307009	-0.0544986242069794	0.4723649695760515	0.6065606887369773	0.41653567907527	0.3546701872667012	0.3933420474574351	0.3168021606118607	0.5394628291565144	M	False
64	D	V	V64D	-0.4180091409719756	-0.6537939860848083	-0.4107326761273825	0.1666253263518357	-0.6453950518308114	-0.5577575240565821	-0.419843842119954	0.3061563870869146	-0.535901563528392	-0.1220536748877734	-0.6015762879436968	M	False
64	E	V	V64E	1.922474195145452	1.81345486938099	1.178788019947483	1.1656296130706516	2.0122926499622955	2.0414300116639517	1.6890115598618038	0.4081561198008565	1.867964532263221	1.1722088165090674	2.026861330813124	M	False
64	F	V	V64F	0.5648406027822451	0.0373528999334012	0.1671415881010086	-0.682088412313695	0.0928859036260147	0.3956773832170076	0.0959683275576637	0.429778994760558	0.3010967513578232	-0.2574734121063431	0.2442816434215112	M	False
64	G	V	V64G	0.7680143466083957	-0.9376760799921092	0.7472263946226018	0.5461122879194463	0.5522013896083057	-0.5241134436666326	0.1919608158500013	0.7326931050596348	-0.0848308666918566	0.646669341271024	0.0140439729708365	M	False
64	H	V	V64H	-0.2885768208532148	0.0680680436383369	-0.4230784970956174	-0.6511860216568932	0.2657580945633181	-0.0155469064451908	-0.1740936846415435	0.3405777134628873	-0.1102543886074389	-0.5371322593762553	0.1251055940590636	M	False
64	I	V	V64I	-0.4954753301972254	0.0055259883249923	-0.3429212380163011	-0.9783058277465416	0.4417451881537125	-1.3766686033487394	-0.4576833038050171	0.6563101130834981	-0.2449746709361165	-0.6606135328814214	-0.4674617075975134	M	False
64	K	V	V64K	1.7868108327101366	1.3801063726284926	1.644163328255528	0.96846344321238	3.155439763782317	2.155290171022885	1.8483789852686232	0.7538736800750655	1.5834586026693147	1.306313385733954	2.655364967402601	M	False
64	L	V	V64L	1.2544253529618434	-0.6318756004693005	0.5169611369251164	-0.5097745630208885	-0.0136434293788737	-0.2506095872822456	0.0609138849559419	0.7128389667991462	0.3112748762462715	0.0035932869521139	-0.1321265083305596	M	False
64	M	V	V64M	-1.508157639105495	-1.5228622275111248	-1.924442562424574	-2.223065299717568	-1.3900330418116968	-1.4638510509002631	-1.672068636911787	0.3284259211870652	-1.51550993330831	-2.073753931071071	-1.42694204635598	M	False
64	N	V	V64N	-0.3813172723266315	-0.315611530448541	-0.4362629851139032	0.748138195166346	-0.5457011758465525	-0.0078549410279524	-0.1564349515995391	0.4787629393553987	-0.3484644013875863	0.1559376050262214	-0.2767780584372525	M	False
64	P	V	V64P	-0.5090607016457989	0.2063710306753491	0.9076503557538776	-1.110247427562583	1.1386045441284909	-1.532810221929983	-0.1499154034301079	1.083447279217684	-0.1513448354852248	-0.1012985359043527	-0.1971028389007461	M	False
64	Q	V	V64Q	1.790836072541505	1.4836092385038642	0.5921891736265206	1.1837679787325128	2.4577683005036004	0.5991325348469517	1.3512172164591592	0.7218090984549141	1.6372226555226843	0.8879785761795167	1.528450417675276	M	False
64	R	V	V64R	0.563192279299454	0.1533435797312351	0.6534213168183378	0.1390398727943946	-1.3650750169407948	1.2024919335491864	0.2244023275419688	0.8711222101285042	0.3582679295153446	0.3962305948063662	-0.0812915416958042	M	False
64	S	V	V64S	0.1318985884323742	-0.3779917228062844	-1.063267913809133	-2.596400050472191	-3.3030946258250795	0.0935693706263337	-1.1858810589756632	1.4500629556553069	-0.123046567186955	-1.829833982140662	-1.604762627599373	M	False
64	T	V	V64T	-2.631350382168158	-0.3579979068512208	-0.7496543115595534	0.6477304043473396	-0.2259600491266512	0.9120339986802436	-0.4008663744463334	1.2611426926546947	-1.4946741445096894	-0.0509619536061068	0.3430369747767962	M	False
64	V	V	V64V	-0.6905817946953715	-0.6719999969661284	-0.5293755041062475	-0.8456813269335659	-0.4084520811497342	-0.7634135419134962	-0.6515840409607573	0.1588491776012559	-0.68129089583075	-0.6875284155199066	-0.5859328115316152	S	False
64	W	V	V64W	1.2661585859821314	1.3146311507690511	1.137482946315901	0.382498128692697	1.218988168144075	1.377287699421012	1.1161744465541446	0.3686098450260149	1.2903948683755913	0.759990537504299	1.2981379337825434	M	False
64	Y	V	V64Y	-1.520224231880648	-1.765935164247512	-2.9870500098481427	-1.4118738961693735	0.0415624810562346	-2.013050870383159	-1.6094286152454336	0.9856980085906852	-1.64307969806408	-2.199461953008758	-0.9857441946634622	M	False
279	A	F	F279A	-1.6297227169879058	2.4007703056763754	-0.0499381839677767	-3.736894303756932	-0.304689167455937	-7.203174089170209	-1.753941359277064	3.343867753112102	0.3855237943442348	-1.8934162438623543	-3.753931628313073	M	False
279	C	F	F279C	-4.192952401782915	1.6989501453180926	1.2249151594836745	-0.6166324430616393	1.7044990174560788	2.596209956861989	0.40249823904588	2.4908443630090753	-1.2470011282324114	0.3041413582110175	2.150354487159034	M	False
279	D	F	F279D	-1.1063628904637348	-1.2682943660240094	1.2531705875668235	-0.5247906179246803	1.6013997013602144	-0.7941433489923321	-0.1398368224129531	1.245493460387319	-1.187328628243872	0.3641899848210716	0.4036281761839411	M	False
279	E	F	F279E	-1.8572890785958305	-1.6104295718655248	-1.582320565089228	-1.8569563014163537	0.793566321618478	-5.01144146947245	-1.8541451108034848	1.8499837707796785	-1.7338593252306778	-1.7196384332527908	-2.108937573926986	M	False
279	F	F	F279F	-0.5824439874865388	-0.6858654282329962	-0.6735253174289275	-0.5048227941661869	-0.6673357039150745	-1.0352177930853528	-0.6915351707191795	0.1821110967089335	-0.6341547078597676	-0.5891740557975572	-0.8512767485002136	S	False
279	G	F	F279G	-0.7807482142059176	0.8179140157702697	-0.4791858206673484	1.2092284718644533	2.68871174909503	-0.8828958706092316	0.4288373885412092	1.4053946500731307	0.018582900782176	0.3650213255985524	0.9029079392428992	M	False
279	H	F	F279H	-0.0239112041734612	0.8307904331373345	-0.3002103284291987	-1.744064910711196	-2.711801939413208	0.5591132696786705	-0.5650141133185098	1.3837416565955196	0.4034396144819366	-1.0221376195701974	-1.0763443348672688	M	False
279	I	F	F279I	-0.9929042906586112	-0.4812221810761269	3.2853328865267337	0.2566499093691551	0.1874478119751884	-10.26784629521362	-1.335423693179547	4.622561641595616	-0.737063235867369	1.7709913979479444	-5.0401992416192165	M	False
279	K	F	F279K	1.0176927634572923	0.3961243392410055	0.9478757683232903	0.480726627140608	2.2086157135136166	-1.95803708981943	0.5154996869760639	1.374018389003743	0.7069085513491489	0.7143011977319491	0.1252893118470933	M	False
279	L	F	F279L	-0.8878413827051752	-0.3393101884606387	1.9889383069914948	0.1946220765520047	0.3231085491605957	2.6085611231752215	0.6480130807855838	1.3628361322773284	-0.6135757855829069	1.0917801917717498	1.4658348361679086	M	False
279	M	F	F279M	-1.99760917155134	-1.0465904759287494	-1.7557340711180305	-1.991834676154909	0.9216481498108844	1.6248246547984304	-0.7075492650239523	1.5888068623003662	-1.5220998237400447	-1.87378437363647	1.2732364023046574	M	False
279	N	F	F279N	2.1142371818489676	-0.04344259139969	-3.0014449252883177	0.3212798140576662	0.7075190561863757	2.246025021075688	0.3906955927467815	1.9085665726578391	1.0353972952246389	-1.3400825556153255	1.4767720386310317	M	False
279	P	F	F279P	-0.5815742316337856	-0.0836911842809124	2.115653563715999	0.2180453251146797	4.70241831537602	-1.671387274667433	0.7832440856040946	2.2844785932722877	-0.332632707957349	1.1668494444153394	1.5155155203542936	M	False
279	Q	F	F279Q	-0.265051400976629	1.3365434728349443	1.421018646040386	-0.4974516008578628	-0.3996610780921448	2.7394676510548615	0.7224776150005925	1.3157447587571092	0.5357460359291577	0.4617835225912616	1.1699032864813583	M	False
279	R	F	F279R	3.1844994138354026	5.612700767432721	2.95188565098966	1.4759211787506186	4.172283816972016	16.005136592959218	5.567071236823272	5.294413571252626	4.398600090634062	2.2139034148701393	10.088710204965617	M	False
279	S	F	F279S	-0.1103307993524648	-0.3099479887011593	1.0573599563711704	-0.2651284481487631	0.271123573915209	-6.063718556345266	-0.9034403770435456	2.578430043495601	-0.2101393940268121	0.3961157541112036	-2.8962974912150283	M	False
279	T	F	F279T	-0.696486588847374	-0.6923628310989133	-2.5845091708638956	-0.3985950910921267	1.8890993413576436	4.374514133108209	0.3152766320939238	2.4458822397273465	-0.6944247099731437	-1.491552130978011	3.1318067372329264	M	False
279	V	F	F279V	-0.6894049508574961	1.190814569883741	-1.1337252386643986	-0.9163680501917862	0.2205856135319156	-1.5171213164359107	-0.4742032287889892	1.00194657889822	0.2507048095131224	-1.0250466444280923	-0.6482678514519975	M	False
279	W	F	F279W	0.1595530856279903	-3.137873812903107	0.6391766551387257	-0.9077299608804325	-0.1855231213013181	-3.264019264672822	-1.1160694031651606	1.692265040931525	-1.4891603636375583	-0.1342766528708533	-1.7247711929870702	M	False
279	Y	F	F279Y	-0.4678945414063847	2.1733203137059833	1.676626509315033	0.2364667968022511	-0.5017119334122147	-4.214122188182718	-0.182885840529675	2.26358550899397	0.8527128861497993	0.956546653058642	-2.357917060797466	M	False
73	A	K	K73A	-0.9180104475418364	-0.8272609039335471	-0.3605076361203616	1.0267887963200315	-0.508013646724652	0.6801330334153864	-0.1511451340974965	0.8117825413194762	-0.8726356757376917	0.3331405800998349	0.0860596933453672	M	False
73	C	K	K73C	2.7484530860435648	1.3969644761036668	-0.3407159854517791	0.2482338431952198	2.1481251525350387	1.4488257638651925	1.274981056048484	1.1526742074520475	2.072708781073616	-0.0462410711282796	1.7984754582001157	M	False
73	D	K	K73D	1.100548182714716	-1.4329942917729228	0.2860157853871699	0.3116510643828025	-3.5833174940600365	-3.047071640903751	-1.0608613990420035	1.9398896235778185	-0.1662230545291033	0.2988334248849862	-3.3151945674818935	M	False
73	E	K	K73E	-0.3701514341657942	-0.1393126349018891	-1.0289241544474044	-1.0844249492675768	0.1178736732575355	0.2638603034669091	-0.3735131993430367	0.5722807497635476	-0.2547320345338417	-1.0566745518574905	0.1908669883622223	M	False
73	F	K	K73F	0.5366642897391488	-0.6918027226892016	-1.4864111541885567	-2.2375167415215618	-2.7392817957800983	-2.1300802666316407	-1.458071398511985	1.2056178776810196	-0.0775692164750264	-1.8619639478550591	-2.4346810312058693	M	False
73	G	K	K73G	-0.7697196612376105	-0.1651454876396869	-0.9316605492183836	-2.1113486616425496	-1.5846445843018828	0.6375175720729582	-0.8208335619945258	0.9818805052808144	-0.4674325744386487	-1.5215046054304666	-0.4735635061144623	M	False
73	H	K	K73H	2.793495342933322	1.1301515016973318	0.0342481093088201	1.268415416548913	1.6078149763474066	1.1161658781604622	1.325048537499376	0.8930042278814126	1.9618234223153268	0.6513317629288666	1.3619904272539345	M	False
73	I	K	K73I	1.3322872553779073	-0.1632001065474737	-0.034286835787804	-1.374708808933108	2.0046360643007817	1.7179609271430518	0.5804480825922258	1.314614707057678	0.5845435744152168	-0.704497822360456	1.8612984957219167	M	False
73	K	K	K73K	-0.9265975533958783	0.5014395717877477	-0.1317533980515013	0.0796093939683038	1.2072947033831856	-0.5633545037512813	0.0277730356567626	0.7621052463113505	-0.2125789908040653	-0.0260720020415987	0.3219700998159521	S	False
73	L	K	K73L	-1.3194553803545626	0.348239051860911	0.0639380786277693	0.6178752139776461	-0.1879717100104141	1.27296772090589	0.1325988291678733	0.871593515486038	-0.4856081642468258	0.3409066463027077	0.542498005447738	M	False
73	M	K	K73M	-3.712300162343293	-2.449992191545717	-3.2141388946320335	-3.593238801062693	-3.9869852335123017	-2.3666822838632786	-3.220556261159886	0.6769089520221303	-3.0811461769445048	-3.4036888478473633	-3.17683375868779	M	False
73	N	K	K73N	0.3601047135455941	-1.192864584721572	-1.8827881287342365	-1.7424199066333268	5.058480173915743	0.7728715435257292	0.2288973018163217	2.607861493061052	-0.4163799355879889	-1.8126040176837817	2.9156758587207356	M	False
73	P	K	K73P	-0.4515646933302872	-0.3949077480937314	-0.7503380488826535	1.231335779471305	-0.0929764280976145	0.3331895470575044	-0.0208769319792462	0.7149968676702229	-0.4232362207120093	0.2404988652943256	0.1201065594799449	M	False
73	Q	K	K73Q	1.2667229712101609	0.3595962612721051	-1.2276359075761538	2.472164226081399	3.7544171603515024	1.3583101307042869	1.3305958070072168	1.7129113143746797	0.813159616241133	0.6222641592526227	2.5563636455278944	M	False
73	R	K	K73R	-0.9340042490953188	0.0300149350448592	-1.7671091101157068	-0.9056958000569784	-0.0701178462730305	-0.6248407076505607	-0.7119587963577894	0.6588254365132636	-0.4519946570252298	-1.3364024550863427	-0.3474792769617956	M	False
73	S	K	K73S	-0.8150560857495757	2.424759091942699	-0.1754016210111921	0.7356425066073824	0.2736274288065995	2.6136544205955947	0.8428709568652514	1.3970813436296174	0.8048515030965617	0.2801204427980951	1.443640924701097	M	False
73	T	K	K73T	3.33839872452603	-0.3269069125851408	0.5768427902071664	0.2923784834892891	0.1659016703151836	1.4666177671477048	0.9188720871833722	1.3253333557360416	1.5057459059704446	0.4346106368482277	0.8162597187314442	M	False
73	V	K	K73V	0.8512612954033528	0.3851326108659351	-0.88120583863482	-0.2524275590042757	0.6851257419439878	1.1369266981645367	0.3208021581231194	0.7560068485044391	0.618196953134644	-0.5668166988195479	0.9110262200542624	M	False
73	W	K	K73W	-0.947208281393741	-1.7983048418853775	-1.2328017388067567	0.2597146017748175	-1.104068643085622	0.4475810701985084	-0.7291813055330285	0.8885290945468414	-1.3727565616395592	-0.4865435685159696	-0.3282437864435568	M	False
73	Y	K	K73Y	1.1605478992772174	0.6726274642208582	0.3172568348045855	2.2354437043047297	5.678266058628198	3.830867519638532	2.31583491347902	2.0802337798020214	0.9165876817490376	1.2763502695546576	4.754566789133365	M	False
227	A	D	D227A	0.3872370012071427	-0.1837415519650215	1.1456835695542822	1.2634573481867108	-1.5924047321635166	0.3288997424113834	0.2248552295384968	1.042420010487733	0.1017477246210605	1.2045704588704966	-0.6317524948760667	M	False
227	C	D	D227C	0.3238718215372161	-1.949015741230533	-0.6989360652621265	-1.634743686378778	-0.8441321941981709	-0.7331778675591083	-0.92268895551525	0.8008037655769382	-0.8125719598466583	-1.1668398758204523	-0.7886550308786395	M	False
227	D	D	D227D	1.1043408744829375	1.1051303685640372	0.6590403801113269	1.402835204098788	-1.38307128004498	0.3339224209114928	0.5370329946872671	1.013619894795717	1.1047356215234874	1.030937792105057	-0.5245744295667436	S	False
227	E	D	D227E	0.7547074892048398	0.6493559808142372	-0.1463507808310717	4.18859408312239	1.5215940223396829	0.95704692723255	1.3208246203137712	1.5047063934390563	0.7020317350095384	2.021121651145659	1.2393204747861164	M	False
227	F	D	D227F	0.1064253128005522	-0.0593393860773312	-0.1876041798306272	0.7396034025785234	-0.3676921868953727	-1.2394821263236264	-0.168014860624647	0.6479499296667458	0.0235429633616104	0.2759996113739481	-0.8035871566094995	M	False
227	G	D	D227G	0.4850244623538799	0.2563966584482463	-0.1328224329575293	1.6094290270687326	1.4365317049883846	-0.6616696393713619	0.4988149634217254	0.8851467010745079	0.3707105604010631	0.7383032970556016	0.3874310328085113	M	False
227	H	D	D227H	1.3191846276469628	-0.0203416658282949	-0.466660719161	2.787605626556454	-0.4804428468537343	1.807005430193376	0.8243917420922939	1.352593265432536	0.6494214809093339	1.160472453697727	0.6632812916698209	M	False
227	I	D	D227I	-0.014229919216048	0.1243752630372173	-0.5621005631798915	2.137578382743968	1.121948970027716	-0.8597524931538562	0.3246366067098509	1.1195070669265064	0.0550726719105846	0.7877389097820382	0.1310982384369299	M	False
227	K	D	D227K	0.5166557146413733	-0.2910041080721062	-1.2093338367734925	-1.6704718274899697	-2.182277308445742	-2.317814177162037	-1.1923742572169955	1.1143284586473805	0.1128258032846335	-1.439902832131731	-2.2500457428038896	M	False
227	L	D	D227L	1.5491021219670438	0.0848039861301739	-0.7555857605776112	-0.7638764509555717	2.7027269027081595	1.1349701901643907	0.6586901649060976	1.3820983913874292	0.8169530540486089	-0.7597311057665914	1.918848546436275	M	False
227	M	D	D227M	-0.4895251980278047	0.6969241939217519	-0.5304861925921627	0.3983512864344109	0.7676010578837784	-0.0216013202172765	0.1368773045671162	0.5731846511515455	0.1036994979469735	-0.0660674530788758	0.3729998688332509	M	False
227	N	D	D227N	0.4350411523479358	-0.2856851405613732	0.6581234800162442	-0.3049343908508903	0.6405560874375532	-0.462999981527681	0.1133502011436314	0.518571070712244	0.0746780058932813	0.1765945445826769	0.088778052954936	M	False
227	P	D	D227P	0.8588727952445318	-0.5026948236377576	-1.995915585259783	-1.0565381770294466	-1.393325549740655	-1.400351894282479	-0.9149922057842648	0.9969346621150112	0.178088985803387	-1.526226881144615	-1.396838722011567	M	False
227	Q	D	D227Q	0.3256481452095564	-2.296399772565609	-0.3859781475639494	0.9825485794971224	-1.350452640628525	-1.2938026520319237	-0.6697394146805548	1.2083229540906684	-0.9853758136780262	0.2982852159665864	-1.3221276463302245	M	False
227	R	D	D227R	0.4383864654180467	-0.0326427678854106	-0.2482344139747618	1.0537419693696193	2.998315095579457	-2.6206551907758033	0.2648185262885245	1.833150001269692	0.202871848766318	0.4027537776974287	0.1888299524018268	M	False
227	S	D	D227S	0.5499239210868987	-0.3198979165894698	-1.232483301935315	1.5695855835504922	-0.433945892647165	0.3433818938657676	0.0794273812218681	0.9649593669284102	0.1150130022487144	0.1685511408075886	-0.0452819993906987	M	False
227	T	D	D227T	0.8079240912676676	0.5713061739007533	-1.7900919296896003	-3.3298086474606823	-3.0368970434920595	0.9367721975274168	-0.9734658596577508	1.98422065055011	0.6896151325842105	-2.5599502885751413	-1.0500624229823212	M	False
227	V	D	D227V	-0.0862138740976874	1.439239874505026	-0.0027218288843458	0.8501170330321491	2.4933785899780463	-1.323137191471766	0.561777100510237	1.3323376736493346	0.6765130002036692	0.4236976020739016	0.5851206992531401	M	False
227	W	D	D227W	0.2320271042058214	0.784093628371933	0.96903675780105	-4.280723203380535	2.3478995049648064	-0.7358390813635629	-0.1139175482334144	2.2763343677664123	0.5080603662888772	-1.6558432227897424	0.8060302118006217	M	False
227	Y	D	D227Y	0.7707697952847621	0.7629923497009544	-1.1217414143218596	2.493305786271464	0.3287697084383501	0.7837730436834398	0.6696448781761851	1.1561111603536158	0.7668810724928583	0.6857821859748021	0.5562713760608949	M	False
321	A	W	W321A	-0.7122091663495503	-2.668942452937366	0.5208530616172354	0.401537051088536	-1.8100159935980893	0.7678532655732102	-0.5834873724343373	1.4061313651794367	-1.6905758096434582	0.4611950563528857	-0.5210813640124395	M	False
321	C	W	W321C	0.2716149268390465	0.7719989041598654	0.6371205790474126	1.11593807833554	-1.1738154846058713	0.3108882446569535	0.3222908747388244	0.7965253603442441	0.521806915499456	0.8765293286914763	-0.4314636199744588	M	False
321	D	W	W321D	1.0366863203753611	-0.4704455720717332	0.5542714359273471	0.0999443696241959	-0.0813372312160185	1.0244242899178782	0.3605906020928384	0.614678882326281	0.2831203741518139	0.3271079027757715	0.4715435293509298	M	False
321	E	W	W321E	0.529994525816126	-1.6507737619804703	0.8082330040324909	0.6490994815575509	-1.901580768508445	1.3229024432107392	-0.0403541793120013	1.3738142866552463	-0.5603896180821721	0.7286662427950209	-0.2893391626488528	M	False
321	F	W	W321F	2.0330829455832977	-0.6217852571150305	0.4945434872806409	0.1517217516480371	-1.4173429318007018	-0.6206090919106416	0.0032684839476002	1.1984647223582157	0.7056488442341335	0.323132619464339	-1.0189760118556717	M	False
321	G	W	W321G	0.5875357667678287	-1.6705984850294704	-0.107487103105041	2.0726082575743403	0.2089464707503595	1.7887241583162985	0.4799548442123859	1.3641414053828325	-0.5415313591308208	0.9825605772346496	0.9988353145333289	M	False
321	H	W	W321H	-1.184897533928698	-1.8541635669464684	0.1991218001827362	-0.2031275004658009	-0.544987201064306	0.3333533087769958	-0.5424501155742569	0.844445105632425	-1.5195305504375831	-0.0020028501415323	-0.105816946143655	M	False
321	I	W	W321I	0.3855642327248414	-1.776387983028592	-0.0627528562508197	1.1202293392399725	-0.2905721477447575	0.1608786321116675	-0.0771734638246146	0.963083109961932	-0.6954118751518753	0.5287382414945764	-0.0648467578165449	M	False
321	K	W	W321K	0.2371129745368926	-1.284116037661779	1.052148117980299	1.2735773174027205	-0.8361273910619204	0.1915023736831407	0.1056828924798922	1.0102435683615023	-0.5235015315624433	1.1628627176915098	-0.3223125086893898	M	False
321	L	W	W321L	1.808879913139665	0.7404599036189508	0.3624859679911699	0.9303809472334728	-0.13133206762417	1.760607997125728	0.911913776914136	0.7674373466762973	1.2746699083793078	0.6464334576123214	0.814637964750779	M	False
321	M	W	W321M	-0.1773212831059334	-0.6097115608382104	-1.1549274200253483	0.6432135992422318	-0.3229843233583757	-0.0083353813933727	-0.2716777282465015	0.6020477934858355	-0.3935164219720719	-0.2558569103915583	-0.1656598523758742	M	False
321	N	W	W321N	-0.2984111642573893	-0.6957498195408905	0.1137697296946198	0.2928531073024293	-1.6380165120854424	-0.0509211880411819	-0.3794126411546425	0.7062281325244049	-0.4970804918991399	0.2033114184985245	-0.8444688500633122	M	False
321	P	W	W321P	-1.6721935971795747	-0.6380249541865575	1.3845779935590978	0.3065438115525065	-0.7880444077379871	0.8520455021184522	-0.0925159419790104	1.141049773356817	-1.155109275683066	0.8455609025558022	0.0320005471902325	M	False
321	Q	W	W321Q	0.4200918867551525	-0.6635002992545136	0.3913035955882505	0.7498282804576579	-0.6518187784881555	-0.2463087385320272	-6.7342245605904e-05	0.6029272728911632	-0.1217042062496805	0.5705659380229542	-0.4490637585100914	M	False
321	R	W	W321R	0.943906016091726	-0.6504728515742119	0.9293664262303096	1.0224414567994506	0.0384738521919432	0.5097835979813716	0.4655830829534315	0.6608987662137537	0.146716582258757	0.97590394151488	0.2741287250866574	M	False
321	S	W	W321S	0.1898993829139718	0.5434729200413208	0.7704477152929816	2.1478997602520806	0.0251436320940193	0.8717312071172123	0.7580991029519311	0.7550827309451917	0.3666861514776462	1.4591737377725311	0.4484374196056158	M	False
321	T	W	W321T	-1.6546328970843376	-0.0151051861576898	-1.2575951757416444	0.465778974711705	2.792092104534648	-0.7011285422426216	-0.06176512032999	1.6000627389268474	-0.8348690416210137	-0.3959081005149697	1.045481781146013	M	False
321	V	W	W321V	-1.3233058337211303	-4.225713811516075	0.0117146401599283	0.261422267530626	0.2952125834233998	0.0667309211120944	-0.818989872168526	1.774452670662663	-2.7745098226186027	0.1365684538452771	0.1809717522677471	M	False
321	W															True
321	Y	W	W321Y	-1.201806090386566	-0.7540237083550329	0.9335129745054898	0.0145382751448044	0.0914869901313254	1.7267161979473076	0.1350707731645547	1.0737785136333529	-0.9779148993707992	0.4740256248251471	0.9091015940393165	M	False
72	A	T	T72A	-1.461324795918138	-0.7672438189715219	1.3475405468550046	-1.6895352109481303	0.0197766981726701	-2.911922025112979	-0.9104514343205158	1.4765282323042794	-1.11428430744483	-0.1709973320465629	-1.4460726634701544	M	False
72	C	T	T72C	-0.978849125431271	0.2175420858599127	-0.2803530346345997	-0.1214485365913218	-0.6624318812908622	-0.3779031718505092	-0.3672406106564418	0.4174327606933066	-0.3806535197856792	-0.2009007856129607	-0.5201675265706857	M	False
72	D	T	T72D	0.3145546943423357	2.0965426784528503	0.5351305681427841	2.3625729433148512	-1.9896872973204889	2.301190062679569	0.936717274935317	1.694240078765197	1.205548686397593	1.4488517557288176	0.1557513826795401	M	False
72	E	T	T72E	1.5254924328162311	0.5794612868208407	0.8230894448934196	2.2310689437490447	0.2721049379235212	0.1293259316475508	0.9267571629751014	0.8069127177886097	1.052476859818536	1.527079194321232	0.200715434785536	M	False
72	F	T	T72F	0.8441295239235223	0.3717988807787666	-0.504697542461073	1.019903400557874	2.944384580093095	1.6265139669090178	1.0503388016335338	1.169734180699337	0.6079642023511445	0.2576029290484005	2.2854492735010563	M	False
72	G	T	T72G	-1.0029093922290628	0.4048595837375448	-2.947807656656173	0.6916252013335963	1.1716736455818413	-1.1494004020213515	-0.4719931700422675	1.5293743185920503	-0.299024904245759	-1.1280912276612884	0.0111366217802448	M	False
72	H	T	T72H	1.9364101778510303	0.7979446624950809	1.3657890875322034	1.7170443471481347	2.5739476560521224	1.2921870130833468	1.6138871573603195	0.6110948299088932	1.3671774201730555	1.541416717340169	1.9330673345677347	M	False
72	I	T	T72I	-0.0401289894441648	-0.0791553366935297	-0.520493967589383	0.5599670474103674	-0.8042002746837227	0.1306363333737853	-0.1255625312711079	0.4819878018055586	-0.0596421630688472	0.0197365399104921	-0.3367819706549686	M	False
72	K	T	T72K	-1.053925802949296	-0.17347203080366	-0.9933123493103608	0.5984649806100908	-1.354456853254804	-0.5993581215353236	-0.5960100295405589	0.7138764169244141	-0.613698916876478	-0.197423684350135	-0.9769074873950638	M	False
72	L	T	T72L	2.2487072777236223	-2.243693780857	1.36965097665185	-0.9744402494148612	-2.5814205342767953	2.5445027651676924	0.060551075832418	2.281777881420178	0.0025067484333112	0.1976053636184944	-0.0184588845545514	M	False
72	M	T	T72M	-3.4950447421917867	-2.6092591062458266	-4.492201569493829	-4.017902166622169	-4.1322751020932	-2.2116160580291413	-3.493049790779325	0.906150722263129	-3.0521519242188067	-4.255051868057999	-3.1719455800611707	M	False
72	N	T	T72N	0.51994334798334	0.8112206971060111	-0.3235099840387432	1.5525664598398334	3.403317600497099	1.713087673621772	1.279437632501552	1.2758540324910803	0.6655820225446756	0.6145282379005451	2.5582026370594355	M	False
72	P	T	T72P	0.70978480802845	-1.747366736426903	0.9241738682783212	-1.239173562390263	-3.767185811264559	0.836761232762206	-0.7138343668354581	1.8858014062678576	-0.5187909641992265	-0.1574998470559711	-1.4652122892511763	M	False
72	Q	T	T72Q	1.170702878392162	2.714398216751013	0.1514963076513718	-0.5568924574737126	3.0705955320695857	1.627985394891668	1.363047645380348	1.4144315688703148	1.9425505475715872	-0.2026980749111703	2.349290463480627	M	False
72	R	T	T72R	-0.1690336472930833	0.5320381594617668	-0.4198130223890313	1.022792297988614	-0.3301059508341826	-1.7430410101800364	-0.1845271955409921	0.946239316686128	0.1815022560843417	0.3014896377997913	-1.0365734805071094	M	False
72	S	T	T72S	1.716358729888198	0.6103576445636715	-0.4720627086503303	1.4449244899018674	4.603512645356065	1.2742886028641975	1.5295632339872782	1.6975177009448976	1.1633581872259346	0.4864308906257685	2.938900624110131	M	False
72	T	T	T72T	-0.4432813050013175	-0.0163985207519397	-0.0825141974263217	-0.2246405712174425	0.6513996644615245	0.1007028410871038	-0.0024553481413988	0.3710702409293853	-0.2298399128766286	-0.1535773843218821	0.3760512527743141	S	False
72	V	T	T72V	-3.3287792295543146	-1.818486820147912	-2.294730706057627	-1.485390136461137	-2.0313448226804987	-3.610654363938781	-2.428231013140045	0.8538372152107103	-2.5736330248511132	-1.890060421259382	-2.82099959330964	M	False
72	W	T	T72W	-2.2828664401532888	-1.7720566367412969	-2.222038784462686	0.188576097007437	2.3683713538248212	-0.7478036340262209	-0.744636340758539	1.7981198333941613	-2.0274615384472927	-1.0167313437276244	0.8102838598993002	M	False
72	Y	T	T72Y	1.663494738245764	1.479650210377731	1.996672566022588	1.8118864315927876	1.6862636572101664	3.05541519517106	1.9488971331033496	0.5685174034519545	1.5715724743117474	1.904279498807688	2.370839426190613	M	False
378	A	L	L378A	-0.22177864821167	-0.4950782854629462	-0.1276860165308212	4.147420428172932	0.3409103071482127	0.9612647836443944	0.7675087614600169	1.7330620203945757	-0.3584284668373081	2.0098672058210556	0.6510875453963035	M	False
378	C	L	L378C	0.3266640307224714	0.1599384450291087	0.0088003477457147	0.8911941949539961	1.3385136151558348	-1.8849247044409083	0.1400309881943695	1.109369371115623	0.2433012378757901	0.4499972713498554	-0.2732055446425367	M	False
378	D	L	L378D	-0.7676781976386232	0.2766360788433514	-0.6087417680662119	3.056520305870459	1.0293912131417915	-0.6801958276448639	0.3843219674176505	1.4842393770167064	-0.2455210593976358	1.2238892689021237	0.1745976927484638	M	False
378	E	L	L378E	-0.194478946237709	0.2374433682575722	-1.70126174378309	1.8821507991322128	-0.2561176268196449	-0.4726223333117241	-0.0841477471270638	1.164256639562474	0.0214822110099316	0.0904445276745614	-0.3643699800656845	M	False
378	F	L	L378F	-0.3680272791091277	0.7816078158610772	0.1948083342188111	0.9544784790545284	0.0210564361249358	0.2427062962848734	0.3044383470725164	0.4896095968814488	0.2067902683759747	0.5746434066366698	0.1318813662049046	M	False
378	G	L	L378G	0.466260435839131	-0.2453851690252734	-0.96803265788255	1.1186080938561025	-1.451942420780765	-1.0047807323371247	-0.3475454083884132	0.9857969585631128	0.1104376334069288	0.0752877179867762	-1.2283615765589448	M	False
378	H	L	L378H	0.0538432048212997	0.69200013821037	0.0182409358604443	0.4814854298610134	0.3904518549949322	-0.0350474643061686	0.2668290165736485	0.2967891049912117	0.3729216715158349	0.2498631828607289	0.1777021953443817	M	False
378	I	L	L378I	0.5090379526152152	0.5570555996287537	0.4231062726533345	2.4477129703655636	-0.1809344769418279	-0.2067152541558264	0.5915438440275355	0.9711510743793192	0.5330467761219845	1.435409621509449	-0.1938248655488272	M	False
378	K	L	L378K	0.122358899648912	-1.0576044455118203	-1.0255471266450893	0.8594558914911579	-0.5535272841374086	-1.071519396672748	-0.4543972436378327	0.7924134455516291	-0.4676227729314541	-0.0830456175769657	-0.8125233404050783	M	False
378	L	L	L378L	-0.1785551866095199	0.1546327770463683	0.6546584793951548	1.0361096971037986	0.0260886809908611	-0.1516600215642988	0.256879071060394	0.4869608850826429	-0.0119612047815757	0.8453840882494768	-0.0627856702867188	S	False
378	M	L	L378M	0.6585906106943957	-0.3286562073052275	1.0831808857865333	1.2616042094522373	0.0555340443165744	-0.2590155242141964	0.4118730031217195	0.6868798083209411	0.1649672016945841	1.1723925476193853	-0.1017407399488109	M	False
378	N	L	L378N	-0.7638400764551886	-1.0946609730746557	-0.7587237631222549	-6.725085077388174	0.674894225275974	-0.4014419852102311	-1.511476274995755	2.626535362745282	-0.929250524764922	-3.7419044202552145	0.1367261200328714	M	False
378	P	L	L378P	0.1174041009707258	0.0840725663443871	0.660695233789916	-0.0009927966848393144	-0.3926799700492704	-0.2931711344562219	0.0292213333191162	0.372127572739513	0.1007383336575565	0.3298512185525383	-0.3429255522527462	M	False
378	Q	L	L378Q	-0.9438349322138472	0.9943197190599188	-0.5722696306419589	6.121507029051301	-0.8566000404836009	-0.0974308051986731	0.7742818899288566	2.713890883605509	0.0252423934230357	2.7746186992046713	-0.477015422841137	M	False
378	R	L	L378R	1.3951284615116737	-0.5804598702365051	-0.082139037743706	3.4492346312831677	-0.9748414059875254	0.3640612297059096	0.5951640014221691	1.621407947588091	0.4073342956375841	1.6835477967697308	-0.3053900881408079	M	False
378	S	L	L378S	-0.5716166329324531	1.1371906866271049	-1.2434636478994403	0.3843926187393696	-0.0163869881173624	-0.3266701164394558	-0.1060923466703728	0.8189451927946242	0.2827870268473259	-0.4295355145800353	-0.1715285522784091	M	False
378	T	L	L378T	0.208238401988554	1.0245657813821178	-1.5295871845208702	-1.7333228522838664	-0.3675604986452145	-0.1129224976276697	-0.4184314749511582	1.0520918356301256	0.6164020916853359	-1.6314550184023684	-0.2402414981364421	M	False
378	V	L	L378V	-1.0378747746963597	1.560761229175564	-0.5478753476230567	1.6644700272684847	1.3339619403725695	-0.9807435638595255	0.3321165851062794	1.3163047800912495	0.2614432272396023	0.558297339822714	0.176609188256522	M	False
378	W	L	L378W	-1.142834489321026	-0.3846131057229254	-0.6404367727682925	-2.785825864405614	0.1201455877533991	0.6248691450799406	-0.7014492498974197	1.1897640965687497	-0.7637237975219757	-1.7131313185869534	0.3725073664166698	M	False
378	Y	L	L378Y	0.3928023074530156	0.602838532323303	0.2825642849336309	-1.4920891551361302	-0.8832999062832697	-1.173025167676201	-0.3783681840642752	0.9078669993956452	0.4978204198881593	-0.6047624351012496	-1.0281625369797354	M	False
34	A	N	N34A	-1.2250715194760382	-1.0528712326176382	-1.5687748266286523	-1.5724541854973315	0.3683613399346035	-1.7281066112744377	-1.1298195059265823	0.775383069625932	-1.1389713760468383	-1.570614506062992	-0.6798726356699171	M	False
34	C	N	N34C	0.499130328678991	1.0104102605789316	-0.6468721767606275	1.7938899645083513	2.465053241927387	2.210064140379097	1.221945959885355	1.1754577163272744	0.7547702946289613	0.573508893873862	2.3375586911532418	M	False
34	D	N	N34D	0.3312472299171302	-0.1362494215421306	0.1590447753576457	-0.0915386201942447	0.1531265518994451	0.1201677272821516	0.0892997071199995	0.1743585897972522	0.0974989041874998	0.0337530775817004	0.1366471395907983	M	False
34	E	N	N34E	-0.0341936338177047	1.1010082796366825	0.2063195807387277	0.3087538901664944	3.0453635723363557	0.8562552432169549	0.9139178220462516	1.126696302207345	0.5334073229094889	0.257536735452611	1.9508094077766551	M	False
34	F	N	N34F	0.3250685218620929	-0.5339760026900914	1.171792729925363	0.8349479642518155	-0.1772033642529972	0.4209954241058336	0.3402708788670027	0.6284852860107031	-0.1044537404139992	1.0033703470885893	0.1218960299264182	M	False
34	G	N	N34G	0.195283989522919	3.2600266733057883	-0.1381457608257159	-1.2269634999830723	-0.0155717387166105	-1.3328626441682283	0.1236278365225134	1.665862880566127	1.7276553314143537	-0.6825546304043941	-0.6742171914424194	M	False
34	H	N	N34H	-0.7840533764450814	-1.2218137958918642	-0.6680852838114602	-1.4101481880389828	-1.3418920035107311	-0.0223091710221987	-0.9080503031200532	0.5284437979276329	-1.002933586168473	-1.0391167359252216	-0.6821005872664649	M	False
34	I	N	N34I	-0.0187224401398938	-0.5973003741199426	-0.7964291526438362	0.6959672762834767	1.737458150990691	-0.3943868998842733	0.1044310934143702	0.9575651252150976	-0.3080114071299182	-0.0502309381801797	0.6715356255532089	M	False
34	K	N	N34K	-0.8226955305442872	0.65828668767051	0.2580439888243086	0.3031280323460701	0.1200190412202796	-0.9883264232715894	-0.0785907006257847	0.6667499236066331	-0.0822044214368886	0.2805860105851894	-0.4341536910256549	M	False
34	L	N	N34L	-0.2507677636489567	0.321832236007126	-1.4001045212954792	-0.5789743189341031	0.5450803745892974	-0.774523357008641	-0.3562428917151261	0.7207647951842696	0.0355322361790846	-0.9895394201147912	-0.1147214912096717	M	False
34	M	N	N34M	1.3974413488397404	-0.2342681915581104	0.5075346981279127	-0.5410088408187945	0.1150123617801931	-0.8744433855272369	0.061711331807284	0.8140067925619354	0.581586578640815	-0.0167370713454408	-0.3797155118735218	M	False
34	N	N	N34N	0.4018287899715937	1.1763059881544942	-0.260355970685289	0.4095874236189383	0.4631784854590009	0.963641264380856	0.5256976634832656	0.5031301697842169	0.789067389063044	0.0746157264668246	0.7134098749199285	S	False
34	P	N	N34P	-0.9508208953943992	-0.7002110172512929	0.07780128669076	-2.1212385490542194	-0.6257285682647482	1.0800169974772276	-0.5400301242994453	1.068479256801948	-0.825515956322846	-1.0217186311817297	0.2271442146062396	M	False
34	Q	N	N34Q	-1.241746880991263	-4.240282976446707	0.6102879676351254	-2.172374198160863	-1.0834083881502183	-0.7801859257953095	-1.484618400318206	1.6230532427504372	-2.741014928718985	-0.7810431152628687	-0.931797156972764	M	False
34	R	N	N34R	0.5842895410275231	0.5224326664573617	-0.3407330830182137	0.1410944218542043	1.299642741942182	0.8418110300230303	0.5080895530476813	0.5655305353261917	0.5533611037424424	-0.0998193305820047	1.0707268859826062	M	False
34	S	N	N34S	-0.6261892633603489	0.6514271860125748	0.272036231197571	0.0520685829616121	0.3196650767846652	0.3270151564302107	0.1660038283377141	0.4328894243000177	0.0126189613261129	0.1620524070795915	0.323340116607438	M	False
34	T	N	N34T	0.623725645799189	-0.9958239011206472	0.2154337492644711	-0.1255084297986416	-0.4043419730435237	-2.1795914650835435	-0.4776843956637827	0.9987872730676084	-0.1860491276607291	0.0449626597329147	-1.2919667190635336	M	False
34	V	N	N34V	1.6649214155173062	2.6067214082992276	1.2281925692958022	1.921154934087912	0.6428905720791164	1.2456700268339742	1.5515918210188897	0.6762591393070992	2.135821411908267	1.574673751691857	0.9442802994565452	M	False
34	W	N	N34W	-0.547478420803665	0.2044796543819563	0.0122535464613557	0.0738224298910773	1.8408778421185328	-0.3084339450656448	0.2125868511639354	0.8437947811171508	-0.1714993832108543	0.0430379881762165	0.766221948526444	M	False
34	Y	N	N34Y	0.3218633160354164	0.333399216050214	-0.0499122251835186	0.1356946248519041	1.8699350323822344	-0.9544202283606904	0.2760932892959266	0.9149716131309906	0.3276312660428152	0.0428911998341927	0.457757402010772	M	False
132	A	V	V132A	-2.3648754435511337	-2.031182880529052	-2.2558288578153247	-0.0911728436232789	-0.6244983598046304	-1.9855817247708427	-1.5588566850157104	0.9557974766095404	-2.198029162040093	-1.173500850719302	-1.3050400422877366	M	False
132	C	V	V132C	2.89576181326913	1.598089623905133	-0.0851247481904464	0.6622545207801045	0.3791405194736756	-0.158897605671459	0.8818706872610229	1.1737099067966206	2.2469257185871316	0.288564886294829	0.1101214569011083	M	False
132	D	V	V132D	-9.49224655136564	-2.092466614440222	3.1946217060990776	-1.2459301391347868	-2.3281933884916635	-2.6457139879280676	-2.4349881625435508	4.0763805938826385	-5.792356582902931	0.9743457834821454	-2.4869536882098657	M	False
132	E	V	V132E	-2.2104305969626004	-0.5707822102255109	-0.2079006192705101	0.6152310702163545	-0.3673479246703888	-0.8209333064000891	-0.5936939312187908	0.930329917854034	-1.3906064035940555	0.2036652254729221	-0.5941406155352389	M	False
132	F	V	V132F	-0.1083754665371999	-4.017662668401962	-1.81184573136666	-0.5475447651113516	-1.650036936370303	1.2769793876226172	-1.1430810300274763	1.8027446620882075	-2.0630190674695807	-1.179695248239006	-0.1865287743738428	M	False
132	G	V	V132G	-4.193621185860323	1.3093782240630865	3.2268683802730793	0.3580862326017289	0.2053053259238986	-0.4276667210789093	0.0797250426537601	2.450663089220813	-1.4421214808986182	1.7924773064374042	-0.1111806975775053	M	False
132	H	V	V132H	1.9846198551415768	3.3040625215327397	2.201655546194891	1.959905570981756	0.1100949793804824	1.6118310157304745	1.86202824816032	1.034532459901485	2.644341188337158	2.080780558588323	0.8609629975554784	M	False
132	I	V	V132I	1.9503217555547845	1.5173213391988305	1.971274372434949	1.569679310830699	0.2543113336735027	2.019029341050739	1.546989575457251	0.6690183916553141	1.7338215473768073	1.770476841632824	1.1366703373621208	M	False
132	K	V	V132K	-0.0475775532968117	1.285447117204391	0.3221179237518957	-0.2630454573508268	1.6645623359935124	-0.0032295758343112	0.4930457984113082	0.792439780516338	0.6189347819537897	0.0295362332005344	0.8306663800796006	M	False
132	L	V	V132L	-0.3741038831418827	-0.0279978049889536	-0.2314226792842243	1.2485927074720329	-0.931772540325827	-1.507176429834984	-0.3039801050173065	0.9315186772344224	-0.2010508440654182	0.5085850140939042	-1.2194744850804056	M	False
132	M	V	V132M	1.778563548559009	-0.0848077327273059	-0.4645771556877814	1.4163596412909027	0.2033532451772056	0.5216631941136894	0.5617591234542866	0.8732047146654708	0.8468779079158515	0.4758912428015607	0.3625082196454475	M	False
132	N	V	V132N	1.2287410791759088	-1.7438496183812442	-0.5137746982351247	0.2971616641872124	-1.2781704749895433	0.6091423521605833	-0.2334582826803679	1.1472439301395514	-0.2575542696026677	-0.1083065170239561	-0.33451406141448	M	False
132	P	V	V132P	-6.587386652456732	-2.0216341540573897	0.4183287170540695	-0.5814085194681782	-2.964136765899952	1.7746159868303624	-1.6602702313329698	2.9458475033582388	-4.30451040325706	-0.0815399012070543	-0.5947603895347947	M	False
132	Q	V	V132Q	4.3965403641401695	1.5959704354323418	0.4201811010419672	1.2459948016077067	0.507656547810233	1.9828352984075868	1.6915297580733342	1.4579065446079906	2.996255399786256	0.833087951324837	1.24524592310891	M	False
132	R	V	V132R	1.2885589407525673	-2.953823162098413	-0.8051428994526817	-0.8700626161255905	0.900417890714271	-2.516936388315314	-0.8261647057541934	1.7228552983812315	-0.8326321106729228	-0.8376027577891361	-0.8082592488005215	M	False
132	S	V	V132S	-7.009198336943007	0.6375426485292599	-0.9753782833805964	0.3312677515835207	3.202851097979742	0.859687369402145	-0.4922046254714893	3.4681449866796066	-3.185827844206874	-0.3220552658985378	2.0312692336909435	M	False
132	T	V	V132T	2.6669796474371825	2.3289595649104906	-0.3313761851434049	0.1134948101637637	0.1947608886808377	-0.6049250542292612	0.7279822786366014	1.405961683673273	2.497969606173837	-0.1089406874898205	-0.2050820827742117	M	False
132	V	V	V132V	0.3884650947212833	0.5380862706304856	0.7774249865771933	-0.6383190832727659	0.3880603008426469	0.2522406349551555	0.2843263674089998	0.4860967109683532	0.4632756826758845	0.0695529516522137	0.3201504678989012	S	False
132	W	V	V132W	4.941958638857577	-0.9688213370684936	1.925915708501327	2.285403189431371	-0.4763573418896744	0.264146131290817	1.328707498187154	2.190785102526899	1.9865686508945417	2.105659448966349	-0.1061056052994287	M	False
132	Y	V	V132Y	3.012113599512362	-1.2471996085739478	0.817670228515833	-1.1597903465005857	2.366401736572058	-0.4991938770060608	0.5483336220866097	1.826858866440387	0.882456995469207	-0.1710600589923763	0.9336039297829988	M	False
144	A	A	A144A	0.2168647496767547	0.13335292893575	0.0999166579977083	0.6743064343213145	-0.063695084927429	0.2151063968752694	0.212642013813228	0.2484004423546641	0.1751088393062523	0.3871115461595114	0.0757056559739202	S	False
144	C	A	A144C	0.1264137068430585	0.7766337593883864	-1.4537600709753953	-0.3279757274852519	1.3821995402698108	-2.1809269902594917	-0.2795692970364805	1.3444769241733363	0.4515237331157224	-0.8908678992303236	-0.3993637249948404	M	False
144	D	A	A144D	-0.71495939080586	0.4539495025092229	0.9993361299725364	-0.2784836155425897	0.1539556851502503	-1.0816723836349122	-0.0779790120585587	0.7682051870044564	-0.1305049441483185	0.3604262572149733	-0.463858349242331	M	False
144	E	A	A144E	-1.7636738030671844	-0.1956297391530836	0.0310811899182941	0.7368771305106557	0.0789799685638891	-0.4330054196063222	-0.2575617788056252	0.8352811902271734	-0.979651771110134	0.3839791602144749	-0.1770127255212165	M	False
144	F	A	A144F	-1.0968013648841792	-0.2638630072148347	0.300237814641755	0.390924080866777	1.240304701649981	-0.9169788676630778	-0.0576961071005964	0.88031747170654	-0.680332186049507	0.3455809477542659	0.1616629169934516	M	False
144	G	A	A144G	-2.4270298023428007	0.9330016230170222	-0.4593273948855086	-0.4485520298276916	0.3809385350864619	-0.9682137808595136	-0.4981971416353384	1.163313888039316	-0.7470140896628893	-0.4539397123566001	-0.2936376228865258	M	False
144	H	A	A144H	2.6766952228376706	2.25735186437238	1.0863546566465876	-1.6541286951248455	-3.7277214444878006	4.1032608564010005	0.7903020767741654	2.9380890226011243	2.467023543605025	-0.2838870192391289	0.1877697059565999	M	False
144	I	A	A144I	-6.335260384627033	-0.7904190334599098	1.1722655080213678	0.0062270517425296	0.0568289398511055	3.720683536480864	-0.3616123969985127	3.322549200238174	-3.5628397090434714	0.5892462798819487	1.8887562381659848	M	False
144	K	A	A144K	-1.2287968258259652	0.2365906044744755	-1.4006668721110318	-0.907446600557705	-1.0133197473418891	1.3791227461298576	-0.489086115872043	1.0811853550239738	-0.4961031106757448	-1.1540567363343683	0.1829014993939842	M	False
144	L	A	A144L	0.0648999496479932	1.3341005241858988	-2.023189072034925	-0.4696095378831998	0.1148428487197858	-0.2588377285344285	-0.2062988359831459	1.0883651907899985	0.699500236916946	-1.2463993049590625	-0.0719974399073213	M	False
144	M	A	A144M	0.2459458226153489	-0.1902959165699398	0.1695138663085418	0.2395240822072605	1.7644424242191967	-0.16410260459935	0.3441712790301763	0.7228100909254708	0.0278249530227045	0.2045189742579012	0.8001699098099233	M	False
144	N	A	A144N	2.709379710411936	-1.3884724651465687	1.6340412519644547	0.8662141810320305	0.5365750774627173	1.1728534848581451	0.9217652067637858	1.3604854688309551	0.6604536226326837	1.2501277164982425	0.8547142811604311	M	False
144	P	A	A144P	-2.881872278343302	0.814509673535947	0.269684171103071	1.4082139286037527	0.5191598089939251	-1.1730520712278327	-0.1738927945557398	1.5804148634406414	-1.0336813024036775	0.8389490498534119	-0.3269461311169538	M	False
144	Q	A	A144Q	-2.7078801127979575	1.3705078274915523	2.32595979806579	-2.073895845320753	0.6424589171174498	-0.4392507121484005	-0.1470166879320531	1.9696725910202824	-0.6686861426532026	0.1260319763725184	0.1016041024845246	M	False
144	R	A	A144R	-1.2613233782594544	0.7170755779924332	-0.3253141216909723	-0.2487332417713725	0.6365532745730621	0.7402993368941903	0.0430929079563143	0.8018644199251601	-0.2721239001335106	-0.2870236817311724	0.6884263057336262	M	False
144	S	A	A144S	2.4361655082421176	-1.1931094019121322	-0.0875687714412551	-1.6251162192829205	-0.4003143923263458	1.4903799107400753	0.1034061056699232	1.5699942929380433	0.6215280531649927	-0.8563424953620878	0.5450327592068647	M	False
144	T	A	A144T	-0.4935472714514592	0.1059102662881064	1.0320198758004886	0.287199611826357	0.3628771665137393	-0.1397399403645806	0.1924532847687752	0.5160100818284955	-0.1938185025816763	0.6596097438134229	0.1115686130745793	M	False
144	V	A	A144V	-0.3493064924374557	0.2096286029153067	0.1880178999968849	0.5998264285669767	0.7008578277370221	-0.0143568011510219	0.2224445776046187	0.3887466845520868	-0.0698389447610745	0.3939221642819308	0.343250513293	M	False
144	W	A	A144W	-1.0738255658264206	-0.6422365534495281	-1.228274941521405	-1.6652139534910373	0.5580772361533329	-0.0507848698214884	-0.6837097746594244	0.8193217863582177	-0.8580310596379743	-1.4467444475062212	0.2536461831659222	M	False
144	Y	A	A144Y	0.0968317995165353	1.111367736940498	1.0114878095219448	1.8115539726871823	0.283899665125134	1.7994448185729826	1.0190976337273796	0.726166755148557	0.6040997682285166	1.4115208911045636	1.0416722418490585	M	False
137	A	N	N137A	-1.2469507925830157	-0.2274554962601457	-0.0901821326934776	-1.279298127511881	-2.614666298110361	0.4364546635870315	-0.8370163639286416	1.102247972186837	-0.7372031444215807	-0.6847401301026793	-1.0891058172616648	M	False
137	C	N	N137C	0.6626109361263449	1.3597684489716255	2.9982383821452645	1.0967556637446465	-2.683957021543235	-0.6587090129470974	0.4624512327495915	1.9408599058570517	1.0111896925489852	2.0474970229449556	-1.6713330172451664	M	False
137	D	N	N137D	1.010076834790251	0.5301582212566914	0.4980751719587589	0.1092769821373833	0.4442034829611234	0.6305656658022682	0.5370593931510793	0.2917794818095916	0.7701175280234711	0.3036760770480711	0.5373845743816958	M	False
137	E	N	N137E	0.8229249577578429	-0.1356126342574501	-0.5824956939575492	-0.682340231584396	0.20003615207529	-0.2124387952778701	-0.0983210408740221	0.5527437451828145	0.3436561617501963	-0.6324179627709726	-0.00620132160129	M	False
137	F	N	N137F	-1.6541665181107623	0.4011557953401011	0.9232329955324516	-1.2979601891222527	0.9539042302367746	-1.3970397669054784	-0.345145575504861	1.231353177556721	-0.6265053613853306	-0.1873635967949005	-0.2215677683343518	M	False
137	G	N	N137G	0.176614824974288	-0.1141333228730412	0.2786793957816122	-0.0051716958144054	-0.0689541920845828	-0.8352945684338368	-0.0947099264083276	0.3925710227617479	0.0312407510506234	0.1367538499836034	-0.4521243802592098	M	False
137	H	N	N137H	-0.0985950968273866	-1.7282730819888392	-1.307564246997125	-0.0799085411618494	-0.91040694068474	1.0303588657169584	-0.515731506990497	1.0007362030039413	-0.9134340894081128	-0.6937363940794872	0.0599759625161092	M	False
137	I	N	N137I	-1.3678598792402	-0.1147525336485512	-0.1254308277578373	-0.7235832709753487	-1.4474134361871165	0.6558359602602577	-0.5205339979247994	0.8152186258732338	-0.7413062064443756	-0.424507049366593	-0.3957887379634294	M	False
137	K	N	N137K	-1.102616634783629	0.3863993355877291	-0.3643987255401566	0.7845483570575118	-0.6084542791405584	-1.8176315884156784	-0.4536922558724636	0.9541856913997646	-0.3581086495979499	0.2100748157586776	-1.2130429337781183	M	False
137	L	N	N137L	0.9665684556090198	0.0713005187823722	1.1326896703698413	0.6365307841972584	0.8419986296199002	1.1778238490591075	0.8044853179395832	0.4100113712965641	0.518934487195696	0.8846102272835499	1.009911239339504	M	False
137	M	N	N137M	0.2607446063359862	-0.4990327476831665	0.4925005033525088	0.0787540050318357	-0.3203630789213292	1.1827806511059942	0.1992306565369715	0.6048513562928177	-0.1191440706735901	0.2856272541921723	0.4312087860923325	M	False
137	N	N	N137N	-0.213955846326053	-0.3879116615086211	0.2238374326556589	0.2714688452479472	-0.4572514599228618	0.2994512867609736	-0.044060233848826	0.3484690049382066	-0.300933753917337	0.247653138951803	-0.0789000865809441	S	False
137	P	N	N137P	-0.2750960351629192	-0.6150628450153117	1.0628609797608752	-0.3247811586438934	2.4228768786469126	0.4456262945263083	0.4527373523519953	1.1426482308528632	-0.4450794400891155	0.3690399105584909	1.4342515865866106	M	False
137	Q	N	N137Q	0.2274267934149734	0.8199825690379952	0.7990247000383496	0.7026443012315532	1.0823059868999283	1.1518889365641545	0.797212214531159	0.3289967558156152	0.5237046812264843	0.7508345006349514	1.1170974617320413	M	False
137	R	N	N137R	1.2595871613891128	0.3789738499218701	0.8073837827986134	0.1325621602981632	0.2855367760950457	0.7023851626824041	0.5944048155308682	0.4134237424317641	0.8192805056554915	0.4699729715483883	0.4939609693887249	M	False
137	S	N	N137S	0.7522971931404306	0.8214513946288199	1.0131992453564889	-0.2948828390450864	0.1346149528932915	-0.4580655263022175	0.3281024034452878	0.6223022013697841	0.7868742938846253	0.3591582031557012	-0.1617252867044629	M	False
137	T	N	N137T	0.1358912217636497	0.1178570310389482	1.9440933196767816	0.2223794654926709	1.216658626137999	0.1794622507220269	0.6360569858053461	0.767640820050882	0.126874126401299	1.0832363925847264	0.698060438430013	M	False
137	V	N	N137V	-0.905515761024565	-0.6771983793673806	-2.584928015911442	-0.8492942535843829	-0.6668247221223595	0.1854193369838999	-0.9163902991710384	0.9079778051438728	-0.7913570701959728	-1.7171111347479124	-0.2407026925692298	M	False
137	W	N	N137W	-0.667673970419627	-1.0728127523144362	0.4844851239427249	-0.5142588011979046	-1.0034316793488869	-1.0623612920078067	-0.6393422285576561	0.5964628103764209	-0.8702433613670315	-0.0148868386275897	-1.032896485678347	M	False
137	Y	N	N137Y	0.6007657238174331	1.6426185142691176	-0.0931335934159494	-0.6434285271200526	-0.877099083194043	-0.7030725475075588	-0.0122249188585088	0.9741156287648846	1.1216921190432754	-0.368281060268001	-0.7900858153508008	M	False
368	A	Q	Q368A	0.25245320108881	0.5930105370586862	0.2869286066809286	0.8318076928439643	0.38584297347054	-0.8614160096183789	0.2481045002540917	0.5850134122452784	0.4227318690737481	0.5593681497624464	-0.2377865180739194	M	False
368	C	Q	Q368C	0.5451687650906986	-0.2473761381701917	3.6848243902571696	1.6111566874328742	-1.3588501648285838	-0.9145348164388666	0.5533981205571834	1.8642699062408592	0.1488963134602534	2.647990538845022	-1.1366924906337252	M	False
368	D	Q	Q368D	-1.4302712021854331	0.2450947138577454	0.0495088028410434	-0.7906682836665189	0.2991836980105559	-0.7612992314112413	-0.3980752504256414	0.7002368973155988	-0.5925882441638438	-0.3705797404127377	-0.2310577667003427	M	False
368	E	Q	Q368E	-0.963472595708856	0.3095321393519745	-0.7009303812835003	1.3324269855461448	-0.9388498691897116	-0.3681952042104537	-0.2215814875824003	0.8958985780363009	-0.3269702281784408	0.3157483021313222	-0.6535225367000826	M	False
368	F	Q	Q368F	-0.3283249914393671	1.2765991631593836	0.9937030882814284	0.0785419705931813	0.4861147785353247	-1.1968122627057125	0.2183036244040397	0.90706622996264	0.4741370858600082	0.5361225294373049	-0.3553487420851939	M	False
368	G	Q	Q368G	-0.0430440838039095	0.1289756336020506	-0.9409852400405088	1.2481177997849475	0.5011998615621144	-0.7574602773926659	0.0228006156186713	0.8103785456130728	0.0429657748990705	0.1535662798722193	-0.1281302079152757	M	False
368	H	Q	Q368H	1.6863456441192888	0.856178216694492	0.2349960701218967	1.3243965834095472	0.1269283118793401	-0.2412603233094489	0.6645974171525193	0.7496974338954345	1.2712619304068904	0.779696326765722	-0.0571660057150544	M	False
368	I	Q	Q368I	0.0755775416574501	1.3287020287521163	1.6443974360120104	-1.6905395348243493	-1.2604866417007496	-1.6847144930510691	-0.2645106105257652	1.5060160829750824	0.7021397852047833	-0.0230710494061694	-1.4726005673759093	M	False
368	K	Q	Q368K	1.427617372700115	0.7645097686098412	-0.7384568210019952	1.1428811093834823	-0.1383215744295514	0.0783448676213314	0.4227624538138705	0.8278845907385846	1.096063570654978	0.2022121441907435	-0.02998835340411	M	False
368	L	Q	Q368L	0.1331635746046003	-0.6573616855654922	1.9185076481858672	0.9587672433444536	0.4070316591976067	-0.500978734181407	0.3765216175976048	0.9608128266098688	-0.2620990554804459	1.4386374457651605	-0.0469735374919001	M	False
368	M	Q	Q368M	-0.0156645143174849	0.7311197571072147	-0.8116871019789763	0.5711163080898226	-0.2626944004339952	-0.6145696201777703	-0.0670632619518649	0.6228178778053135	0.3577276213948648	-0.1202853969445768	-0.4386320103058827	M	False
368	N	Q	Q368N	-0.9408184141207292	0.5624211239503109	1.1803846473642174	-1.0171282899998384	0.0923449696181173	-1.0268720365588238	-0.1916113332911242	0.9457292464201308	-0.1891986450852091	0.0816281786821895	-0.4672635334703532	M	False
368	P	Q	Q368P	0.0977757989376659	-0.7724271876958917	2.6918854322843746	0.1335808563646901	1.2650756749223555	-0.2230836735588029	0.5321344835423987	1.2507177963170408	-0.3373256943791128	1.4127331443245323	0.5209960006817764	M	False
368	Q	Q	Q368Q	0.6982063747294707	0.7477815248977688	-1.271341000265915	0.9107328832668838	0.5267379866812166	-0.1952108935972051	0.2361511459520366	0.8334707783116684	0.7229939498136198	-0.1803040584995155	0.1657635465420057	S	False
368	R	Q	Q368R	0.87329632261509	-0.4076664398450596	0.2644226452056484	0.986227077160556	-1.2432471348186982	-0.9022545683415792	-0.0715370163373404	0.9274074673389956	0.2328149413850152	0.6253248611831022	-1.0727508515801387	M	False
368	S	Q	Q368S	-0.6672432225321347	-1.4262958753532395	-0.9898089374992962	-0.3123950717485322	-0.5233139222975055	-0.8109090901278638	-0.7883276865930954	0.3897470001675595	-1.0467695489426871	-0.6511020046239142	-0.6671115062126847	M	False
368	T	Q	Q368T	1.6530656188335668	-0.5760014773823446	-2.8957196155769434	-0.6483927196988136	-0.8965460758654831	-0.9840785071130154	-0.7246121294671722	1.4485743196948946	0.5385320707256112	-1.7720561676378783	-0.9403122914892492	M	False
368	V	Q	Q368V	0.6465261955290015	-0.8620119000110547	-0.8360280749675955	0.5663833982439993	0.8036649400485953	-0.5779415725238605	-0.0432345022801524	0.7936588936308226	-0.1077428522410265	-0.134822338361798	0.1128616837623674	M	False
368	W	Q	Q368W	-2.687074129048654	-0.3253208109994743	2.282227144491058	1.0074062343790915	1.0108841284508023	-0.8277696428089513	0.0767254874106453	1.744786380356575	-1.506197470024064	1.6448166894350749	0.0915572428209255	M	False
368	Y	Q	Q368Y	0.174583228181028	0.411308625731935	-1.1217257861102703	0.2948652651637413	0.3495391197148087	-0.5735024986607921	-0.0774886743299248	0.6260869104642118	0.2929459269564815	-0.4134302604732645	-0.1119816894729916	M	False
320	A	S	S320A	0.355466100003905	0.1814884697388673	-1.4667132679875063	0.1090138327828719	0.5807037023007162	-2.4178310716549847	-0.4429787058026884	1.210633645434245	0.2684772848713861	-0.6788497176023172	-0.9185636846771342	M	False
320	C	S	S320C	1.2318819014593885	-1.1727015398383775	0.7504575622371641	1.4134501767391183	0.4386848971073086	-0.5400957960620801	0.3536128669404203	1.0185956435607149	0.0295901808105054	1.0819538694881412	-0.0507054494773857	M	False
320	D	S	S320D	1.2705532429177946	0.1316957553365879	0.7185249548053102	0.7731698010598613	1.2891333409519186	1.5987144294760425	0.9636319207579191	0.5276272723350645	0.7011244991271912	0.7458473779325858	1.4439238852139806	M	False
320	E	S	S320E	1.3823839189409124	-0.2934325909768802	-0.0031341308645501	0.6848974638095379	-1.569684829758354	-0.4012398171295515	-0.0333683309964809	1.0084052286700598	0.5444756639820161	0.3408816664724938	-0.9854623234439528	M	False
320	F	S	S320F	0.2792047861231552	-0.3661720495711741	-1.5555116475932178	0.4958189124818628	0.7743061730386686	0.5676524613438153	0.0325497726371849	0.8709664290358362	-0.0434836317240094	-0.5298463675556775	0.6709793171912419	M	False
320	G	S	S320G	1.163633666708501	0.6065145075887005	0.6876819987231542	0.659220912238999	0.2825756783233777	-0.4999444948627055	0.4832803781200044	0.5581784426834632	0.8850740871486007	0.6734514554810767	-0.1086844082696639	M	False
320	H	S	S320H	1.2389129756502868	-2.6625424642291766	-0.7034914702194027	0.8919270185321992	-2.595726087298729	1.956605426487258	-0.3123857668462607	1.9947461643723603	-0.7118147442894449	0.0942177741563982	-0.3195603304057355	M	False
320	I	S	S320I	1.6629446049927752	0.0769980429455922	1.0820799340554947	0.7786059973006414	-0.4939439603888719	0.533365436039888	0.6066750091575867	0.7574390621770989	0.8699713239691838	0.930342965678068	0.019710737825508	M	False
320	K	S	S320K	2.0209636784030938	-0.2167538446739904	-0.0705764921469997	0.4234844511790081	-0.704690687037548	0.999880352734928	0.408717909743082	0.9807797149160388	0.9021049168645516	0.1764539795160042	0.14759483284869	M	False
320	L	S	S320L	-1.5415414152099731	-1.3251981361859346	-0.3500768150200305	0.4882743680724588	1.3419939498608011	0.8183378854168128	-0.0947016938443109	1.1756087666531698	-1.4333697756979538	0.0690987765262141	1.080165917638807	M	False
320	M	S	S320M	-2.5816218419333663	-2.9646957266786744	1.737700818004594	3.346293913663036	2.4796730152391477	-0.5579870394487485	0.2432271898076647	2.674944865957948	-2.7731587843060206	2.541997365833815	0.9608429878951996	M	False
320	N	S	S320N	1.56615322146565	-0.0377365135818112	0.3022467453083973	1.3064564742551577	0.666138156356553	1.8426632336988535	0.9409868862504668	0.7455000318369961	0.7642083539419193	0.8043516097817776	1.2544006950277031	M	False
320	P	S	S320P	0.7453112487604979	-2.2886064695295127	-3.289369711891134	0.4614678102805098	-0.9280345190061928	-0.3819002780244228	-0.9468553199017092	1.5782268519574936	-0.7716476103845074	-1.413950950805312	-0.6549673985153078	M	False
320	Q	S	S320Q	1.513549171692271	-5.442212204727481	4.12306502033187	-0.4346709453862722	-1.2745925651592915	-0.0849516907477805	-0.266635535666114	3.1718242294522834	-1.9643315165176047	1.844197037472799	-0.679772127953536	M	False
320	R	S	S320R	1.0642043931536986	0.3763513378832371	-0.6739950521304057	1.5851820491480433	0.8382132195578142	-0.2641725002260183	0.4876305745643948	0.8469864021327288	0.7202778655184678	0.4555934985088188	0.2870203596658979	M	False
320	S	S	S320S	-0.2691631314696563	-0.663942984929374	-0.1877937793370714	-0.1690029322081688	0.1697648317665491	-0.0771730598529389	-0.1995518426717767	0.2731108657749518	-0.4665530581995152	-0.1783983557726201	0.046295885956805	S	False
320	T	S	S320T	2.6838642422259356	-6.141992145678279	1.2716934559544306	-1.6488774645435609	-5.454691581859066	0.406607122355171	-1.4805660619242282	3.633998633739226	-1.729063951726172	-0.188592004294565	-2.524042229751948	M	False
320	V	S	S320V	-1.982621000406382	-1.270352197932095	0.523091101807663	0.6824251453093505	-0.9511554269737308	0.0028634396657155	-0.4992914897549131	1.0670390820286169	-1.6264865991692383	0.6027581235585068	-0.4741459936540076	M	False
320	W	S	S320W	-1.892141195882001	-3.151849411036296	0.4733453229163832	1.416803076613711	-0.3820879880434127	0.5498981646950309	-0.4976720051227641	1.7151125001979934	-2.5219953034591485	0.9450741997650473	0.0839050883258091	M	False
320	Y	S	S320Y	0.2811180238811726	0.1676396081602575	1.34012740833579	-0.649205237116919	0.7562477968736628	-0.0008770591147975633	0.3158417568365277	0.6779254677893832	0.224378816020715	0.3454610856094354	0.3776853688794326	M	False
230	A	P	P230A	-0.0239927625861981	-0.1254501748581105	-0.0607982728178549	1.5752283239619365	0.5187996849025771	-0.570311606388138	0.2189125320357019	0.7494299651015234	-0.0747214687221543	0.7572150255720407	-0.0257559607427804	M	False
230	C	P	P230C	-0.7963784129774512	-0.0652632153463106	-1.2124430615841788	-1.5191376875511575	-0.5301281137159255	-3.2508589597383284	-1.2290349084855587	1.1137535015129745	-0.4308208141618809	-1.365790374567668	-1.890493536727127	M	False
230	D	P	P230D	-0.1560807721654483	0.0418811600778931	2.0386522057237797	-0.5424480575399226	1.3703398617260207	0.7423606043170103	0.5824508336898888	0.9869047280787976	-0.0570998060437775	0.7481020740919285	1.0563502330215155	M	False
230	E	P	P230E	0.9274028071907888	1.0293622032432614	0.6864263766049987	0.1496870381399688	3.0691824251525857	1.686854945616663	1.2581526326580443	1.0179314295342348	0.9783825052170252	0.4180567073724838	2.378018685384625	M	False
230	F	P	P230F	0.9616656803329472	2.0401931019013	1.7590518106217643	2.129539571200487	-1.2161484860325125	0.4467872230249087	1.020181483508149	1.2767462738161013	1.5009293911171238	1.9442956909111255	-0.3846806315038019	M	False
230	G	P	P230G	-0.6355936044487661	-1.2800451823891688	0.1185617615001301	-2.438370146406476	1.8236067929164408	-0.9582681483969524	-0.5616847545374655	1.4389636381559112	-0.9578193934189674	-1.159904192453173	0.4326693222597442	M	False
230	H	P	P230H	0.8184138013072447	1.4727967392789876	-1.8728626513384352	-0.9158246015640268	-0.2753661923729981	-0.2294975104888732	-0.1670567358630168	1.1955190108274056	1.145605270293116	-1.394343626451231	-0.2524318514309357	M	False
230	I	P	P230I	0.4075357976454694	-0.2797372267524992	1.6299057580031404	-0.5007468154051151	-0.4066712508474526	-2.0286694166368076	-0.1963971923322107	1.2000940347182272	0.0638992854464851	0.5645794712990126	-1.2176703337421302	M	False
230	K	P	P230K	-1.3124902882567049	2.141210001472644	-0.7271472079105233	-0.6597489109572361	0.6655979032970283	-5.130405234363406	-0.8371639561196996	2.442557684713173	0.4143598566079695	-0.6934480594338797	-2.2324036655331887	M	False
230	L	P	P230L	1.120656062711982	1.6048692418633874	1.0022657599953573	1.2442237235142095	0.5336277301520438	2.2137434033327565	1.2865643202616228	0.5723699033582968	1.3627626522876848	1.1232447417547835	1.3736855667424002	M	False
230	M	P	P230M	-1.195679327871391	-0.2169428059364572	0.7253889309945873	-1.2632243327218944	-3.0656137565573816	-2.056570526854063	-1.1787736364911	1.3333464944969595	-0.7063110669039242	-0.2689177008636535	-2.561092141705722	M	False
230	N	P	P230N	-0.3890659223350128	1.6987706316598523	-0.2397371534936118	1.2535979554792307	1.066601668268749	-1.7787402715408405	0.2685711513397278	1.3065181958183756	0.6548523546624198	0.5069304009928094	-0.3560693016360458	M	False
230	P	P	P230P	0.403771257025126	0.8720388434965194	0.0869826555730291	0.2532487548501605	-0.1448474423478965	0.3051147874114743	0.2960514760014021	0.3415789347036242	0.6379050502608227	0.1701157052115948	0.0801336725317889	S	False
230	Q	P	P230Q	1.8270286045791304	2.2111011607700783	0.0785535099149389	1.4512870264013498	-0.3977528650426861	2.7771644735416436	1.3245636516940755	1.2396324618568693	2.0190648826746043	0.7649202681581444	1.1897058042494788	M	False
230	R	P	P230R	-0.3828523111645748	0.3743171318197268	-0.4008129486494183	0.6113085014797638	-1.525030996075657	-0.7120727480823044	-0.3391905617787439	0.7698706417936191	-0.004267589672424	0.1052477764151727	-1.1185518720789809	M	False
230	S	P	P230S	0.5155749717299101	0.8697605010315314	0.1873551206261902	1.4631356264217683	0.7349237377779232	-1.40191286485692	0.3948061821217339	0.9765664069084052	0.6926677363807208	0.8252453735239794	-0.3334945635394984	M	False
230	T	P	P230T	0.5525548018698735	-0.2835517897417119	-0.1733909401941049	0.015490307355346	-4.228720633375595	0.079464115853395	-0.6730256897054662	1.765595313831699	0.1345015060640808	-0.0789503164193794	-2.0746282587611	M	False
230	V	P	P230V	-0.3407765138829408	0.5392465663160426	-1.6892022445530803	1.8933609644307945	-0.1676911119118566	-2.7685983607911626	-0.4222767833987005	1.641248704976534	0.0992350262165508	0.102079359938857	-1.4681447363515097	M	False
230	W	P	P230W	-0.9802553273740068	0.6392244021567667	-0.6839694275162058	0.2374475189258595	-4.241315307276164	1.556613028577143	-0.5787091854177678	2.014749491819195	-0.17051546260862	-0.2232609542951731	-1.3423511393495104	M	False
230	Y	P	P230Y	-1.3400373556857568	-0.9086835220952704	-0.5409435275385387	-0.0782386986941971	3.733397719639481	-0.5590387400081168	0.0510759792696001	1.8523108466890208	-1.1243604388905135	-0.3095911131163679	1.587179489815682	M	False
56	A	T	T56A	1.6669379129999573	0.4673972943535364	-0.0626254646499517	0.5884491058238012	0.4654380564629781	0.5790189876771756	0.6174359821112495	0.5677797030528212	1.0671676036767468	0.2629118205869247	0.5222285220700769	M	False
56	C	T	T56C	-3.4525198374348447	2.1067824758311335	-2.82839059368812	0.408737311129983	-0.0967413494094349	0.1155013949619992	-0.6244384331015473	2.107531470172691	-0.6728686808018556	-1.2098266412790686	0.0093800227762821	M	False
56	D	T	T56D	1.0632995300302934	-1.4622411726992892	0.4573307083346462	2.898118966146628	0.7978076370641976	-1.878544221621133	0.3126285745425571	1.7581812034625637	-0.1994708213344979	1.677724837240637	-0.5403682922784677	M	False
56	E	T	T56E	-0.4355848288585529	-1.3422977676094046	2.7022955510138114	-0.5317482587629235	1.663751366282493	-0.4524882936245956	0.267321294740138	1.5569653247733082	-0.8889412982339787	1.085273646125444	0.6056315363289487	M	False
56	F	T	T56F	1.37309294341142	4.378008818095919	3.3167305471034956	0.5710894094928455	-0.7119856237265902	0.1606923526852406	1.5146047411770551	1.95692465398773	2.8755508807536696	1.9439099782981704	-0.2756466355206748	M	False
56	G	T	T56G	2.269233855689413	1.8926498955602855	-0.5709036354346178	-0.9018564503767514	-0.9062040096728486	1.7123998928621893	0.5825532581046117	1.5223751998808843	2.0809418756248492	-0.7363800429056846	0.4030979415946703	M	False
56	H	T	T56H	0.3982352439755976	-2.660122783377861	0.244621039056211	-0.7086640611103546	-0.5774208041563298	-0.5637650692480705	-0.6445194058101346	1.0913938783070367	-1.1309437697011318	-0.2320215110270718	-0.5705929367022001	M	False
56	I	T	T56I	0.8277283425660491	1.377272902216916	1.5517538032119342	-0.1089510317397197	-0.1333690307846227	0.5874049034394667	0.6836399814850039	0.7156081501235515	1.1025006223914826	0.7214013857361072	0.2270179363274219	M	False
56	K	T	T56K	2.1367966296396803	2.7473074269698765	2.3598411220700193	0.8798015629539827	3.8361520394491944	1.3081892464579945	2.211348004590125	1.052953981539791	2.4420520283047784	1.619821342512001	2.572170642953594	M	False
56	L	T	T56L	-3.542339224961375	0.3201055709013358	-0.2515076737528133	-3.5181921728350862	-6.31486138130961	1.1028959578207973	-2.033983154022792	2.876209170766917	-1.6111168270300196	-1.8848499232939495	-2.6059827117444065	M	False
56	M	T	T56M	-1.3082980535168949	0.0282485495939734	-0.1223641857712212	-0.532278945044746	-0.0867577484255787	0.0567456721400815	-0.327450785170731	0.5250025761179838	-0.6400247519614607	-0.3273215654079836	-0.0150060381427486	M	False
56	N	T	T56N	-1.4004267629043077	-1.091354999672572	-1.6111873409194548	0.1599566418570364	-0.9739269171085824	-1.4937018530499415	-1.0684402052996371	0.6486992616384444	-1.2458908812884395	-0.7256153495312092	-1.233814385079262	M	False
56	P	T	T56P	-1.5945107634171751	2.2491973505892355	2.7004679487592993	-0.1237396247844087	-0.359375717064613	1.2993948770196253	0.6952390118503272	1.662926708211624	0.3273432935860301	1.2883641619874453	0.4700095799775061	M	False
56	Q	T	T56Q	-1.5245588169345003	0.199992689077232	1.259516328804538	1.6164784864858766	2.7054325966461774	-0.8440503483774845	0.5688018226169732	1.590863550835928	-0.6622830639286341	1.4379974076452071	0.9306911241343464	M	False
56	R	T	T56R	-0.7127164453959546	0.6986040534826329	0.3321267257076074	1.9556089518728523	2.6959863822655987	-1.0489026730532671	0.6534511658132449	1.4654197844944234	-0.0070561959566608	1.14386783879023	0.8235418546061658	M	False
56	S	T	T56S	-1.4817040330188964	-1.339830610444007	-0.1080842206368072	0.3812979254036581	0.1757975008545914	-0.8161988426613086	-0.5314537134171283	0.7937367608791056	-1.4107673217314516	0.1366068523834254	-0.3202006709033586	M	False
56	T	T	T56T	-0.049904299164876	0.1641751784082331	0.7139803909093266	0.0795955659525784	0.7522821970079786	-0.4927188150997045	0.1945683696689227	0.4747855542953116	0.0571354396216785	0.3967879784309525	0.129781690954137	S	False
56	V	T	T56V	-0.4361484900751014	0.4877722990664372	-0.1215873344857307	-0.9215220889559564	-0.0220562142143165	-0.7626693180659856	-0.2960351911217755	0.5193195009783688	0.0258119044956679	-0.5215547117208436	-0.3923627661401511	M	False
56	W	T	T56W	-8.388511591663098	0.0653562367872812	-0.8025260787042555	-4.229125305905452	-7.391760673691093	-3.0076031155552063	-3.959028421455304	3.421733865387014	-4.161577677437909	-2.515825692304854	-5.19968189462315	M	False
56	Y	T	T56Y	0.8873392992524636	3.499638880446699	-0.8623896228931583	0.7294003593293974	1.2442984684793732	3.855399127352981	1.558947751994626	1.7967223837062525	2.1934890898495816	-0.0664946317818804	2.549848797916177	M	False
222	A	L	L222A	0.5666215298520056	1.7413477553313486	-0.8130875831294687	0.5994713237903961	1.8428526762904969	-0.918919424225255	0.5030477129849206	1.1913023238850036	1.153984642591677	-0.1068081296695362	0.4619666260326209	M	False
222	C	L	L222C	0.3805006042693873	-2.6961321090437256	-1.0426417854904355	-0.6845387155002188	0.3884178279678226	-0.1793180633210209	-0.6389520401863652	1.1578488091371724	-1.157815752387169	-0.8635902504953272	0.1045498823234008	M	False
222	D	L	L222D	-4.206570936804779	-1.532780485296408	3.7626197396867713	-0.7098080290557504	3.1667607695363924	2.020951594221465	0.4168621087146152	3.091141045557052	-2.8696757110505935	1.5264058553155104	2.5938561818789285	M	False
222	E	L	L222E	-0.3349504058155816	-2.2008260136785656	0.0032855644695355	-0.8515362673299978	0.4200880921679925	0.6249104268477101	-0.3898381005564844	1.0330630479543736	-1.2678882097470736	-0.4241253514302311	0.5224992595078514	M	False
222	F	L	L222F	0.7956968556668624	-0.2616340768412949	-0.3046350241803697	0.5966795729905198	1.557847868623505	0.5613780219966545	0.4908888697093128	0.6995168129491964	0.2670313894127837	0.146022274405075	1.0596129453100798	M	False
222	G	L	L222G	-1.885632284986087	1.4608106141940111	-0.8654463041296844	-1.4573502614481408	2.585209407941601	-1.656089948001265	-0.3030831294049275	1.8674704363603576	-0.2124108353960379	-1.1613982827889129	0.4645597299701679	M	False
222	H	L	L222H	-0.5928980912105114	0.5613986441129404	0.537926664660044	-0.4386137963383215	0.7961631405554007	-0.7541329794502748	0.0183072637215462	0.685423242195255	-0.0157497235487855	0.0496564341608612	0.0210150805525629	M	False
222	I	L	L222I	3.968577412629728	2.260516430176869	0.2706584728670305	1.5858543557937714	-1.0347850810489796	2.5336417078415576	1.5974105497099962	1.7679100056047146	3.1145469214032984	0.928256414330401	0.749428313396289	M	False
222	K	L	L222K	0.2727357931239829	-1.643519412845826	0.212227634343583	0.4242280342070457	0.2430786340562413	-0.0282456939495353	-0.0865825018440847	0.7765895609453115	-0.6853918098609215	0.3182278342753143	0.1074164700533529	M	False
222	L	L	L222L	0.2402618140737764	-0.3970716027318313	-0.5121086415934359	-0.7262185276593087	-0.5731575244085216	-0.3649168537990514	-0.3888685560197287	0.3344851394354809	-0.0784048943290274	-0.6191635846263723	-0.4690371891037865	S	False
222	M	L	L222M	-1.2626526419726858	-1.0233679555855886	-0.7604202019509454	-0.0549104045074893	0.6463308853425802	-0.8444467032264833	-0.5499111703167687	0.712635640332586	-1.1430102987791373	-0.4076653032292173	-0.0990579089419515	M	False
222	N	L	L222N	0.4525021827191819	1.1455370402473035	3.330076055543848	-0.0991614631773715	3.614804457536935	2.818965406596613	1.8771206132444185	1.580388516615128	0.7990196114832427	1.615457296183238	3.2168849320667743	M	False
222	P	L	L222P	2.6206639442211492	1.3323165227207523	1.4986935292550716	0.2107661806168296	2.2770495584160537	0.5744222610933764	1.4189853327205388	0.9345855639206672	1.9764902334709509	0.8547298549359507	1.425735909754715	M	False
222	Q	L	L222Q	-1.4312116781933215	-0.9363608389188968	-2.327581039612016	-1.6033479312600656	-2.2427705582138144	-2.3384175994863523	-1.8132816076140776	0.5803054520516556	-1.1837862585561092	-1.9654644854360408	-2.2905940788500834	M	False
222	R	L	L222R	4.979514579269445	0.7614162147311669	3.1930654145514104	-0.1587905967278997	0.5013507231044771	0.3821696922612926	1.6097876711983157	2.0221330043107435	2.870465397000306	1.5171374089117553	0.4417602076828849	M	False
222	S	L	L222S	-0.4026791563395497	-2.07442554937346	-0.2385225377433098	-0.0257301496166768	1.2607960078558047	-0.7779003812752157	-0.3764102944154012	1.0832889016893363	-1.2385523528565048	-0.1321263436799933	0.2414478132902945	M	False
222	T	L	L222T	-2.9509423809099173	-0.6300851307855637	0.6109886653638423	0.4534047878722476	-2.360388323590518	0.4911004518901508	-0.7309869883599597	1.5678336702237072	-1.7905137558477406	0.532196726618045	-0.9346439358501836	M	False
222	V	L	L222V	1.1736136373340844	3.018548517944699	1.0358867149295783	-1.0878667005274816	0.2233381599318298	-1.217754703951467	0.5242942709435405	1.589277755876497	2.0960810776393917	-0.0259899927989516	-0.4972082720098185	M	False
222	W	L	L222W	-1.5362473064324242	-3.2805182094302148	-2.707541761818943	-0.6212201698677968	-4.16672946214783	-1.361661925549584	-2.278986472541132	1.3335391976569428	-2.4083827579313195	-1.66438096584337	-2.7641956938487073	M	False
222	Y	L	L222Y	-0.7595872960277898	-2.2799785260727536	-0.4544300691604632	-2.465035120729668	0.3002339143469686	-1.0951402527356306	-1.1256562250632227	1.071917975236171	-1.519782911050272	-1.4597325949450657	-0.397453169194331	M	False
121	A	R	R121A	0.376329131745616	0.4740893262289342	1.203854410161099	0.7200405122850363	-2.9271779267690157	-0.2284362161928566	-0.0635501270901977	1.4785418555288734	0.4252092289872751	0.9619474612230676	-1.5778070714809362	M	False
121	C	R	R121C	0.3646680617782405	0.1853718158882509	1.304440764388408	3.014185743652988	3.250977499282858	1.09335862266352	1.5355004179423777	1.309346820978669	0.2750199388332457	2.159313254020698	2.172168060973189	M	False
121	D	R	R121D	-1.2549664771707831	-1.325388022871291	-0.2836279117689328	-1.2578823767994358	-1.4709140079401182	0.6290953938947971	-0.827280567109294	0.8303369616323459	-1.2901772500210371	-0.7707551442841843	-0.4209093070226605	M	False
121	E	R	R121E	0.5379583410694017	0.6746655898198465	0.1253484579786113	1.2415261696062088	1.14565141667627	1.7829192244764889	0.9180115332711378	0.5893249322360323	0.6063119654446241	0.6834373137924101	1.4642853205763795	M	False
121	F	R	R121F	1.0734652132668223	0.7771663420033413	4.225038258971496	0.6789041535930426	3.785099086686152	1.0438307195268008	1.930583962341276	1.6199879801986032	0.9253157776350818	2.4519712062822694	2.4144649031064764	M	False
121	G	R	R121G	0.3790965418623465	-1.411063348438233	0.5521092312060749	0.5524723844923716	-0.5809822811132646	-0.1680451008257322	-0.1127354288027394	0.7790235176940983	-0.5159834032879431	0.5522908078492232	-0.3745136909694984	M	False
121	H	R	R121H	0.041650858954017	-0.888025288257368	-1.5541274044734854	-0.6793735748105888	0.9299973200943514	0.3668820249956152	-0.2971660105829097	0.9095972469940294	-0.4231872146516754	-1.116750489642037	0.6484396725449832	M	False
121	I	R	R121I	-0.6227981087285821	0.1249956837042039	-0.7205313507001465	-0.3169550498361715	-0.9259915143315044	0.4642180744360071	-0.3328437109093656	0.5350469934565618	-0.248901212512189	-0.518743200268159	-0.2308867199477486	M	False
121	K	R	R121K	0.4619187819963232	0.8121115247021099	1.2508495643308553	1.1590859221079164	0.2700282346528793	1.989316359787831	0.9905517312629858	0.6203446348782373	0.6370151533492165	1.204967743219386	1.1296722972203552	M	False
121	L	R	R121L	0.1082370159639853	-0.173277692031582	-0.6217047672878099	-0.5725262875169204	-1.8161388046437117	-0.7632161972997266	-0.6397711221359609	0.6604634989135407	-0.0325203380337983	-0.5971155274023652	-1.2896775009717192	M	False
121	M	R	R121M	1.1541164973200495	1.1477830384633398	-1.221331310322718	0.1115833727492416	-0.4761957037357031	1.1234797313058242	0.3065726042966724	1.007823426607957	1.150949767891695	-0.5548739687867381	0.3236420137850606	M	False
121	N	R	R121N	-0.0231077340471841	-0.1316393191748241	-1.481910855703303	0.3664233137646616	-1.8806909685257096	0.9644920373966178	-0.3644055877149569	1.0971493537340784	-0.0773735266110041	-0.5577437709693207	-0.4580994655645459	M	False
121	P	R	R121P	0.8792570703475464	0.2459288991130508	3.0378364624410183	-2.9600650922682994	-0.6827482822615826	1.6401011636681695	0.3600517035066505	2.0592359462181684	0.5625929847302986	0.0388856850863594	0.4786764407032934	M	False
121	Q	R	R121Q	-0.1507324832057066	-0.6118990284055756	-1.755351301876177	-0.6956432073060654	-1.526755718743817	0.828407718304446	-0.6519956702054827	0.941166363188746	-0.3813157558056411	-1.2254972545911214	-0.3491740002196855	M	False
121	R	R	R121R	-0.3562949877914508	-0.1287373885265036	0.0851632489538223	-0.1723010080397481	-0.0838536753116011	-0.2449704796523182	-0.1501657150612999	0.1498021179816488	-0.2425161881589772	-0.0435688795429629	-0.1644120774819596	S	False
121	S	R	R121S	0.1456577751702269	0.9052149991593595	-0.5675370123156127	0.6565638583577645	-0.328798544894982	0.5324686988346506	0.2239282957185678	0.5804434255366453	0.5254363871647934	0.0445134230210759	0.1018350769698342	M	False
121	T	R	R121T	0.6030106639859105	0.2882214643851035	0.141435495401259	-0.4923860323367424	1.4484790534903838	-0.5542726797193519	0.239081327534427	0.7445121842445115	0.445616064185507	-0.1754752684677417	0.4471031868855159	M	False
121	V	R	R121V	-0.1816346132809286	0.7053478140279813	-0.1581812810738486	-0.52174186532485	0.5802116608928964	-0.2930422575853129	0.0218265762759896	0.4994804306048001	0.2618566003735263	-0.3399615731993493	0.1435847016537917	M	False
121	W	R	R121W	-0.6791446515935842	-0.94203047878043	-1.2576313477208638	-2.4391809956692057	0.5535290789903307	-0.6839550741120397	-0.9080689114809656	0.9702116793613244	-0.8105875651870071	-1.8484061716950348	-0.0652129975608545	M	False
121	Y	R	R121Y	-0.2531383863099039	-3.721852346202745	-8.266919733692234	-0.9738780677019804	-0.1871171000230749	-0.0288688359534994	-2.238629078313906	3.261096429754705	-1.9874953662563244	-4.620398900697107	-0.1079929679882871	M	False
