Residue	Wildtype_Amino_Acid	Mutant_Amino_Acid	Mutation_Type	Germline classification	Condition(s)	REVEL	PHRED	am_pathogenicity	G401_average_zscore	response
1	M	A	M	NA	NA	NA	NA	0.1541	-5.520154053808131	0
1	M	C	M	NA	NA	NA	NA	0.1262	6.072595799202315	0
1	M	D	M	NA	NA	NA	NA	0.5555	-4.2915849831884465	0
1	M	E	M	NA	NA	NA	NA	0.3386	1.73451710472679	0
1	M	F	M	NA	NA	NA	NA	0.1195	-4.515109110998011	0
1	M	G	M	NA	NA	NA	NA	0.2535	-0.5895774390326783	0
1	M	H	M	NA	NA	NA	NA	0.3626	-6.612512862110828	0
1	M	I	M	NA	NA	0.64	24.133333333333333	0.2601	0.3522712145332285	0
1	M	K	M	NA	NA	0.602	23.6	0.2038	0.6936307880792123	0
1	M	L	M	Uncertain significance	not provided	0.57	21.15	0.097	0.8035340715717941	0
1	M	N	M	NA	NA	NA	NA	0.2419	-3.9773410223386834	0
1	M	P	M	NA	NA	NA	NA	0.2232	-2.9388886042431306	0
1	M	Q	M	NA	NA	NA	NA	0.1543	-0.6562931338825757	0
1	M	R	M	NA	NA	0.518	23.6	0.2436	-0.32504749275227496	0
1	M	S	M	NA	NA	NA	NA	0.1622	-1.3356794998510022	0
1	M	T	M	Uncertain significance	Hereditary cancer-predisposing syndrome	0.586	23.1	0.2147	1.2508872231357295	0
1	M	V	M	Benign/Likely benign	Hereditary cancer-predisposing syndrome|Rhabdoid tumor predisposition syndrome 1|Schwannomatosis 1|not provided	0.613	22.8	0.0876	2.71482549095035	0
1	M	W	M	NA	NA	NA	NA	0.365	-2.801568063360254	0
1	M	Y	M	NA	NA	NA	NA	0.2905	-5.38656124917227	0
2	M	A	M	NA	NA	NA	NA	0.178	-0.21560416337217403	0
2	M	C	M	NA	NA	NA	NA	0.2597	-5.349554293708261	0
2	M	D	M	NA	NA	NA	NA	0.4743	0.6500666910631097	0
2	M	E	M	NA	NA	NA	NA	0.3148	5.4139064565160595	0
2	M	F	M	NA	NA	NA	NA	0.1443	-2.034263020347985	0
2	M	G	M	NA	NA	NA	NA	0.2233	-1.8079861808378102	0
2	M	H	M	NA	NA	NA	NA	0.3208	3.6947475193332675	0
2	M	I	M	Uncertain significance	not provided	0.467	24.433333333333337	0.4361	-0.6607684530665319	0
2	M	K	M	NA	NA	0.58	23.7	0.1788	3.7766573852189316	0
2	M	L	M	NA	NA	0.529	21.799999999999997	0.146	-1.4741817102460235	0
2	M	N	M	NA	NA	NA	NA	0.196	1.2002409842641915	0
2	M	P	M	NA	NA	NA	NA	0.2534	3.093457100391798	0
2	M	Q	M	NA	NA	NA	NA	0.1371	-3.0831035809877485	0
2	M	R	M	Uncertain significance	not provided	0.591	23.9	0.2312	2.0151111649197704	0
2	M	S	M	NA	NA	NA	NA	0.1652	-3.429830525402889	0
2	M	T	M	NA	NA	0.58	23.3	0.2529	0.8668751233600871	0
2	M	V	M	Uncertain significance	not provided	0.541	21.2	0.1684	2.093408515779858	0
2	M	W	M	NA	NA	NA	NA	0.4615	1.670151831060589	0
2	M	Y	M	NA	NA	NA	NA	0.3304	1.5670126760445136	0
3	M	A	M	NA	NA	NA	NA	0.1236	NA	0
3	M	C	M	NA	NA	NA	NA	0.2732	-0.9669456743028763	0
3	M	D	M	NA	NA	NA	NA	0.3582	-21.320968118936783	0
3	M	E	M	NA	NA	NA	NA	0.2275	-5.489133574874527	0
3	M	F	M	NA	NA	NA	NA	0.167	-15.071906612596507	0
3	M	G	M	NA	NA	NA	NA	0.1633	3.3670561227871083	0
3	M	H	M	NA	NA	NA	NA	0.2941	-1.9595404648009376	0
3	M	I	M	Uncertain significance	Hereditary cancer-predisposing syndrome	0.31566666666666665	22.933333333333337	0.3287	3.1929541623210147	0
3	M	K	M	Uncertain significance	not provided	0.482	22.4	0.1455	-0.9927971814372328	0
3	M	L	M	NA	NA	0.3465	22.05	0.1416	0.017669759575041022	0
3	M	N	M	NA	NA	NA	NA	0.16	1.008138934502268	0
3	M	P	M	NA	NA	NA	NA	0.2195	4.178934467446155	0
3	M	Q	M	NA	NA	NA	NA	0.101	2.4226049707088886	0
3	M	R	M	NA	NA	0.512	24	0.2084	1.0004790202234748	0
3	M	S	M	NA	NA	NA	NA	0.124	0.8954135948431894	0
3	M	T	M	NA	NA	0.365	23.4	0.1698	-1.7984382963382788	0
3	M	V	M	NA	NA	0.399	21.3	0.1314	1.7863347427098868	0
3	M	W	M	NA	NA	NA	NA	0.4933	2.1940609529010016	0
3	M	Y	M	NA	NA	NA	NA	0.3267	-2.251713283141513	0
4	M	A	M	NA	NA	NA	NA	0.2763	-0.5118270294733407	0
4	M	C	M	NA	NA	NA	NA	0.5616	-0.6872563315589846	0
4	M	D	M	NA	NA	NA	NA	0.714	-0.17936039234784257	0
4	M	E	M	NA	NA	NA	NA	0.5828	0.059843669424662516	0
4	M	F	M	NA	NA	NA	NA	0.2518	-0.551454348369626	0
4	M	G	M	NA	NA	NA	NA	0.3774	-0.8289804305101642	0
4	M	H	M	NA	NA	NA	NA	0.545	0.4290289398893921	0
4	M	I	M	NA	NA	0.453	24.866666666666667	0.5365	0.36406424858954767	0
4	M	K	M	NA	NA	0.604	24.2	0.4311	0.26931674384526133	0
4	M	L	M	Uncertain significance	not provided	0.331	22.2	0.1517	0.7817774340785484	0
4	M	N	M	NA	NA	NA	NA	0.4712	0.49315697577517553	0
4	M	P	M	NA	NA	NA	NA	0.4555	-0.03960023034350624	0
4	M	Q	M	NA	NA	NA	NA	0.3437	0.2765500508493936	0
4	M	R	M	NA	NA	0.692	24.7	0.49370000000000003	0.46607321261866164	0
4	M	S	M	NA	NA	NA	NA	0.3508	-0.4561556714852021	0
4	M	T	M	Uncertain significance	not provided|Hereditary cancer-predisposing syndrome	0.59	23.8	0.3553	0.5225087945329279	0
4	M	V	M	NA	NA	0.553	23.3	0.168	0.4247004978976144	0
4	M	W	M	NA	NA	NA	NA	0.6705	0.211123830998189	0
4	M	Y	M	NA	NA	NA	NA	0.5349	0.04001673129431471	0
5	A	C	M	NA	NA	NA	NA	0.6685	0.6769727327585257	0
5	A	D	M	NA	NA	NA	NA	0.7431	0.20939658922465693	0
5	A	E	M	NA	NA	0.671	26.9	0.684	0.06985039426455883	0
5	A	F	M	NA	NA	NA	NA	0.6975	0.05293014187925127	0
5	A	G	M	NA	NA	0.629	28.5	0.211	-0.19905976263918873	0
5	A	H	M	NA	NA	NA	NA	0.7414	0.2562182563746839	0
5	A	I	M	NA	NA	NA	NA	0.863	-0.7843342018459312	0
5	A	K	M	NA	NA	NA	NA	0.8297	0.14484096780826056	0
5	A	L	M	NA	NA	NA	NA	0.6258	-0.22622454383536728	0
5	A	M	M	NA	NA	NA	NA	0.7639	-0.1408207141485882	0
5	A	N	M	NA	NA	NA	NA	0.4479	0.14659729078086492	0
5	A	P	M	Uncertain significance	not provided	0.617	24.2	0.4167	-0.27443173016870026	0
5	A	Q	M	NA	NA	NA	NA	0.5814	0.7047773943204354	0
5	A	R	M	NA	NA	NA	NA	0.7672	-2.1397307727926345	0
5	A	S	M	Uncertain significance	not provided	0.481	25.3	0.1758	0.8292275284720043	0
5	A	T	M	NA	NA	0.472	25.8	0.447	-0.18983948075571072	0
5	A	V	M	Uncertain significance	Hereditary cancer-predisposing syndrome|not provided	0.562	25.4	0.6793	0.472355637585843	0
5	A	W	M	NA	NA	NA	NA	0.9515	0.26728024834611	0
5	A	Y	M	NA	NA	NA	NA	0.7837	-0.05572591671531302	0
6	L	A	M	NA	NA	NA	NA	0.1725	-0.1519672903747354	0
6	L	C	M	NA	NA	NA	NA	0.4729	0.5502458905063446	0
6	L	D	M	NA	NA	NA	NA	0.7447	-0.048608735552897436	0
6	L	E	M	NA	NA	NA	NA	0.5318	-0.16131978150430215	0
6	L	F	M	NA	NA	NA	NA	0.1736	0.3998865301275667	0
6	L	G	M	NA	NA	NA	NA	0.3512	-0.6671923933979256	0
6	L	H	M	NA	NA	NA	NA	0.4472	-2.7178185386996923	0
6	L	I	M	NA	NA	NA	NA	0.1325	0.02922220555828143	0
6	L	K	M	NA	NA	NA	NA	0.4485	-0.24386581568696888	0
6	L	M	M	NA	NA	0.438	19.59	0.1331	0.2739880243121681	0
6	L	N	M	NA	NA	NA	NA	0.3721	-0.20058697595565037	0
6	L	P	M	NA	NA	0.724	25.1	0.3256	0.097016367463073	0
6	L	Q	M	NA	NA	0.745	27.1	0.2498	1.4297394558762644	0
6	L	R	M	NA	NA	0.798	26.7	0.4148	0.6049383132956019	0
6	L	S	M	NA	NA	NA	NA	0.2592	0.08099368430848039	0
6	L	T	M	NA	NA	NA	NA	0.2426	0.4507112262955183	0
6	L	V	M	Uncertain significance	Hereditary cancer-predisposing syndrome	0.385	18.63	0.1043	0.10857546556327932	0
6	L	W	M	NA	NA	NA	NA	0.4839	-0.33304676009500167	0
6	L	Y	M	NA	NA	NA	NA	0.4722	0.09130626499224984	0
7	S	A	M	NA	NA	NA	NA	0.1676	-1.0484790351273767	0
7	S	C	M	NA	NA	0.593	28.3	0.3273	0.3033376080518454	0
7	S	D	M	NA	NA	NA	NA	0.8552	-0.07499495346989878	0
7	S	E	M	NA	NA	NA	NA	0.8045	-0.3015614431438456	0
7	S	F	M	NA	NA	NA	NA	0.7878	0.9761152400164317	0
7	S	G	M	NA	NA	0.427	23.7	0.2074	0.9512603047333418	0
7	S	H	M	NA	NA	NA	NA	0.7638	1.067769840455846	0
7	S	I	M	Uncertain significance	Hereditary cancer-predisposing syndrome	0.432	25.9	0.7578	0.62729358302476	0
7	S	K	M	NA	NA	NA	NA	0.9427	-0.8679603638385874	0
7	S	L	M	NA	NA	NA	NA	0.5427	-0.036689896145475326	0
7	S	M	M	NA	NA	NA	NA	0.6496	-0.8800020764100274	0
7	S	N	M	Uncertain significance	not provided	0.385	25.3	0.4529	0.9171329609890916	0
7	S	P	M	NA	NA	NA	NA	0.337	-0.36580648378626246	0
7	S	Q	M	NA	NA	NA	NA	0.692	1.3901381722190735	0
7	S	R	M	NA	NA	0.4806666666666667	22.3	0.9404	0.5045173991700215	0
7	S	T	M	NA	NA	0.366	23.6	0.194	0.7450568429802656	0
7	S	V	M	NA	NA	NA	NA	0.6056	1.5769706625103352	0
7	S	W	M	NA	NA	NA	NA	0.8631	0.08973148280783597	0
7	S	Y	M	NA	NA	NA	NA	0.7548	-1.453414202373795	0
8	K	A	M	NA	NA	NA	NA	0.6769	-0.35542415384975085	0
8	K	C	M	NA	NA	NA	NA	0.9057	3.958023645204995e-4	0
8	K	D	M	NA	NA	NA	NA	0.8773	-0.8062838539481243	0
8	K	E	M	Uncertain significance	not provided	0.668	27.2	0.7552	1.0103115431190477	0
8	K	F	M	NA	NA	NA	NA	0.9608	0.10549086143188874	0
8	K	G	M	NA	NA	NA	NA	0.6572	0.31208212799885854	0
8	K	H	M	NA	NA	NA	NA	0.6677	-0.1748905706890522	0
8	K	I	M	NA	NA	NA	NA	0.8979	0.5152821234965117	0
8	K	L	M	NA	NA	NA	NA	0.8289	-0.6532753838864616	0
8	K	M	M	NA	NA	0.715	29.5	0.8785	-0.03616369845100942	0
8	K	N	M	NA	NA	0.4805	28.049999999999997	0.8642	0.5758449505558315	0
8	K	P	M	NA	NA	NA	NA	0.7625	-0.5109617807647547	0
8	K	Q	M	NA	NA	0.418	23.3	0.4169	0.2982795493930804	0
8	K	R	M	Uncertain significance	not provided|Hereditary cancer-predisposing syndrome	0.329	22.9	0.0803	0.3287518476881651	0
8	K	S	M	NA	NA	NA	NA	0.7702	0.6628853870993074	0
8	K	T	M	NA	NA	0.756	25.3	0.6344	0.25908911934580725	0
8	K	V	M	NA	NA	NA	NA	0.7818	-0.9237433874674162	0
8	K	W	M	NA	NA	NA	NA	0.9679	-0.6916513036405145	0
8	K	Y	M	NA	NA	NA	NA	0.9123	1.151519164121523	0
9	T	A	M	NA	NA	0.448	24.8	0.8156	0.6555916897799614	0
9	T	C	M	NA	NA	NA	NA	0.955	0.7357204342317195	0
9	T	D	M	NA	NA	NA	NA	0.9541	-0.23870417852334258	0
9	T	E	M	NA	NA	NA	NA	0.9407	-2.085496338614498	0
9	T	F	M	NA	NA	NA	NA	0.8437	-0.35072921993192896	0
9	T	G	M	NA	NA	NA	NA	0.7194	-2.484595188429874	0
9	T	H	M	NA	NA	NA	NA	0.8905	0.40911874566970263	0
9	T	I	M	NA	NA	0.593	24.3	0.978	0.8675913347656639	0
9	T	K	M	NA	NA	NA	NA	0.8878	1.9549137575327475	0
9	T	L	M	NA	NA	NA	NA	0.9252	-0.14099206651326035	0
9	T	M	M	NA	NA	NA	NA	0.9419	-2.543992179140135	0
9	T	N	M	NA	NA	0.598	25.3	0.803	-0.14143801298742611	0
9	T	P	M	NA	NA	0.794	28.8	0.8394	0.40635942085901144	0
9	T	Q	M	NA	NA	NA	NA	0.9171	-1.0842559759387922	0
9	T	R	M	NA	NA	NA	NA	0.8422	-1.2860794304739902	0
9	T	S	M	Uncertain significance	Rhabdoid tumor predisposition syndrome 1	0.496	24.15	0.8249	-0.6287973861115437	0
9	T	V	M	NA	NA	NA	NA	0.8856	0.032835896443421886	0
9	T	W	M	NA	NA	NA	NA	0.9668	2.287517559405634	0
9	T	Y	M	NA	NA	NA	NA	0.7455	0.28425811847909	0
10	F	A	M	NA	NA	NA	NA	0.9954	0.02971227389856196	0
10	F	C	M	NA	NA	0.773	28.5	0.9918	2.6140747828751403	0
10	F	D	M	NA	NA	NA	NA	0.9986	-1.069809519190295	0
10	F	E	M	NA	NA	NA	NA	0.9989	1.4261077455532696	0
10	F	G	M	NA	NA	NA	NA	0.995	-3.6813081642851633	0
10	F	H	M	NA	NA	NA	NA	0.9886	2.9212708279559125	0
10	F	I	M	NA	NA	0.489	25	0.9922	-0.07607795137432138	0
10	F	K	M	NA	NA	NA	NA	0.9986	-1.524573773432826	0
10	F	L	M	NA	NA	0.44766666666666666	24.5	0.9992	0.1812361341367217	0
10	F	M	M	NA	NA	NA	NA	0.9946	-6.422661179646578	0
10	F	N	M	NA	NA	NA	NA	0.9956	-1.6044115876897236	0
10	F	P	M	NA	NA	NA	NA	0.9997	-3.2155298044916476	0
10	F	Q	M	NA	NA	NA	NA	0.998	-4.572839212030882	0
10	F	R	M	NA	NA	NA	NA	0.9943	-2.0033020198189706	0
10	F	S	M	NA	NA	0.628	25.3	0.995	-1.1928672060578716	0
10	F	T	M	NA	NA	NA	NA	0.9966	-2.3938445544203373	0
10	F	V	M	NA	NA	0.544	25	0.9849	-0.3286722350426484	0
10	F	W	M	NA	NA	NA	NA	0.8466	-0.4676746414514135	0
10	F	Y	M	NA	NA	0.385	21.3	0.2818	0.3064983686953493	0
11	G	A	M	NA	NA	0.864	28.9	0.9894	0.6452095925966397	0
11	G	C	M	NA	NA	NA	NA	0.9972	-2.245133838944853	0
11	G	D	M	NA	NA	NA	NA	0.9988	-1.548287129997565	0
11	G	E	M	NA	NA	0.836	29.7	0.9992	-0.25251036989398573	0
11	G	F	M	NA	NA	NA	NA	0.9978	-0.24852557584434215	0
11	G	H	M	NA	NA	NA	NA	0.9996	-4.545314339407012	0
11	G	I	M	NA	NA	NA	NA	0.9987	0.15819714452734251	0
11	G	K	M	NA	NA	NA	NA	0.9996	-3.2866188599114214	0
11	G	L	M	NA	NA	NA	NA	0.9974	-3.3667048708192064	0
11	G	M	M	NA	NA	NA	NA	0.9997	-2.529621082063111	0
11	G	N	M	NA	NA	NA	NA	0.9993	-0.3231523139311715	0
11	G	P	M	NA	NA	NA	NA	0.9988	1.0322356726214128	0
11	G	Q	M	NA	NA	NA	NA	0.9991	-1.9235260743254894	0
11	G	R	M	Conflicting classifications of pathogenicity	Intellectual disability|not provided	0.7885	32	0.9985	1.0924898397846627	0
11	G	S	M	NA	NA	NA	NA	0.9915	-3.19240328505171	0
11	G	T	M	NA	NA	NA	NA	0.997	0.2562381609926969	0
11	G	V	M	NA	NA	0.827	29.3	0.9978	0.9698682693698375	0
11	G	W	M	NA	NA	0.804	33	0.9984	1.9947127361954664	0
11	G	Y	M	NA	NA	NA	NA	0.9986	0.6402320825089236	0
12	Q	A	M	NA	NA	NA	NA	0.1824	-2.4188681546137376	0
12	Q	C	M	NA	NA	NA	NA	0.7854	-1.955472013372145	0
12	Q	D	M	NA	NA	NA	NA	0.3705	0.66338034337563	0
12	Q	E	M	NA	NA	0.286	21	0.0928	0.40976529986905486	0
12	Q	F	M	NA	NA	NA	NA	0.8484	-1.559128098309587	0
12	Q	G	M	NA	NA	NA	NA	0.3164	-0.9332025584294313	0
12	Q	H	M	NA	NA	0.397	23.1	0.4054	-0.1066453684760913	0
12	Q	I	M	NA	NA	NA	NA	0.4803	-1.5008193093582824	0
12	Q	K	M	NA	NA	0.258	22.9	0.2099	0.46178159795109275	0
12	Q	L	M	NA	NA	0.544	23.6	0.2257	-0.2652145565369227	0
12	Q	M	M	NA	NA	NA	NA	0.4197	0.6813699976106673	0
12	Q	N	M	NA	NA	NA	NA	0.2419	-0.44825721278598046	0
12	Q	P	M	Uncertain significance	Hereditary cancer-predisposing syndrome	0.433	22.9	0.1257	1.092797201407523	0
12	Q	R	M	Uncertain significance	not provided|Hereditary cancer-predisposing syndrome	0.438	23	0.3061	0.1653821776238359	0
12	Q	S	M	NA	NA	NA	NA	0.2009	-1.1662340148245216	0
12	Q	T	M	NA	NA	NA	NA	0.2062	-0.3616123750378446	0
12	Q	V	M	NA	NA	NA	NA	0.2779	-0.02545587325756632	0
12	Q	W	M	NA	NA	NA	NA	0.8923	-2.3177971631027185	0
12	Q	Y	M	NA	NA	NA	NA	0.7797	0.5047329926752855	0
13	K	A	M	NA	NA	NA	NA	0.8942	-0.49663226697738005	0
13	K	C	M	NA	NA	NA	NA	0.9441	-0.8688962047393222	0
13	K	D	M	NA	NA	NA	NA	0.9753	-0.30762032559107083	0
13	K	E	M	NA	NA	0.623	25.8	0.8572	0.5309301206748589	0
13	K	F	M	NA	NA	NA	NA	0.9791	0.23224905550132746	0
13	K	G	M	NA	NA	NA	NA	0.9515	-0.8402726883288449	0
13	K	H	M	NA	NA	NA	NA	0.8326	1.0664186912668396	0
13	K	I	M	NA	NA	NA	NA	0.8794	-1.4079610959136164	0
13	K	L	M	NA	NA	NA	NA	0.8178	-2.0886201198674836	0
13	K	M	M	NA	NA	0.775	29.9	0.8041	-1.6814242196560771	0
13	K	N	M	NA	NA	0.519	24.450000000000003	0.9639	-0.3764929278759937	0
13	K	P	M	NA	NA	NA	NA	0.7507	-3.2209698430499003	0
13	K	Q	M	NA	NA	0.597	25.7	0.5491	-0.2831086242836295	0
13	K	R	M	NA	NA	0.407	23.4	0.1246	0.30640179232615683	0
13	K	S	M	NA	NA	NA	NA	0.9677	-1.920174625874535	0
13	K	T	M	NA	NA	0.653	25.2	0.8665	-0.5854905615749502	0
13	K	V	M	NA	NA	NA	NA	0.8123	-2.8113009541112035	0
13	K	W	M	NA	NA	NA	NA	0.982	0.2948710470047808	0
13	K	Y	M	NA	NA	NA	NA	0.9385	0.007798674145880591	0
14	P	A	M	NA	NA	0.72	27.3	0.9778	-1.6965475768797624	0
14	P	C	M	NA	NA	NA	NA	0.9989	0.025254633400488835	0
14	P	D	M	NA	NA	NA	NA	0.9994	-1.215778753633167	0
14	P	E	M	NA	NA	NA	NA	0.9991	-0.787291679964962	0
14	P	F	M	NA	NA	NA	NA	0.9998	-0.917987634878725	0
14	P	G	M	NA	NA	NA	NA	0.995	-0.39494487942754586	0
14	P	H	M	Pathogenic/Likely pathogenic	Hereditary cancer-predisposing syndrome|not provided	0.803	29.7	0.9996	0.7646144272790492	1
14	P	I	M	NA	NA	NA	NA	0.9987	-4.5533745769633	0
14	P	K	M	NA	NA	NA	NA	0.9995	0.6805122008099767	0
14	P	L	M	NA	NA	0.725	31	0.9977	-0.9497479695653825	0
14	P	M	M	NA	NA	NA	NA	0.9996	-3.1542995158346705	0
14	P	N	M	NA	NA	NA	NA	0.9996	0.7943596608900401	0
14	P	Q	M	NA	NA	NA	NA	0.9996	-0.6452418799838909	0
14	P	R	M	NA	NA	0.724	29.7	0.9984	-0.13739697845016974	0
14	P	S	M	NA	NA	0.711	28.2	0.9991	0.4153543736310509	0
14	P	T	M	NA	NA	0.722	27.7	0.9982	-0.5323434111458635	0
14	P	V	M	NA	NA	NA	NA	0.9946	-5.665368402632822	0
14	P	W	M	NA	NA	NA	NA	0.9999	-0.36709403904623983	0
14	P	Y	M	NA	NA	NA	NA	0.9997	-1.914379026330528	0
15	V	A	M	Uncertain significance	not provided	0.305	22.6	0.2073	-0.38053644163574607	0
15	V	C	M	NA	NA	NA	NA	0.6361	0.12240249438350621	0
15	V	D	M	NA	NA	NA	NA	0.4314	-1.1094083390499931	0
15	V	E	M	NA	NA	0.441	22.9	0.281	0.15390504030475255	0
15	V	F	M	NA	NA	NA	NA	0.2698	-2.329928332233073	0
15	V	G	M	NA	NA	0.493	23.6	0.285	-0.5351152640402979	0
15	V	H	M	NA	NA	NA	NA	0.6214	-2.3230229881759348	0
15	V	I	M	NA	NA	NA	NA	0.0745	-0.8369680181923194	0
15	V	K	M	NA	NA	NA	NA	0.4528	-0.6366225625419379	0
15	V	L	M	Uncertain significance	Hereditary cancer-predisposing syndrome	0.3395	23.6	0.1619	-0.23686866557810898	0
15	V	M	M	Uncertain significance	not provided	0.427	24.2	0.159	0.26854204158876094	0
15	V	N	M	NA	NA	NA	NA	0.2892	-1.2123750900965429	0
15	V	P	M	NA	NA	NA	NA	0.6878	-0.4062621774943811	0
15	V	Q	M	NA	NA	NA	NA	0.2926	-1.2381407089470522	0
15	V	R	M	NA	NA	NA	NA	0.4558	-1.2679271065380324	0
15	V	S	M	NA	NA	NA	NA	0.232	-3.71859528799776	0
15	V	T	M	NA	NA	NA	NA	0.1894	-1.221162344298666	0
15	V	W	M	NA	NA	NA	NA	0.8844	-2.4682275352533782	0
15	V	Y	M	NA	NA	NA	NA	0.6535	0.4138965722321728	0
16	K	A	M	NA	NA	NA	NA	0.3479	-3.162286224942868	0
16	K	C	M	NA	NA	NA	NA	0.6036	0.1313824737982528	0
16	K	D	M	NA	NA	NA	NA	0.8843	-1.2277986927197486	0
16	K	E	M	NA	NA	0.587	22.7	0.4953	0.3184368656336992	0
16	K	F	M	NA	NA	NA	NA	0.9311	-1.5861111347371453	0
16	K	G	M	NA	NA	NA	NA	0.6876	-0.7844714637187936	0
16	K	H	M	NA	NA	NA	NA	0.5618	-1.806750859800749	0
16	K	I	M	NA	NA	NA	NA	0.4834	-0.1985110776786343	0
16	K	L	M	NA	NA	NA	NA	0.6134	-1.5049665636340779	0
16	K	M	M	NA	NA	0.774	26.7	0.4368	-0.15062024189061454	0
16	K	N	M	NA	NA	0.33	21.9	0.7776	-0.9303033960612169	0
16	K	P	M	NA	NA	NA	NA	0.5535	-2.4981719847180237	0
16	K	Q	M	NA	NA	0.572	23.7	0.2091	-1.4104783360373419	0
16	K	R	M	NA	NA	0.477	22.9	0.1105	0.17017986441576483	0
16	K	S	M	NA	NA	NA	NA	0.4383	0.7312657602088373	0
16	K	T	M	NA	NA	0.526	22.1	0.2014	-1.4586481221929124	0
16	K	V	M	NA	NA	NA	NA	0.3584	-0.11704829952879592	0
16	K	W	M	NA	NA	NA	NA	0.943	-2.8271133165952893	0
16	K	Y	M	NA	NA	NA	NA	0.8516	-1.4362053160767254	0
17	F	A	M	NA	NA	NA	NA	0.9993	-1.6156747822442312	0
17	F	C	M	NA	NA	0.895	31	0.9948	-1.4927299868964181	0
17	F	D	M	NA	NA	NA	NA	0.9998	-0.4923800026210688	0
17	F	E	M	NA	NA	NA	NA	0.9993	-1.2216095986262872	0
17	F	G	M	NA	NA	NA	NA	0.9991	-1.4937416498083038	0
17	F	H	M	NA	NA	NA	NA	0.9974	-0.24559893716054737	0
17	F	I	M	NA	NA	0.849	28.4	0.9635	-1.0378426615974992	0
17	F	K	M	NA	NA	NA	NA	0.9995	-4.005904021319331	0
17	F	L	M	NA	NA	0.7683333333333333	26.733333333333334	0.9985	-0.39810159437992987	0
17	F	M	M	NA	NA	NA	NA	0.9918	0.5029458923634671	0
17	F	N	M	NA	NA	NA	NA	0.9994	-1.5393086024194764	0
17	F	P	M	NA	NA	NA	NA	1	-0.6006858947107554	0
17	F	Q	M	NA	NA	NA	NA	0.9989	-0.18018928952547064	0
17	F	R	M	NA	NA	NA	NA	0.9986	-0.6776335782164865	0
17	F	S	M	NA	NA	0.902	31	0.9996	0.17703107766764714	0
17	F	T	M	NA	NA	NA	NA	0.9991	-1.6926424144709116	0
17	F	V	M	NA	NA	0.849	29.3	0.9733	-0.7432582618777757	0
17	F	W	M	NA	NA	NA	NA	0.9628	-0.8751135146196874	0
17	F	Y	M	NA	NA	0.824	28.4	0.8724	-0.03789103199971855	0
18	Q	A	M	NA	NA	NA	NA	0.4574	-0.23827118099875907	0
18	Q	C	M	NA	NA	NA	NA	0.7832	-2.337194837332562	0
18	Q	D	M	NA	NA	NA	NA	0.9882	-0.9771304419879412	0
18	Q	E	M	NA	NA	0.611	24.3	0.4664	-0.5836944492309908	0
18	Q	F	M	NA	NA	NA	NA	0.9751	-2.7231185074628135	0
18	Q	G	M	NA	NA	NA	NA	0.8251	-0.25164075165856686	0
18	Q	H	M	Uncertain significance	not provided	0.437	22.55	0.8452	0.43222713368023546	0
18	Q	I	M	NA	NA	NA	NA	0.8754	-0.3733912894357524	0
18	Q	K	M	NA	NA	0.568	23.2	0.2994	1.2905121385969571	0
18	Q	L	M	NA	NA	0.698	24.2	0.6953	-0.0519276226451757	0
18	Q	M	M	NA	NA	NA	NA	0.7456	-1.2032056886128888	0
18	Q	N	M	NA	NA	NA	NA	0.9275	-0.07918078003238838	0
18	Q	P	M	NA	NA	0.725	26	0.8381	-0.7928342691778847	0
18	Q	R	M	NA	NA	0.471	22.1	0.2531	-0.051034075446477034	0
18	Q	S	M	NA	NA	NA	NA	0.6822	2.857386548164093	0
18	Q	T	M	NA	NA	NA	NA	0.7428	-1.4691359007798162	0
18	Q	V	M	NA	NA	NA	NA	0.7306	0.2759148719874567	0
18	Q	W	M	NA	NA	NA	NA	0.9853	-3.32955840959796	0
18	Q	Y	M	NA	NA	NA	NA	0.9689	-1.9523704397095336	0
19	L	A	M	NA	NA	NA	NA	0.9511	-2.803254949006666	0
19	L	C	M	NA	NA	NA	NA	0.9698	-2.3479607915919223	0
19	L	D	M	NA	NA	NA	NA	0.9979	1.1743497768110864	0
19	L	E	M	NA	NA	NA	NA	0.9857	1.9092203151240288	0
19	L	F	M	NA	NA	NA	NA	0.614	-2.847890963853904	0
19	L	G	M	NA	NA	NA	NA	0.9872	0.4470704012083343	0
19	L	H	M	NA	NA	NA	NA	0.9876	-0.020687234696556422	0
19	L	I	M	NA	NA	NA	NA	0.2194	-1.576332453001106	0
19	L	K	M	NA	NA	NA	NA	0.9799	-1.2411217562444985	0
19	L	M	M	NA	NA	0.598	24.4	0.3836	0.6120414407847384	0
19	L	N	M	NA	NA	NA	NA	0.9923	-0.5258029239917957	0
19	L	P	M	NA	NA	0.875	27.5	0.9892	0.39782053129125483	0
19	L	Q	M	Uncertain significance	Hereditary cancer-predisposing syndrome	0.833	27.5	0.9778	1.624800411499903	0
19	L	R	M	NA	NA	0.841	28.1	0.9762	-0.01285043347667969	0
19	L	S	M	NA	NA	NA	NA	0.9943	-1.8328484510587826	0
19	L	T	M	NA	NA	NA	NA	0.9482	2.404305163549845	0
19	L	V	M	NA	NA	0.366	22.6	0.3314	0.17459201161596405	0
19	L	W	M	NA	NA	NA	NA	0.9302	-1.315892381319696	0
19	L	Y	M	NA	NA	NA	NA	0.9562	-1.58554357211325	0
20	E	A	M	Uncertain significance	not provided	0.555	25.4	0.3547	0.7947023701761133	0
20	E	C	M	NA	NA	NA	NA	0.831	-0.7429068172521971	0
20	E	D	M	NA	NA	0.279	19.025	0.1448	0.3028245670490409	0
20	E	F	M	NA	NA	NA	NA	0.918	-1.9700301523490826	0
20	E	G	M	NA	NA	0.529	27.8	0.3073	-0.8564504866018792	0
20	E	H	M	NA	NA	NA	NA	0.7268	-0.7103939148946747	0
20	E	I	M	NA	NA	NA	NA	0.7254	-0.5188699709453886	0
20	E	K	M	NA	NA	0.621	27.3	0.6254	0.3361487020141653	0
20	E	L	M	NA	NA	NA	NA	0.6756	-0.39207989727202613	0
20	E	M	M	NA	NA	NA	NA	0.7883	-1.4880109055523896	0
20	E	N	M	NA	NA	NA	NA	0.4452	-1.2568461480744304	0
20	E	P	M	NA	NA	NA	NA	0.9482	-1.3659781994774536	0
20	E	Q	M	NA	NA	0.591	25.1	0.2972	-0.6251069707747612	0
20	E	R	M	NA	NA	NA	NA	0.6715	-1.5180615152004096	0
20	E	S	M	NA	NA	NA	NA	0.3471	-1.1726349476930684	0
20	E	T	M	NA	NA	NA	NA	0.3836	-1.4114057070425061	0
20	E	V	M	NA	NA	0.608	28.3	0.4565	-1.1736549918292134	0
20	E	W	M	NA	NA	NA	NA	0.9749	0.07133402085423457	0
20	E	Y	M	NA	NA	NA	NA	0.8817	-2.8817252034312566	0
21	D	A	M	NA	NA	0.375	24.1	0.1488	-1.0817171779822976	0
21	D	C	M	NA	NA	NA	NA	0.5572	-1.4949236819847185	0
21	D	E	M	NA	NA	0.3135	12.32	0.0616	-0.12856851440701145	0
21	D	F	M	NA	NA	NA	NA	0.7504	-1.6970500009513994	0
21	D	G	M	Uncertain significance	not provided	0.418	24.7	0.1397	0.020965692141498626	0
21	D	H	M	NA	NA	0.467	29.8	0.3706	-1.9451627258330118	0
21	D	I	M	NA	NA	NA	NA	0.4359	-1.2760628725150711	0
21	D	K	M	NA	NA	NA	NA	0.269	-1.0155451133860538	0
21	D	L	M	NA	NA	NA	NA	0.4157	-2.7304412747567586	0
21	D	M	M	NA	NA	NA	NA	0.54990000000000006	-1.9644758114472753	0
21	D	N	M	Uncertain significance	Hereditary cancer-predisposing syndrome|not provided	0.426	26.2	0.1173	-1.425032119974829	0
21	D	P	M	NA	NA	NA	NA	0.2715	-1.512973337097193	0
21	D	Q	M	NA	NA	NA	NA	0.2092	-2.7182523868794033	0
21	D	R	M	NA	NA	NA	NA	0.3973	-1.6296500874252322	0
21	D	S	M	NA	NA	NA	NA	0.1263	-2.6356697128538054	0
21	D	T	M	NA	NA	NA	NA	0.1991	-2.2028136952338007	0
21	D	V	M	NA	NA	0.55	28.5	0.262	-1.4659374821526114	0
21	D	W	M	NA	NA	NA	NA	0.8995	-0.18121316025873632	0
21	D	Y	M	NA	NA	0.598	33	0.4753	0.13960129201922145	0
22	D	A	M	NA	NA	0.288	23.9	0.2081	-2.3338049066918876	0
22	D	C	M	NA	NA	NA	NA	0.5561	-0.1812846514002835	0
22	D	E	M	NA	NA	0.274	21.49	0.1342	-1.3347273595431173	0
22	D	F	M	NA	NA	NA	NA	0.7306	-2.6970753308637847	0
22	D	G	M	NA	NA	0.363	21.8	0.0929	-0.569872895284144	0
22	D	H	M	NA	NA	0.49	25.5	0.3688	-1.3808561531120775	0
22	D	I	M	NA	NA	NA	NA	0.6483	-4.043044952688482	0
22	D	K	M	NA	NA	NA	NA	0.5017	-2.2432782165724046	0
22	D	L	M	NA	NA	NA	NA	0.5773	-3.096585942615865	0
22	D	M	M	NA	NA	NA	NA	0.6917	-2.188753918411708	0
22	D	N	M	Uncertain significance	not provided|Hereditary cancer-predisposing syndrome	0.392	22.8	0.0925	-0.8597253239124412	0
22	D	P	M	NA	NA	NA	NA	0.7991	-1.4170111979589581	0
22	D	Q	M	NA	NA	NA	NA	0.3355	-0.26720717423782014	0
22	D	R	M	NA	NA	NA	NA	0.5317	-0.4155371974952643	0
22	D	S	M	NA	NA	NA	NA	0.1117	-2.9936099835368495	0
22	D	T	M	NA	NA	NA	NA	0.2161	-1.8594626026412961	0
22	D	V	M	NA	NA	0.555	23.7	0.4303	-0.1260358114930715	0
22	D	W	M	NA	NA	NA	NA	0.93	-1.127782251962558	0
22	D	Y	M	NA	NA	0.618	25.5	0.4494	0.6034050442169396	0
23	G	A	M	NA	NA	0.842	28.3	0.7308	-0.19659447138973443	0
23	G	C	M	NA	NA	0.895	32	0.8891	1.1429557981965681	0
23	G	D	M	Uncertain significance	Hereditary cancer-predisposing syndrome|not provided	0.818	28.4	0.8887	-0.4505454065622755	0
23	G	E	M	NA	NA	NA	NA	0.9142	-1.631661705021941	0
23	G	F	M	NA	NA	NA	NA	0.9928	-0.8025167430453299	0
23	G	H	M	NA	NA	NA	NA	0.9784	-1.5518411304175899	0
23	G	I	M	NA	NA	NA	NA	0.9868	-0.09628067060572544	0
23	G	K	M	NA	NA	NA	NA	0.9688	-2.3442889183388673	0
23	G	L	M	NA	NA	NA	NA	0.9798	-2.1269456455586715	0
23	G	M	M	NA	NA	NA	NA	0.9869	-2.8036920013489235	0
23	G	N	M	NA	NA	NA	NA	0.9137	-3.610708822667615	0
23	G	P	M	NA	NA	NA	NA	0.9959	-1.8888181368348742	0
23	G	Q	M	NA	NA	NA	NA	0.9375	-1.3815563452571549	0
23	G	R	M	NA	NA	0.864	32	0.9467	-0.5629340808809213	0
23	G	S	M	Uncertain significance	Hereditary cancer-predisposing syndrome|SMARCB1-related disorder|not provided	0.792	31	0.5734	0.15273853495166065	0
23	G	T	M	NA	NA	NA	NA	0.8521	-1.5396593732679535	0
23	G	V	M	NA	NA	0.882	28.7	0.9638	-0.6503843036188863	0
23	G	W	M	NA	NA	NA	NA	0.986	-2.5517517624446953	0
23	G	Y	M	NA	NA	NA	NA	0.9849	0.1061319251708631	0
24	E	A	M	Uncertain significance	Hereditary cancer-predisposing syndrome|not provided	0.64	24.3	0.6556	0.22889290642429605	0
24	E	C	M	NA	NA	NA	NA	0.9498	-0.8889183032271608	0
24	E	D	M	NA	NA	0.3045	14.585	0.0777	0.07709554656561857	0
24	E	F	M	NA	NA	NA	NA	0.9739	-4.9582563156480335	0
24	E	G	M	NA	NA	0.66	25.4	0.7778	-0.03751109753755433	0
24	E	H	M	NA	NA	NA	NA	0.9134	-1.5161372080964435	0
24	E	I	M	NA	NA	NA	NA	0.8416	-1.9382147033802157	0
24	E	K	M	Uncertain significance	Hereditary cancer-predisposing syndrome|not provided	0.688	27	0.8856	-0.0958830263420011	0
24	E	L	M	NA	NA	NA	NA	0.8992	-2.2499642874377237	0
24	E	M	M	NA	NA	NA	NA	0.9436	-1.8156952982353054	0
24	E	N	M	NA	NA	NA	NA	0.5457	-2.5166008604296186	0
24	E	P	M	NA	NA	NA	NA	0.8278	-0.2538975200346689	0
24	E	Q	M	NA	NA	0.504	27.2	0.6474	-1.1752940792027473	0
24	E	R	M	NA	NA	NA	NA	0.8949	-1.7924484468459945	0
24	E	S	M	NA	NA	NA	NA	0.6019	-1.5451345229403766	0
24	E	T	M	NA	NA	NA	NA	0.7193	-1.7362424121082713	0
24	E	V	M	NA	NA	0.641	26.5	0.7025	-2.6440208041718796	0
24	E	W	M	NA	NA	NA	NA	0.9937	-5.248637907919238	0
24	E	Y	M	NA	NA	NA	NA	0.9419	-2.173825863094385	0
25	F	A	M	NA	NA	NA	NA	0.6618	-1.3734471215897206	0
25	F	C	M	NA	NA	0.643	24.7	0.3214	-1.5433230350135663	0
25	F	D	M	NA	NA	NA	NA	0.7109	0.08911334848599883	0
25	F	E	M	NA	NA	NA	NA	0.6897	-2.2351501811695673	0
25	F	G	M	NA	NA	NA	NA	0.8171	0.09175969143948087	0
25	F	H	M	NA	NA	NA	NA	0.4258	-3.396422284602979	0
25	F	I	M	NA	NA	0.419	23.1	0.5088	-0.45997393528955055	0
25	F	K	M	NA	NA	NA	NA	0.8454	-4.78698420968106	0
25	F	L	M	NA	NA	0.3423333333333333	23.066666666666663	0.8686	-0.2659496019079764	0
25	F	M	M	NA	NA	NA	NA	0.6295	-1.2677587170906943	0
25	F	N	M	NA	NA	NA	NA	0.5251	-0.24154605077548053	0
25	F	P	M	NA	NA	NA	NA	0.915	-1.3852936257821131	0
25	F	Q	M	NA	NA	NA	NA	0.7293	-3.153556535121824	0
25	F	R	M	NA	NA	NA	NA	0.7741	-1.5390504815357393	0
25	F	S	M	Uncertain significance	not provided|Hereditary cancer-predisposing syndrome	0.426	23	0.5311	-0.22474432951979195	0
25	F	T	M	NA	NA	NA	NA	0.6292	-2.5285708431045206	0
25	F	V	M	Uncertain significance	Hereditary cancer-predisposing syndrome	0.475	23.6	0.4243	-0.6056920028365496	0
25	F	W	M	NA	NA	NA	NA	0.2787	-2.3032012206458745	0
25	F	Y	M	NA	NA	0.278	22.4	0.0674	1.1349831606796248	0
26	Y	A	M	NA	NA	NA	NA	0.9907	-2.1066590441991506	0
26	Y	C	M	NA	NA	0.828	29.4	0.8099	0.28603403157751855	0
26	Y	D	M	NA	NA	0.857	29.1	0.9953	-0.5015804244991	0
26	Y	E	M	NA	NA	NA	NA	0.9982	-2.5763794299092684	0
26	Y	F	M	NA	NA	0.315	23	0.069	-1.592427564277613	0
26	Y	G	M	NA	NA	NA	NA	0.9811	0.9596440219224074	0
26	Y	H	M	NA	NA	0.557	25.5	0.8989	0.33149481516281654	0
26	Y	I	M	NA	NA	NA	NA	0.9823	-0.07921499988121616	0
26	Y	K	M	NA	NA	NA	NA	0.9982	-0.2080380134285376	0
26	Y	L	M	NA	NA	NA	NA	0.9386	-5.325952811133041	0
26	Y	M	M	NA	NA	NA	NA	0.9822	-2.3847648692317254	0
26	Y	N	M	NA	NA	0.802	28.4	0.9786	-2.1657058363619175	0
26	Y	P	M	NA	NA	NA	NA	0.9985	-0.05730842587444407	0
26	Y	Q	M	NA	NA	NA	NA	0.9946	0.6577495142584311	0
26	Y	R	M	NA	NA	NA	NA	0.9911	-2.5084651998374956	0
26	Y	S	M	NA	NA	0.76	28.6	0.9743	-0.9380063550499199	0
26	Y	T	M	NA	NA	NA	NA	0.9938	-4.638770633025738	0
26	Y	V	M	NA	NA	NA	NA	0.9594	-1.1055639218783713	0
26	Y	W	M	NA	NA	NA	NA	0.5123	-2.073777759776623	0
27	M	A	M	NA	NA	NA	NA	0.9497	-2.2636129753036043	0
27	M	C	M	NA	NA	NA	NA	0.5531	-3.224319581338679	0
27	M	D	M	NA	NA	NA	NA	0.9996	0.3343237566060214	0
27	M	E	M	NA	NA	NA	NA	0.9958	-6.5900709146578595	0
27	M	F	M	NA	NA	NA	NA	0.5371	-3.3468347993001517	0
27	M	G	M	NA	NA	NA	NA	0.9837	1.0586180482134526	0
27	M	H	M	NA	NA	NA	NA	0.9854	-0.8881561324459345	0
27	M	I	M	NA	NA	0.453	25.9	0.9871	0.013560689419860661	0
27	M	K	M	NA	NA	0.74	25.4	0.9899	-0.09234928268970238	0
27	M	L	M	Uncertain significance	not provided|Intellectual disability, autosomal dominant 15|Rhabdoid tumor predisposition syndrome 1|Hereditary cancer-predisposing syndrome	0.441	23.05	0.6434	0.03556409090748347	0
27	M	N	M	NA	NA	NA	NA	0.9932	-1.6481497774563092	0
27	M	P	M	NA	NA	NA	NA	0.9998	-2.398635202255727	0
27	M	Q	M	NA	NA	NA	NA	0.9276	-1.861597780348172	0
27	M	R	M	Conflicting classifications of pathogenicity	not provided	0.743	27.9	0.9805	2.40636093647499	0
27	M	S	M	NA	NA	NA	NA	0.969	-0.5420074122890697	0
27	M	T	M	NA	NA	0.651	24.6	0.9818	0.3675956141325843	0
27	M	V	M	Uncertain significance	Rhabdoid tumor predisposition syndrome 1|Hereditary cancer-predisposing syndrome|not provided	0.518	24.2	0.7126	0.79898983327447	0
27	M	W	M	NA	NA	NA	NA	0.9754	-0.3360850978332215	0
27	M	Y	M	NA	NA	NA	NA	0.7265	-1.2426897208681202	0
28	I	A	M	NA	NA	NA	NA	0.9669	0.1840829344015531	0
28	I	C	M	NA	NA	NA	NA	0.9964	-2.587446644076972	0
28	I	D	M	NA	NA	NA	NA	0.9996	-3.7502335620768874	0
28	I	E	M	NA	NA	NA	NA	0.9979	-1.0863256484435433	0
28	I	F	M	Uncertain significance	Hereditary cancer-predisposing syndrome	0.754	28.7	0.9839	-0.5843567567789253	0
28	I	G	M	NA	NA	NA	NA	0.998	-0.6855126158316696	0
28	I	H	M	NA	NA	NA	NA	0.9997	-1.4930767428537524	0
28	I	K	M	Uncertain significance	not provided	NA	NA	0.9986	-2.5825358221881123	0
28	I	L	M	NA	NA	0.409	23.4	0.8303	-0.4227695211216248	0
28	I	M	M	Uncertain significance	Intellectual disability, autosomal dominant 15	0.738	25	0.9404	0.1245445811592662	0
28	I	N	M	NA	NA	0.843	29.4	0.9982	-0.8237205393260746	0
28	I	P	M	NA	NA	NA	NA	0.9887	-0.894800056510318	0
28	I	Q	M	NA	NA	NA	NA	0.999	-2.453951857871642	0
28	I	R	M	NA	NA	NA	NA	0.9966	0.19537410060186533	0
28	I	S	M	NA	NA	0.835	29.4	0.994	-0.005078085760108819	0
28	I	T	M	NA	NA	0.774	25.2	0.9531	-0.13868840909436564	0
28	I	V	M	Uncertain significance	not provided|SMARCB1-related disorder	0.26	25.5	0.1564	-0.5015379228113064	0
28	I	W	M	NA	NA	NA	NA	0.9993	-1.2830625909290843	0
28	I	Y	M	NA	NA	NA	NA	0.9985	-0.7767218778960445	0
29	G	A	M	NA	NA	0.646	26.5	0.9945	-0.5606859407243657	0
29	G	C	M	NA	NA	0.862	32	0.9997	0.01844514571453243	0
29	G	D	M	NA	NA	0.83	32	0.9999	-0.5322710419166272	0
29	G	E	M	NA	NA	NA	NA	0.9999	-1.7656291319273518	0
29	G	F	M	NA	NA	NA	NA	0.9998	0.18326546017408185	0
29	G	H	M	NA	NA	NA	NA	1	-1.0627123461720605	0
29	G	I	M	NA	NA	NA	NA	0.9998	-0.28927617592988875	0
29	G	K	M	NA	NA	NA	NA	1	-1.997164282777787	0
29	G	L	M	NA	NA	NA	NA	0.9998	-0.6117869209495819	0
29	G	M	M	NA	NA	NA	NA	1	-0.7261015349691172	0
29	G	N	M	NA	NA	NA	NA	1	0.3312471095206453	0
29	G	P	M	NA	NA	NA	NA	0.9998	-1.1964558660487146	0
29	G	Q	M	NA	NA	NA	NA	1	-0.144729862517583	0
29	G	R	M	Uncertain significance	not provided	0.835	29.9	0.9999	0.144883923550493	0
29	G	S	M	Uncertain significance	not provided	0.683	26	0.999	0.7974747424460021	0
29	G	T	M	NA	NA	NA	NA	0.9994	0.3760140205682903	0
29	G	V	M	NA	NA	0.851	32	0.9997	-0.35386205881853816	0
29	G	W	M	NA	NA	NA	NA	0.9999	-3.208287047444835	0
29	G	Y	M	NA	NA	NA	NA	0.9999	-0.5276202628814269	0
30	S	A	M	NA	NA	0.423	23.5	0.8759	-2.1284361572844634	0
30	S	C	M	NA	NA	0.565	28.5	0.9945	-1.9795159584367568	0
30	S	D	M	NA	NA	NA	NA	0.996	-1.1384625958157142	0
30	S	E	M	NA	NA	NA	NA	0.991	0.07822823088300629	0
30	S	F	M	NA	NA	0.763	29.8	0.9993	0.17940235883401617	0
30	S	G	M	NA	NA	NA	NA	0.9625	-0.722894228612661	0
30	S	H	M	NA	NA	NA	NA	0.9978	-3.1318427657444747	0
30	S	I	M	NA	NA	NA	NA	0.9979	-0.48163543567634726	0
30	S	K	M	NA	NA	NA	NA	0.9995	-2.6897380186230526	0
30	S	L	M	NA	NA	NA	NA	0.9986	-1.6296679665613027	0
30	S	M	M	NA	NA	NA	NA	0.9968	-0.6079149770015909	0
30	S	N	M	NA	NA	NA	NA	0.996	-1.6427450647263773	0
30	S	P	M	NA	NA	0.794	32	0.9989	-0.0427039187601191	0
30	S	Q	M	NA	NA	NA	NA	0.9943	-2.0744504348571637	0
30	S	R	M	NA	NA	NA	NA	0.9993	-0.630476775095369	0
30	S	T	M	NA	NA	0.534	27.1	0.9488	-1.0882763832191804	0
30	S	V	M	NA	NA	NA	NA	0.9963	0.13833501453623934	0
30	S	W	M	NA	NA	NA	NA	0.9954	-0.6547939279199502	0
30	S	Y	M	NA	NA	0.759	27.8	0.9981	0.7571865243824917	0
31	E	A	M	NA	NA	0.846	34	0.9739	-0.34201176653939125	0
31	E	C	M	NA	NA	NA	NA	0.997	-1.238129862877635	0
31	E	D	M	NA	NA	0.75	38.5	0.9664	-0.08555132223178212	0
31	E	F	M	NA	NA	NA	NA	0.9994	0.22186765657984808	0
31	E	G	M	Uncertain significance	not provided	0.874	35	0.986	-0.17431399842005435	0
31	E	H	M	NA	NA	NA	NA	0.9975	-1.3387840863379254	0
31	E	I	M	NA	NA	NA	NA	0.997	-0.3920164595077379	0
31	E	K	M	NA	NA	0.838	34	0.9946	0.16437440972671327	0
31	E	L	M	NA	NA	NA	NA	0.9979	-0.29949628508540793	0
31	E	M	M	NA	NA	NA	NA	0.9978	-0.9987448408121979	0
31	E	N	M	NA	NA	NA	NA	0.9941	-1.4471635211495548	0
31	E	P	M	NA	NA	NA	NA	0.9996	-0.9250625780810933	0
31	E	Q	M	NA	NA	0.761	35	0.9532	-1.4082958762085236	0
31	E	R	M	NA	NA	NA	NA	0.989	0.034760320313927215	0
31	E	S	M	NA	NA	NA	NA	0.9815	-1.2637419565624275	0
31	E	T	M	NA	NA	NA	NA	0.9909	-1.3510608368377728	0
31	E	V	M	Conflicting classifications of pathogenicity	not provided	0.898	35	0.9889	-0.8970707759485763	0
31	E	W	M	NA	NA	NA	NA	0.9996	-1.1074569455092589	0
31	E	Y	M	NA	NA	NA	NA	0.9986	-1.2861167424078839	0
32	V	A	M	NA	NA	0.789	32	0.9734	-0.06466629924760778	0
32	V	C	M	NA	NA	NA	NA	0.9955	0.020500924468520365	0
32	V	D	M	NA	NA	NA	NA	0.9993	0.18839343147347712	0
32	V	E	M	NA	NA	0.89	33	0.9986	1.0521333313069303	0
32	V	F	M	NA	NA	NA	NA	0.9964	0.903928547059871	0
32	V	G	M	NA	NA	0.912	33	0.9619	0.7277026567235972	0
32	V	H	M	NA	NA	NA	NA	0.9998	0.5129439219864618	0
32	V	I	M	NA	NA	NA	NA	0.7593	0.5972663125314609	0
32	V	K	M	NA	NA	NA	NA	0.9995	0.11056109733034547	0
32	V	L	M	NA	NA	0.652	32.5	0.9971	-0.3624904998903733	0
32	V	M	M	NA	NA	0.62	34	0.9983	-0.024264847184649996	0
32	V	N	M	NA	NA	NA	NA	0.9988	0.7998521448742968	0
32	V	P	M	NA	NA	NA	NA	0.9992	1.2572117076403373	0
32	V	Q	M	NA	NA	NA	NA	0.9993	1.4917228174446402	0
32	V	R	M	NA	NA	NA	NA	0.9976	0.04564941055354717	0
32	V	S	M	NA	NA	NA	NA	0.9901	-0.6527898898215859	0
32	V	T	M	NA	NA	NA	NA	0.9542	-0.5445790346725843	0
32	V	W	M	NA	NA	NA	NA	0.9998	0.28705815289051423	0
32	V	Y	M	NA	NA	NA	NA	0.9988	-1.8724956893880575	0
33	G	A	M	NA	NA	0.828	29.6	0.9984	-0.4011732233402765	0
33	G	C	M	NA	NA	NA	NA	0.9999	0.8168688930518291	0
33	G	D	M	NA	NA	NA	NA	1	0.9592606054240573	0
33	G	E	M	NA	NA	0.927	32	1	-0.07498586809329372	0
33	G	F	M	NA	NA	NA	NA	1	-0.7669097321605218	0
33	G	H	M	NA	NA	NA	NA	1	-1.1141295418695858	0
33	G	I	M	NA	NA	NA	NA	1	-0.27378212157790993	0
33	G	K	M	NA	NA	NA	NA	1	-1.907428468339941	0
33	G	L	M	NA	NA	NA	NA	1	-0.11522006333934465	0
33	G	M	M	NA	NA	NA	NA	1	-2.5677282095626026	0
33	G	N	M	NA	NA	NA	NA	1	-0.09240488447574498	0
33	G	P	M	NA	NA	NA	NA	1	-0.7764175875465124	0
33	G	Q	M	NA	NA	NA	NA	1	0.1578021433236709	0
33	G	R	M	NA	NA	0.934	32.5	0.9999	-0.4708025799237814	0
33	G	S	M	NA	NA	NA	NA	0.9996	0.3112964497790084	0
33	G	T	M	NA	NA	NA	NA	0.9998	-1.419783027173565	0
33	G	V	M	NA	NA	0.936	31	0.9999	-0.008755617180913666	0
33	G	W	M	NA	NA	NA	NA	1	-0.4962071271266153	0
33	G	Y	M	NA	NA	NA	NA	1	-1.4502793978099908	0
34	N	A	M	NA	NA	NA	NA	0.8911	-1.1389713760468383	0
34	N	C	M	NA	NA	NA	NA	0.8456	0.7547702946289613	0
34	N	D	M	NA	NA	0.702	28	0.9806	0.09749890418749982	0
34	N	E	M	NA	NA	NA	NA	0.992	0.5334073229094889	0
34	N	F	M	NA	NA	NA	NA	0.9674	-0.10445374041399924	0
34	N	G	M	NA	NA	NA	NA	0.8671	1.7276553314143537	0
34	N	H	M	NA	NA	0.682	27.5	0.8188	-1.002933586168473	0
34	N	I	M	NA	NA	0.854	29.2	0.9644	-0.30801140712991826	0
34	N	K	M	NA	NA	0.565	27.45	0.9953	-0.08220442143688861	0
34	N	L	M	NA	NA	NA	NA	0.9112	0.035532236179084686	0
34	N	M	M	NA	NA	NA	NA	0.9498	0.581586578640815	0
34	N	P	M	NA	NA	NA	NA	0.9936	-0.825515956322846	0
34	N	Q	M	NA	NA	NA	NA	0.9666	-2.741014928718985	0
34	N	R	M	NA	NA	NA	NA	0.9841	0.5533611037424424	0
34	N	S	M	Uncertain significance	not provided|Hereditary cancer-predisposing syndrome	0.528	23	0.4469	0.012618961326112954	0
34	N	T	M	NA	NA	0.706	27.3	0.873	-0.18604912766072912	0
34	N	V	M	NA	NA	NA	NA	0.9316	2.135821411908267	0
34	N	W	M	NA	NA	NA	NA	0.9884	-0.17149938321085437	0
34	N	Y	M	NA	NA	0.806	29	0.7734	0.32763126604281523	0
35	Y	A	M	NA	NA	NA	NA	0.9983	-0.5999688747439893	0
35	Y	C	M	NA	NA	0.918	31	0.9847	0.4466496344549863	0
35	Y	D	M	NA	NA	0.939	31	0.9994	0.2455353370162327	0
35	Y	E	M	NA	NA	NA	NA	0.9997	-2.30003583252814	0
35	Y	F	M	NA	NA	0.775	25.4	0.3068	-0.7268589936278156	0
35	Y	G	M	NA	NA	NA	NA	0.9962	-0.35356611606720806	0
35	Y	H	M	NA	NA	0.833	29.5	0.9818	-0.38372423319376064	0
35	Y	I	M	NA	NA	NA	NA	0.9975	1.1627855852360967	0
35	Y	K	M	NA	NA	NA	NA	0.9995	-0.9445159572334579	0
35	Y	L	M	NA	NA	NA	NA	0.9926	-0.9230720632699687	0
35	Y	M	M	NA	NA	NA	NA	0.998	-0.686900119563546	0
35	Y	N	M	NA	NA	0.913	29.9	0.9961	0.10243184161047184	0
35	Y	P	M	NA	NA	NA	NA	0.9999	-0.22985979776539642	0
35	Y	Q	M	NA	NA	NA	NA	0.9992	-0.07211275676678804	0
35	Y	R	M	NA	NA	NA	NA	0.9972	-0.39834615259896333	0
35	Y	S	M	NA	NA	0.922	30	0.995	0.4065769122022298	0
35	Y	T	M	NA	NA	NA	NA	0.9985	0.1963943723744208	0
35	Y	V	M	NA	NA	NA	NA	0.9924	-1.209143002923423	0
35	Y	W	M	NA	NA	NA	NA	0.9201	-0.4197073861748353	0
36	L	A	M	NA	NA	NA	NA	0.9877	-1.5216615588551958	0
36	L	C	M	NA	NA	NA	NA	0.966	-0.7392697045006329	0
36	L	D	M	NA	NA	NA	NA	0.9998	0.16665819454094044	0
36	L	E	M	NA	NA	NA	NA	0.9969	0.48222695403759175	0
36	L	F	M	Uncertain significance	not provided	0.614	29.1	0.9678	-0.6305712937820076	0
36	L	G	M	NA	NA	NA	NA	0.9956	-0.8771540390919246	0
36	L	H	M	NA	NA	0.855	32	0.9958	0.31404372380296364	0
36	L	I	M	NA	NA	0.573	27.5	0.8834	-0.2219923195052363	0
36	L	K	M	NA	NA	NA	NA	0.9925	-0.9180465749550506	0
36	L	M	M	NA	NA	NA	NA	0.6041	-0.11817051220122554	0
36	L	N	M	NA	NA	NA	NA	0.9977	-0.8141853947268205	0
36	L	P	M	NA	NA	0.877	33	0.9996	0.06330570404292146	0
36	L	Q	M	NA	NA	NA	NA	0.9841	-0.7063484192934123	0
36	L	R	M	NA	NA	0.896	32	0.9872	-0.7745277398783321	0
36	L	S	M	NA	NA	NA	NA	0.9977	-0.4072777008354467	0
36	L	T	M	NA	NA	NA	NA	0.9927	-0.03298767512410654	0
36	L	V	M	NA	NA	0.602	27.1	0.8921	-0.05965272053108875	0
36	L	W	M	NA	NA	NA	NA	0.994	0.676602406578747	0
36	L	Y	M	NA	NA	NA	NA	0.9931	-0.6763503531051271	0
37	R	A	M	NA	NA	NA	NA	0.9983	0.8261052954999285	0
37	R	C	M	Pathogenic	not provided	0.859	34	0.98740000000000006	0.2978902777837344	0
37	R	D	M	NA	NA	NA	NA	0.9991	0.6370037647439464	0
37	R	E	M	NA	NA	NA	NA	0.9973	-2.4450382048391894	0
37	R	F	M	NA	NA	NA	NA	0.999	-0.768223597886155	0
37	R	G	M	NA	NA	0.785	32	0.9773	-0.6740085224142307	0
37	R	H	M	Conflicting classifications of pathogenicity	not provided|SMARCB1-related BAFopathy|Intellectual disability, autosomal dominant 15|Coffin-Siris syndrome	0.802	29.9	0.9736	0.38606129184401594	0
37	R	I	M	NA	NA	NA	NA	0.9996	1.2913376773059446	0
37	R	K	M	NA	NA	NA	NA	0.9179	0.3576123631403446	0
37	R	L	M	Uncertain significance	Developmental disorder	0.912	33	0.9957	-0.17840283481161823	0
37	R	M	M	NA	NA	NA	NA	0.9995	-1.237067039676969	0
37	R	N	M	NA	NA	NA	NA	0.9988	-0.848402088673234	0
37	R	P	M	Uncertain significance	Adenoid cystic carcinoma	0.903	33	0.9989	-1.100900866303365	0
37	R	Q	M	NA	NA	NA	NA	0.9786	0.49954867790737645	0
37	R	S	M	NA	NA	0.86	30	0.9992	0.3663198038100288	0
37	R	T	M	NA	NA	NA	NA	0.9996	0.9459846125916225	0
37	R	V	M	NA	NA	NA	NA	0.9992	-1.5800122878255953	0
37	R	W	M	NA	NA	NA	NA	0.9957	-2.2360515619166024	0
37	R	Y	M	NA	NA	NA	NA	0.9965	0.19313897274527392	0
38	M	A	M	NA	NA	NA	NA	0.9869	2.778788412285434	0
38	M	C	M	NA	NA	NA	NA	0.8753	-2.609427435963615	0
38	M	D	M	NA	NA	NA	NA	0.9985	-2.7154656987362773	0
38	M	E	M	NA	NA	NA	NA	0.994	-0.04355653740022916	0
38	M	F	M	NA	NA	NA	NA	0.8161	-5.594691778168676	0
38	M	G	M	NA	NA	NA	NA	0.9891	0.6313044048228507	0
38	M	H	M	NA	NA	NA	NA	0.9703	-4.161725311403108	0
38	M	I	M	NA	NA	0.567	25.1	0.9931	-1.126015888258473	0
38	M	K	M	NA	NA	0.798	25.8	0.9665	1.132416430225771	0
38	M	L	M	NA	NA	0.458	21.2	0.3494	0.1074989723944188	0
38	M	N	M	NA	NA	NA	NA	0.9773	-0.4548394699470513	0
38	M	P	M	NA	NA	NA	NA	0.9999	-0.019085125454099794	0
38	M	Q	M	NA	NA	NA	NA	0.9071	-2.847279824526554	0
38	M	R	M	NA	NA	0.763	28.2	0.9769	-1.3057036717165449	0
38	M	S	M	NA	NA	NA	NA	0.9844	-1.951860940194752	0
38	M	T	M	NA	NA	0.675	24.8	0.9934	-0.6698802746808266	0
38	M	V	M	NA	NA	0.56	24.3	0.9154	0.7828331852716306	0
38	M	W	M	NA	NA	NA	NA	0.9804	-1.6677736692032714	0
38	M	Y	M	NA	NA	NA	NA	0.8933	-0.4123614204470833	0
39	F	A	M	NA	NA	NA	NA	0.9993	0.1993145705715215	0
39	F	C	M	NA	NA	0.879	31	0.999	1.578520294636078	0
39	F	D	M	NA	NA	NA	NA	0.9996	-0.6602437487337797	0
39	F	E	M	NA	NA	NA	NA	0.9998	-1.2715071167469145	0
39	F	G	M	NA	NA	NA	NA	0.9988	1.348177905668222	0
39	F	H	M	NA	NA	NA	NA	0.9961	-0.9793570842182557	0
39	F	I	M	NA	NA	0.763	28.5	0.9995	0.17744749344376412	0
39	F	K	M	NA	NA	NA	NA	0.9995	-0.09573374801042356	0
39	F	L	M	NA	NA	0.7486666666666666	28.1	0.9999	-0.3713399951538682	0
39	F	M	M	NA	NA	NA	NA	0.9988	0.348117105652778	0
39	F	N	M	NA	NA	NA	NA	0.9987	0.44813842294009326	0
39	F	P	M	NA	NA	NA	NA	0.9998	1.2202499518093495	0
39	F	Q	M	NA	NA	NA	NA	0.9989	-2.5787419089284174	0
39	F	R	M	NA	NA	NA	NA	0.9981	-0.8364326490463656	0
39	F	S	M	NA	NA	0.882	30	0.9994	0.015722127319243592	0
39	F	T	M	NA	NA	NA	NA	0.9997	-0.20011873397188645	0
39	F	V	M	NA	NA	0.867	28.4	0.9993	0.44820503785725385	0
39	F	W	M	NA	NA	NA	NA	0.9859	0.8948031183215288	0
39	F	Y	M	NA	NA	0.751	27.8	0.9311	0.43430317861339657	0
40	R	A	M	NA	NA	NA	NA	0.9996	0.47424691067647706	0
40	R	C	M	NA	NA	NA	NA	0.9996	1.8296469469220362	0
40	R	D	M	NA	NA	NA	NA	0.9998	-0.829285062397109	0
40	R	E	M	NA	NA	NA	NA	0.9992	-1.595965686741129	0
40	R	F	M	NA	NA	NA	NA	0.9999	-0.018611489882163823	0
40	R	G	M	NA	NA	0.794	30	0.9985	-0.4658553660899334	0
40	R	H	M	NA	NA	NA	NA	0.999	-0.3584069813640941	0
40	R	I	M	NA	NA	NA	NA	0.9999	0.008212693297398488	0
40	R	K	M	NA	NA	NA	NA	0.9937	-0.2056430788917728	0
40	R	L	M	NA	NA	0.837	34	0.9995	0.25926049025373304	0
40	R	M	M	NA	NA	NA	NA	1	0.16024650343501862	0
40	R	N	M	NA	NA	NA	NA	0.9999	-0.8229748409794888	0
40	R	P	M	NA	NA	0.837	34	0.9989	-0.04868887896898935	0
40	R	Q	M	Uncertain significance	not provided	0.857	33	0.9986	-0.6749694367711099	0
40	R	S	M	NA	NA	NA	NA	0.9998	-1.6024256859863213	0
40	R	T	M	NA	NA	NA	NA	0.9999	0.3594005263382064	0
40	R	V	M	NA	NA	NA	NA	0.9999	1.032455509068043	0
40	R	W	M	NA	NA	NA	NA	0.9987	-0.9320547008190844	0
40	R	Y	M	NA	NA	NA	NA	0.9996	0.5107321278500523	0
41	G	A	M	NA	NA	0.814	29	0.9986	0.21152773734743396	0
41	G	C	M	NA	NA	0.86	32	0.9998	0.9435514108799743	0
41	G	D	M	NA	NA	0.831	30	0.9998	0.3510560527930635	0
41	G	E	M	NA	NA	NA	NA	0.9999	2.1042981748652534	0
41	G	F	M	NA	NA	NA	NA	0.9996	2.7235789974303906	0
41	G	H	M	NA	NA	NA	NA	1	-1.4058487160680948	0
41	G	I	M	NA	NA	NA	NA	0.9998	0.8197466167415097	0
41	G	K	M	NA	NA	NA	NA	0.9999	1.0186714025973664	0
41	G	L	M	NA	NA	NA	NA	0.9998	-0.2509804271882938	0
41	G	M	M	NA	NA	NA	NA	0.9999	-0.5911261441731304	0
41	G	N	M	NA	NA	NA	NA	0.9998	-1.0947181311790586	0
41	G	P	M	NA	NA	NA	NA	0.9999	0.5900314071698735	0
41	G	Q	M	NA	NA	NA	NA	0.9999	0.4052044645775392	0
41	G	R	M	NA	NA	0.88	32	0.9999	-0.1378153816167929	0
41	G	S	M	NA	NA	0.761	30	0.9985	0.3712346442812258	0
41	G	T	M	NA	NA	NA	NA	0.9992	1.4151652093164837	0
41	G	V	M	NA	NA	0.873	31	0.9996	0.3961249839483315	0
41	G	W	M	NA	NA	NA	NA	0.9997	-0.4742889863369274	0
41	G	Y	M	NA	NA	NA	NA	0.9997	-1.8166599112730437	0
42	S	A	M	NA	NA	0.508	23.4	0.4439	-0.4976923252894161	0
42	S	C	M	NA	NA	0.697	29.7	0.7949	-0.4767689311835972	0
42	S	D	M	NA	NA	NA	NA	0.9948	1.2574794766881712	0
42	S	E	M	NA	NA	NA	NA	0.9862	-0.4628294142187963	0
42	S	F	M	NA	NA	0.818	29.9	0.9748	0.7685168366242432	0
42	S	G	M	NA	NA	NA	NA	0.8305	-1.479401385299352	0
42	S	H	M	NA	NA	NA	NA	0.9783	0.5247075147296576	0
42	S	I	M	NA	NA	NA	NA	0.9407	-0.5588178484899536	0
42	S	K	M	NA	NA	NA	NA	0.9984	-0.9385785753099645	0
42	S	L	M	NA	NA	NA	NA	0.9134	1.0080110508990485	0
42	S	M	M	NA	NA	NA	NA	0.8661	3.0734406279829884	0
42	S	N	M	NA	NA	NA	NA	0.927	0.7235230586002084	0
42	S	P	M	NA	NA	0.731	29.5	0.9994	0.3186558625559581	0
42	S	Q	M	NA	NA	NA	NA	0.9594	-0.4602862976245558	0
42	S	R	M	NA	NA	NA	NA	0.9983	1.2788316863861806	0
42	S	T	M	NA	NA	0.516	22.8	0.6534	0.4562250037028375	0
42	S	V	M	NA	NA	NA	NA	0.9256	1.228231290988226	0
42	S	W	M	NA	NA	NA	NA	0.9835	0.7966534425636871	0
42	S	Y	M	NA	NA	0.746	29.6	0.9669	0.37287432769113943	0
43	L	A	M	NA	NA	NA	NA	0.9956	1.1011485409237805	0
43	L	C	M	NA	NA	NA	NA	0.9988	0.6294568336104082	0
43	L	D	M	NA	NA	NA	NA	0.9999	-0.6438155340394531	0
43	L	E	M	NA	NA	NA	NA	0.9998	-0.0046516245117808885	0
43	L	F	M	NA	NA	NA	NA	0.9834	1.160313880746497	0
43	L	G	M	NA	NA	NA	NA	0.9992	1.092489929441111	0
43	L	H	M	NA	NA	NA	NA	0.9997	-1.1883746580031087	0
43	L	I	M	NA	NA	NA	NA	0.9086	-1.717554374058676	0
43	L	K	M	NA	NA	NA	NA	0.9995	1.0802011831048524	0
43	L	M	M	NA	NA	0.616	28.1	0.9586	0.6566786429924698	0
43	L	N	M	NA	NA	NA	NA	0.9997	0.9673217644014058	0
43	L	P	M	NA	NA	0.926	32	0.9998	0.9621803493051174	0
43	L	Q	M	NA	NA	0.882	29.9	0.9997	0.2745520073786547	0
43	L	R	M	Uncertain significance	not provided	0.95	31	0.9986	-0.9773969171500212	0
43	L	S	M	NA	NA	NA	NA	0.9997	0.3611147374870863	0
43	L	T	M	NA	NA	NA	NA	0.9976	1.6966992167271273	0
43	L	V	M	NA	NA	0.593	26.6	0.9296	0.2006072916026163	0
43	L	W	M	NA	NA	NA	NA	0.9993	0.9769074442429296	0
43	L	Y	M	NA	NA	NA	NA	0.9988	0.3989297695435053	0
44	Y	A	M	NA	NA	NA	NA	0.9985	0.11192743824851857	0
44	Y	C	M	NA	NA	0.892	29.9	0.9968	0.42308852033838723	0
44	Y	D	M	NA	NA	0.917	29.5	0.9995	1.8641616538322516	0
44	Y	E	M	NA	NA	NA	NA	0.9997	0.775983997827311	0
44	Y	F	M	NA	NA	0.675	27.6	0.8147	1.2402977276715672	0
44	Y	G	M	NA	NA	NA	NA	0.9842	0.398273706816685	0
44	Y	H	M	NA	NA	0.846	29.1	0.9994	1.0879667791552312	0
44	Y	I	M	NA	NA	NA	NA	0.9942	-1.3909755179765093	0
44	Y	K	M	NA	NA	NA	NA	0.9994	-1.695424480782802	0
44	Y	L	M	NA	NA	NA	NA	0.909	0.4588639355396279	0
44	Y	M	M	NA	NA	NA	NA	0.9958	2.4012848619949283	0
44	Y	N	M	NA	NA	0.904	29.3	0.9971	0.4102056763052572	0
44	Y	P	M	NA	NA	NA	NA	0.9948	1.3286237878042502	0
44	Y	Q	M	NA	NA	NA	NA	0.9996	0.9041205567141024	0
44	Y	R	M	NA	NA	NA	NA	0.9975	0.10980947800211971	0
44	Y	S	M	NA	NA	0.909	29	0.9942	1.091308911795211	0
44	Y	T	M	NA	NA	NA	NA	0.9984	-0.9709704546420411	0
44	Y	V	M	NA	NA	NA	NA	0.9863	0.08544555157317418	0
44	Y	W	M	NA	NA	NA	NA	0.9835	0.21475442734041156	0
45	K	A	M	NA	NA	NA	NA	0.9977	0.9790020333057671	0
45	K	C	M	NA	NA	NA	NA	0.9986	0.871939958805507	0
45	K	D	M	NA	NA	NA	NA	0.9993	0.8169817353070776	0
45	K	E	M	NA	NA	0.772	28.8	0.9989	1.6328103057647914	0
45	K	F	M	NA	NA	NA	NA	0.9997	2.638069960251611	0
45	K	G	M	NA	NA	NA	NA	0.9945	2.387172756235321	0
45	K	H	M	NA	NA	NA	NA	0.9914	-0.7758298340577429	0
45	K	I	M	NA	NA	NA	NA	0.9989	0.2006544604364977	0
45	K	L	M	NA	NA	NA	NA	0.996	-0.27369244211169524	0
45	K	M	M	NA	NA	0.82	29.9	0.9978	0.1841098560736012	0
45	K	N	M	NA	NA	0.634	30.25	0.9991	1.0062558989940933	0
45	K	P	M	NA	NA	NA	NA	0.9982	0.2031656303351712	0
45	K	Q	M	NA	NA	0.69	27.8	0.9861	2.460520267781722	0
45	K	R	M	NA	NA	0.626	27.5	0.3764	0.5386926858981667	0
45	K	S	M	NA	NA	NA	NA	0.9981	-0.07366831107727367	0
45	K	T	M	NA	NA	0.861	28.5	0.9961	2.2178871125123836	0
45	K	V	M	NA	NA	NA	NA	0.9975	-0.29103337067767265	0
45	K	W	M	NA	NA	NA	NA	0.9995	0.3653636647956574	0
45	K	Y	M	NA	NA	NA	NA	0.9979	-0.7497966238795524	0
46	R	A	M	NA	NA	NA	NA	0.9919	0.191436948066519	0
46	R	C	M	NA	NA	NA	NA	0.9771	0.8320779574406543	0
46	R	D	M	NA	NA	NA	NA	0.9963	1.6775721034409914	0
46	R	E	M	NA	NA	NA	NA	0.99	1.0326852022154092	0
46	R	F	M	NA	NA	NA	NA	0.9971	2.293242223343988	0
46	R	G	M	NA	NA	0.701	28.8	0.9875	1.6989654888340597	0
46	R	H	M	NA	NA	NA	NA	0.9026	0.15008364559895102	0
46	R	I	M	NA	NA	0.745	33	0.9865	1.297706945531127	0
46	R	K	M	NA	NA	0.433	22.2	0.3194	-0.527208726510376	0
46	R	L	M	NA	NA	NA	NA	0.9739	1.7921142893220576	0
46	R	M	M	NA	NA	NA	NA	0.9927	0.7793284853091719	0
46	R	N	M	NA	NA	NA	NA	0.994	1.141574242428619	0
46	R	P	M	NA	NA	NA	NA	0.9985	-0.5382958186980974	0
46	R	Q	M	NA	NA	NA	NA	0.8957	0.9976461767344639	0
46	R	S	M	NA	NA	0.635	23.450000000000003	0.9966	-0.29046835449325137	0
46	R	T	M	NA	NA	0.652	31	0.9911	0.21576283769749938	0
46	R	V	M	NA	NA	NA	NA	0.9866	-0.44245928861438444	0
46	R	W	M	NA	NA	NA	NA	0.9862	-1.4774914588119465	0
46	R	Y	M	NA	NA	NA	NA	0.9872	-0.09177072052102986	0
47	Y	A	M	NA	NA	NA	NA	0.9994	1.5047431319426525	0
47	Y	C	M	NA	NA	0.864	30	0.9923	-0.6147678132004354	0
47	Y	D	M	NA	NA	0.888	31	0.9995	1.8896745132767347	0
47	Y	E	M	NA	NA	NA	NA	0.9998	0.4298175629859441	0
47	Y	F	M	NA	NA	0.66	23.3	0.3374	1.8854772927636732	0
47	Y	G	M	NA	NA	NA	NA	0.9975	0.5371326226069589	0
47	Y	H	M	NA	NA	0.786	29.4	0.9934	1.0310155294071364	0
47	Y	I	M	NA	NA	NA	NA	0.9976	1.0038368634257764	0
47	Y	K	M	NA	NA	NA	NA	0.9997	1.9280331344607393	0
47	Y	L	M	NA	NA	NA	NA	0.9909	0.11625696687363357	0
47	Y	M	M	NA	NA	NA	NA	0.9986	3.111325955597048	0
47	Y	N	M	NA	NA	0.867	29.7	0.9964	0.18467069051028873	0
47	Y	P	M	NA	NA	NA	NA	0.9996	1.493001285876553	0
47	Y	Q	M	NA	NA	NA	NA	0.9998	0.8382808973526151	0
47	Y	R	M	NA	NA	NA	NA	0.999	0.7885945797211942	0
47	Y	S	M	NA	NA	0.802	29.5	0.998	0.8161551731153076	0
47	Y	T	M	NA	NA	NA	NA	0.9996	0.8553372739079542	0
47	Y	V	M	NA	NA	NA	NA	0.9956	0.433243064967627	0
47	Y	W	M	NA	NA	NA	NA	0.9331	-0.13573562139601658	0
48	P	A	M	NA	NA	0.819	28.1	0.9937	0.559896196566658	0
48	P	C	M	NA	NA	NA	NA	0.9995	0.8806972957007311	0
48	P	D	M	NA	NA	NA	NA	0.9997	-0.028758529183384507	0
48	P	E	M	NA	NA	NA	NA	0.9995	-0.08680136160546736	0
48	P	F	M	NA	NA	NA	NA	0.9998	0.7924184812154522	0
48	P	G	M	NA	NA	NA	NA	0.9935	-1.3961992793470492	0
48	P	H	M	NA	NA	0.873	31	0.999	0.9558207417190528	0
48	P	I	M	NA	NA	NA	NA	0.9996	0.8209272327553558	0
48	P	K	M	NA	NA	NA	NA	0.9992	0.5462502181915548	0
48	P	L	M	Uncertain significance	not provided	0.911	32	0.998	0.14253221443381142	0
48	P	M	M	NA	NA	NA	NA	0.9998	1.0912452951481972	0
48	P	N	M	NA	NA	NA	NA	0.9994	-0.09552874364906833	0
48	P	Q	M	NA	NA	NA	NA	0.9986	0.5035651448824454	0
48	P	R	M	NA	NA	0.895	31	0.9956	0.2569294945656375	0
48	P	S	M	Uncertain significance	Hereditary cancer-predisposing syndrome	0.83	28.4	0.9976	0.29088083882741533	0
48	P	T	M	NA	NA	0.886	28.6	0.9974	0.40933678837945653	0
48	P	V	M	NA	NA	NA	NA	0.9985	-0.4016094223491402	0
48	P	W	M	NA	NA	NA	NA	0.9999	-0.4601120145572356	0
48	P	Y	M	NA	NA	NA	NA	0.9997	0.45153172202642716	0
49	S	A	M	NA	NA	0.474	23.4	0.2869	-2.0526815490080152	0
49	S	C	M	NA	NA	NA	NA	0.6291	-1.394021406852662	0
49	S	D	M	NA	NA	NA	NA	0.9962	1.3070908169655513	0
49	S	E	M	NA	NA	NA	NA	0.9941	-2.053642305667614	0
49	S	F	M	NA	NA	NA	NA	0.9655	-1.8977292237489072	0
49	S	G	M	NA	NA	NA	NA	0.4084	0.8306004360305995	0
49	S	H	M	NA	NA	NA	NA	0.9809	-0.6927529426077038	0
49	S	I	M	NA	NA	NA	NA	0.969	0.09951431699604293	0
49	S	K	M	NA	NA	NA	NA	0.9989	0.34688927719694906	0
49	S	L	M	Uncertain significance	not provided	0.666	24.8	0.799	-0.8934696181185	0
49	S	M	M	NA	NA	NA	NA	0.8627	0.7189703216531205	0
49	S	N	M	NA	NA	NA	NA	0.9201	0.3631734910777415	0
49	S	P	M	NA	NA	0.697	29.6	0.9968	0.4565793801883518	0
49	S	Q	M	NA	NA	NA	NA	0.9685	-0.9645394450900976	0
49	S	R	M	NA	NA	NA	NA	0.9981	-0.06373546382237694	0
49	S	T	M	NA	NA	0.448	23.3	0.6617	0.7252383608605552	0
49	S	V	M	NA	NA	NA	NA	0.932	0.4164903899420356	0
49	S	W	M	NA	NA	NA	NA	0.9893	-0.8068696091249105	0
49	S	Y	M	NA	NA	NA	NA	0.9629	-0.7231449945177603	0
50	L	A	M	NA	NA	NA	NA	0.9921	-0.13174169289984178	0
50	L	C	M	NA	NA	NA	NA	0.989	1.160406863363585	0
50	L	D	M	NA	NA	NA	NA	1	1.4905126684012373	0
50	L	E	M	NA	NA	NA	NA	0.9998	-0.31650865464870515	0
50	L	F	M	NA	NA	0.554	28.3	0.988	0.28376102866582037	0
50	L	G	M	NA	NA	NA	NA	0.9988	1.1418755391912627	0
50	L	H	M	NA	NA	0.798	29.8	0.9997	0.634012417963164	0
50	L	I	M	NA	NA	0.49	26.5	0.925	0.5315652653951071	0
50	L	K	M	NA	NA	NA	NA	0.9994	0.6901299385074877	0
50	L	M	M	NA	NA	NA	NA	0.6377	-0.25099651027109937	0
50	L	N	M	NA	NA	NA	NA	0.9997	0.6381803207567517	0
50	L	P	M	NA	NA	0.874	32	0.9999	0.46938168862896706	0
50	L	Q	M	NA	NA	NA	NA	0.9988	1.1806160014764457	0
50	L	R	M	NA	NA	0.833	31	0.9989	0.6947723026873862	0
50	L	S	M	NA	NA	NA	NA	0.9994	0.6634865188272268	0
50	L	T	M	NA	NA	NA	NA	0.9983	-0.09517858228754665	0
50	L	V	M	Uncertain significance	not provided	0.58	24.6	0.93	0.14443102860828916	0
50	L	W	M	NA	NA	NA	NA	0.9996	1.031450002481456	0
50	L	Y	M	NA	NA	NA	NA	0.9992	0.6370228330896197	0
51	W	A	M	NA	NA	NA	NA	0.9843	-0.1209293097901584	0
51	W	C	M	Uncertain significance	not provided	0.807	30.6	0.9906	0.3747700992199037	0
51	W	D	M	NA	NA	NA	NA	0.9976	0.14744385161258045	0
51	W	E	M	NA	NA	NA	NA	0.9979	0.5474561001105013	0
51	W	F	M	NA	NA	NA	NA	0.6514	-0.23692361924188066	0
51	W	G	M	NA	NA	0.803	27.2	0.9541	-0.22806915962926033	0
51	W	H	M	NA	NA	NA	NA	0.9745	-0.9857672882396944	0
51	W	I	M	NA	NA	NA	NA	0.9954	0.46013636105037126	0
51	W	K	M	NA	NA	NA	NA	0.9993	0.1106438553852413	0
51	W	L	M	NA	NA	0.677	28.2	0.9811	0.7786217559985311	0
51	W	M	M	NA	NA	NA	NA	0.9918	0.6311161888749237	0
51	W	N	M	NA	NA	NA	NA	0.9935	-0.095128513214644	0
51	W	P	M	NA	NA	NA	NA	0.9985	1.6019474275262136	0
51	W	Q	M	NA	NA	NA	NA	0.9971	NA	0
51	W	R	M	NA	NA	0.766	26.35	0.9982	0.24842489782164037	0
51	W	S	M	NA	NA	0.545	28.1	0.9466	-0.04329543084836751	0
51	W	T	M	NA	NA	NA	NA	0.9748	0.18105694075990772	0
51	W	V	M	NA	NA	NA	NA	0.9883	-0.1855181143248874	0
51	W	Y	M	NA	NA	NA	NA	0.8189	-0.7823855468416893	0
52	R	A	M	NA	NA	NA	NA	0.9991	0.6658217584456214	0
52	R	C	M	NA	NA	NA	NA	0.9948	0.8454623274253589	0
52	R	D	M	NA	NA	NA	NA	0.9996	1.1843730895954883	0
52	R	E	M	NA	NA	NA	NA	0.9979	0.5337154940395374	0
52	R	F	M	NA	NA	NA	NA	0.9996	0.8976443376677754	0
52	R	G	M	NA	NA	0.85	28.1	0.9958	0.1773461014394648	0
52	R	H	M	NA	NA	NA	NA	0.9917	0.894117252924107	0
52	R	I	M	NA	NA	NA	NA	0.9993	0.12053113761507911	0
52	R	K	M	NA	NA	0.587	23.8	0.9025	0.10068357520463433	0
52	R	L	M	NA	NA	NA	NA	0.9967	-0.01713260147247231	0
52	R	M	M	NA	NA	0.853	32	0.9997	0.5439901563799467	0
52	R	N	M	NA	NA	NA	NA	0.9997	-0.9557095947195583	0
52	R	P	M	NA	NA	NA	NA	0.9995	1.5276857036761293	0
52	R	Q	M	NA	NA	NA	NA	0.9914	0.5406443093209301	0
52	R	S	M	NA	NA	0.737	28.5	0.9996	0.9699112033431094	0
52	R	T	M	NA	NA	0.842	29.6	0.9995	0.1400125030788157	0
52	R	V	M	NA	NA	NA	NA	0.9989	1.070783073487275	0
52	R	W	M	NA	NA	0.875	28.3	0.9975	-0.2358991072858787	0
52	R	Y	M	NA	NA	NA	NA	0.9981	1.0176167329435508	0
53	R	A	M	NA	NA	NA	NA	0.9907	0.7332570055482711	0
53	R	C	M	NA	NA	NA	NA	0.874	-0.11452499108964848	0
53	R	D	M	NA	NA	NA	NA	0.994	0.48550999755088375	0
53	R	E	M	NA	NA	NA	NA	0.9573	0.613679667700586	0
53	R	F	M	NA	NA	NA	NA	0.9959	0.6764749277005064	0
53	R	G	M	NA	NA	0.754	26.3	0.9799	0.9240783058295505	0
53	R	H	M	NA	NA	NA	NA	0.748	0.2150143312029729	0
53	R	I	M	NA	NA	NA	NA	0.9675	0.2978923356202897	0
53	R	K	M	NA	NA	NA	NA	0.2415	0.6609738429336163	0
53	R	L	M	Pathogenic/Likely pathogenic	Hereditary cancer-predisposing syndrome|not provided	0.783	27.8	0.969	0.7341226382928028	1
53	R	M	M	NA	NA	NA	NA	0.9846	-0.06538305295785618	0
53	R	N	M	NA	NA	NA	NA	0.9896	1.0595089467907124	0
53	R	P	M	NA	NA	0.734	29.2	0.9992	0.7422326345035468	0
53	R	Q	M	Uncertain significance	not provided|Hereditary cancer-predisposing syndrome	0.647	28.7	0.6358	0.10718282437720182	0
53	R	S	M	NA	NA	NA	NA	0.9916	1.2069643424750371	0
53	R	T	M	NA	NA	NA	NA	0.9803	0.8171948954583859	0
53	R	V	M	NA	NA	NA	NA	0.9641	0.6922139555538951	0
53	R	W	M	NA	NA	NA	NA	0.9779	0.5428079401868322	0
53	R	Y	M	NA	NA	NA	NA	0.9851	0.3535099612117556	0
54	L	A	M	NA	NA	NA	NA	0.8116	0.9892344331881733	0
54	L	C	M	NA	NA	NA	NA	0.9459	0.470683610273109	0
54	L	D	M	NA	NA	NA	NA	0.9962	0.5700752370738056	0
54	L	E	M	NA	NA	NA	NA	0.9791	0.4517144374032198	0
54	L	F	M	NA	NA	NA	NA	0.7665	0.82285112553741	0
54	L	G	M	NA	NA	NA	NA	0.949	1.5436279960595916	0
54	L	H	M	NA	NA	NA	NA	0.9367	0.9212700150823336	0
54	L	I	M	NA	NA	0.392	23.1	0.4039	0.6861783126151949	0
54	L	K	M	NA	NA	NA	NA	0.9602	0.7022102933571724	0
54	L	M	M	NA	NA	NA	NA	0.2588	0.7418703227343637	0
54	L	N	M	NA	NA	NA	NA	0.8638	-1.3970549771277443	0
54	L	P	M	NA	NA	0.837	26.4	0.9095	0.4432858360276604	0
54	L	Q	M	NA	NA	0.704	26.1	0.8269	0.4919366592807675	0
54	L	R	M	NA	NA	0.813	26	0.9569	0.5053369756012327	0
54	L	S	M	NA	NA	NA	NA	0.9215	0.28987336949464304	0
54	L	T	M	NA	NA	NA	NA	0.7579	-1.1573372265479964	0
54	L	V	M	NA	NA	0.421	23.2	0.4036	0.3812050791057363	0
54	L	W	M	NA	NA	NA	NA	0.9391	0.6007562904013041	0
54	L	Y	M	NA	NA	NA	NA	0.9356	-0.42055298795512336	0
55	A	C	M	NA	NA	NA	NA	0.83	2.0792244096101857	0
55	A	D	M	NA	NA	0.754	26.3	0.9998	0.35867430316966165	0
55	A	E	M	NA	NA	NA	NA	0.9993	0.6536228442463582	0
55	A	F	M	NA	NA	NA	NA	0.9943	1.2405513180961796	0
55	A	G	M	NA	NA	0.581	26.3	0.8968	0.44380210100751566	0
55	A	H	M	NA	NA	NA	NA	0.9994	1.9125445010918354	0
55	A	I	M	NA	NA	NA	NA	0.9523	0.9187924873394614	0
55	A	K	M	NA	NA	NA	NA	0.9998	0.19560604485990052	0
55	A	L	M	NA	NA	NA	NA	0.7489	0.3065676948262148	0
55	A	M	M	NA	NA	NA	NA	0.9653	0.15298572291365628	0
55	A	N	M	NA	NA	NA	NA	0.9987	0.8453563130110688	0
55	A	P	M	NA	NA	0.796	31	0.9845	0.08497668649546307	0
55	A	Q	M	NA	NA	NA	NA	0.998	0.24648171407636	0
55	A	R	M	NA	NA	NA	NA	0.9985	1.9330490000435094	0
55	A	S	M	NA	NA	0.591	25.7	0.8442	-0.4220087629638013	0
55	A	T	M	NA	NA	0.59	24.6	0.9447	0.8040820198592218	0
55	A	V	M	NA	NA	0.491	23.7	0.8327	0.2616409978311082	0
55	A	W	M	NA	NA	NA	NA	0.9996	0.36977269510797806	0
55	A	Y	M	NA	NA	NA	NA	0.9983	-0.95992507121001	0
56	T	A	M	NA	NA	0.484	24.3	0.2904	1.0671676036767468	0
56	T	C	M	NA	NA	NA	NA	0.6925	-0.6728686808018556	0
56	T	D	M	NA	NA	NA	NA	0.7478	-0.1994708213344979	0
56	T	E	M	NA	NA	NA	NA	0.893	-0.8889412982339787	0
56	T	F	M	NA	NA	NA	NA	0.958	2.8755508807536696	0
56	T	G	M	NA	NA	NA	NA	0.2818	2.0809418756248492	0
56	T	H	M	NA	NA	NA	NA	0.7857	-1.1309437697011318	0
56	T	I	M	NA	NA	0.582	25.5	0.9525	1.1025006223914826	0
56	T	K	M	NA	NA	NA	NA	0.8822	2.4420520283047784	0
56	T	L	M	NA	NA	NA	NA	0.668	-1.6111168270300196	0
56	T	M	M	NA	NA	NA	NA	0.5793	-0.6400247519614607	0
56	T	N	M	NA	NA	0.525	24.9	0.2607	-1.2458908812884397	0
56	T	P	M	NA	NA	0.672	28.5	0.8009	0.3273432935860301	0
56	T	Q	M	NA	NA	NA	NA	0.7646	-0.6622830639286341	0
56	T	R	M	NA	NA	NA	NA	0.8842	-0.007056195956660849	0
56	T	S	M	Uncertain significance	not provided|Hereditary cancer-predisposing syndrome	0.351	22.35	0.0888	-1.4107673217314516	0
56	T	V	M	NA	NA	NA	NA	0.8167	0.02581190449566792	0
56	T	W	M	NA	NA	NA	NA	0.9831	-4.161577677437909	0
56	T	Y	M	NA	NA	NA	NA	0.9209	2.1934890898495816	0
57	V	A	M	Uncertain significance	not provided	0.496	22.7	0.3817	-0.6664586067159978	0
57	V	C	M	NA	NA	NA	NA	0.8793	4.581575399048452	0
57	V	D	M	NA	NA	NA	NA	0.9266	-6.815402226009262	0
57	V	E	M	NA	NA	0.657	22.6	0.8732	1.013151880992431	0
57	V	F	M	NA	NA	NA	NA	0.4792	1.787908537075804	0
57	V	G	M	NA	NA	0.657	24.3	0.5212	0.2836713352413801	0
57	V	H	M	NA	NA	NA	NA	0.9142	NA	0
57	V	I	M	NA	NA	NA	NA	0.0991	-0.06525791259201502	0
57	V	K	M	NA	NA	NA	NA	0.9408	-0.27310641022170373	0
57	V	L	M	NA	NA	0.376	23.25	0.2914	-0.4989592941542269	0
57	V	M	M	Conflicting classifications of pathogenicity	Hereditary cancer-predisposing syndrome|Rhabdoid tumor predisposition syndrome 1|not provided	0.397	24.3	0.1879	-0.5139001107412746	0
57	V	N	M	NA	NA	NA	NA	0.5808	-1.9871110900172633	0
57	V	P	M	NA	NA	NA	NA	0.5866	-5.985045490380671	0
57	V	Q	M	NA	NA	NA	NA	0.717	1.2074439412284153	0
57	V	R	M	NA	NA	NA	NA	0.9269	-2.9143866657447104	0
57	V	S	M	NA	NA	NA	NA	0.4865	-2.9386220851828995	0
57	V	T	M	NA	NA	NA	NA	0.3428	3.972633751707794	0
57	V	W	M	NA	NA	NA	NA	0.9638	0.16310474050772325	0
57	V	Y	M	NA	NA	NA	NA	0.8763	-0.9227725214630271	0
58	E	A	M	NA	NA	0.677	27	0.5552	0.14411787871105605	0
58	E	C	M	NA	NA	NA	NA	0.9774	-3.2141384411644394	0
58	E	D	M	NA	NA	0.258	16.175	0.0992	-0.8801868104435907	0
58	E	F	M	NA	NA	NA	NA	0.9868	0.18244968167119113	0
58	E	G	M	NA	NA	0.736	28.5	0.6755	-1.1008070672323698	0
58	E	H	M	NA	NA	NA	NA	0.9336	-5.9986444724939485	0
58	E	I	M	NA	NA	NA	NA	0.9163	-2.803778099731568	0
58	E	K	M	NA	NA	0.725	29.7	0.8317	1.4648733561981886	0
58	E	L	M	NA	NA	NA	NA	0.9025	-3.5182733983436516	0
58	E	M	M	NA	NA	NA	NA	0.9426	-1.4152406312336472	0
58	E	N	M	NA	NA	NA	NA	0.6742	-0.0918290489976743	0
58	E	P	M	NA	NA	NA	NA	0.9312	-1.412470558097867	0
58	E	Q	M	NA	NA	0.616	32	0.6539	0.2903124608638625	0
58	E	R	M	NA	NA	NA	NA	0.8999	-2.64011346913259	0
58	E	S	M	NA	NA	NA	NA	0.6378	-0.9393577876590661	0
58	E	T	M	NA	NA	NA	NA	0.7606	-2.859671377079905	0
58	E	V	M	NA	NA	0.748	33	0.8146	0.06621430636288639	0
58	E	W	M	NA	NA	NA	NA	0.9926	-1.24673307868943	0
58	E	Y	M	NA	NA	NA	NA	0.9677	1.7199776416816444	0
59	E	A	M	NA	NA	0.755	25.7	0.9765	0.6416537948908259	0
59	E	C	M	NA	NA	NA	NA	0.999	0.9085727008777351	0
59	E	D	M	NA	NA	0.446	22.200000000000003	0.9342	0.5306533687235443	0
59	E	F	M	NA	NA	NA	NA	0.9997	-0.15599052919815892	0
59	E	G	M	NA	NA	0.86	33	0.9845	0.2599641777017678	0
59	E	H	M	NA	NA	NA	NA	0.9991	0.20216320420694261	0
59	E	I	M	NA	NA	NA	NA	0.9964	-0.29872105550729044	0
59	E	K	M	NA	NA	0.83	32	0.9972	-0.7045854424939039	0
59	E	L	M	NA	NA	NA	NA	0.9976	-0.7876312676963186	0
59	E	M	M	NA	NA	NA	NA	0.9957	-1.2337379164720768	0
59	E	N	M	NA	NA	NA	NA	0.9942	0.23450490599544827	0
59	E	P	M	NA	NA	NA	NA	0.9999	0.2838444723623315	0
59	E	Q	M	NA	NA	0.723	31	0.9504	1.009149711295312	0
59	E	R	M	NA	NA	NA	NA	0.9982	-1.8870596569134124	0
59	E	S	M	NA	NA	NA	NA	0.996	0.2359396510605391	0
59	E	T	M	NA	NA	NA	NA	0.9959	-0.18561678843122925	0
59	E	V	M	NA	NA	0.878	31	0.9937	0.7381035613046729	0
59	E	W	M	NA	NA	NA	NA	0.9999	-1.22659014565912	0
59	E	Y	M	NA	NA	NA	NA	0.9993	0.48955773822920085	0
60	R	A	M	NA	NA	NA	NA	0.9981	0.12017893425394732	0
60	R	C	M	NA	NA	NA	NA	0.995	-0.16034771464929382	0
60	R	D	M	NA	NA	NA	NA	0.9989	-0.3124043775273606	0
60	R	E	M	NA	NA	NA	NA	0.9925	-0.8267416696994253	0
60	R	F	M	NA	NA	NA	NA	0.9996	-0.13561188557597068	0
60	R	G	M	NA	NA	0.816	27.9	0.994	-1.7901904034268838	0
60	R	H	M	NA	NA	NA	NA	0.9925	1.411068794550316	0
60	R	I	M	NA	NA	NA	NA	0.9971	1.0230677192821365	0
60	R	K	M	NA	NA	0.519	24	0.8782	1.0151847938655114	0
60	R	L	M	NA	NA	NA	NA	0.9952	0.32368660351238254	0
60	R	M	M	NA	NA	0.798	27.2	0.9989	-0.17560585995724506	0
60	R	N	M	NA	NA	NA	NA	0.999	0.5937008335426837	0
60	R	P	M	NA	NA	NA	NA	0.9996	-0.47390285206187627	0
60	R	Q	M	NA	NA	NA	NA	0.9762	0.13616929147322598	0
60	R	S	M	NA	NA	0.795	34	0.9995	-0.02241391250527025	0
60	R	T	M	NA	NA	0.825	27.3	0.9986	0.09661641598402677	0
60	R	V	M	NA	NA	NA	NA	0.9971	-1.6088836936173256	0
60	R	W	M	NA	NA	0.835	28	0.9953	-0.367922629065812	0
60	R	Y	M	NA	NA	NA	NA	0.9976	-0.4189833618511066	0
61	K	A	M	NA	NA	NA	NA	0.928	0.0785073083895085	0
61	K	C	M	NA	NA	NA	NA	0.9545	-0.09937745562251854	0
61	K	D	M	NA	NA	NA	NA	0.976	0.412100774442072	0
61	K	E	M	NA	NA	0.634	24.8	0.8109	-0.8589163301408009	0
61	K	F	M	NA	NA	NA	NA	0.9948	-1.3885622096293482	0
61	K	G	M	NA	NA	NA	NA	0.9138	-1.7393113046496935	0
61	K	H	M	NA	NA	NA	NA	0.8208	-1.7330181218308778	0
61	K	I	M	NA	NA	NA	NA	0.9646	0.185439165672133	0
61	K	L	M	NA	NA	NA	NA	0.9229	-0.007375602446171414	0
61	K	M	M	NA	NA	0.725	29.1	0.9	-0.637390414795463	0
61	K	N	M	NA	NA	0.552	28.35	0.9523	0.07329341113313065	0
61	K	P	M	NA	NA	NA	NA	0.9953	-1.6050922343613423	0
61	K	Q	M	NA	NA	0.55	26.3	0.3594	-0.41456050783456977	0
61	K	R	M	NA	NA	0.494	23.5	0.1077	-2.249590979127532	0
61	K	S	M	NA	NA	NA	NA	0.9512	1.271470948021606	0
61	K	T	M	NA	NA	0.678	25.2	0.9026	0.5541613586117812	0
61	K	V	M	NA	NA	NA	NA	0.9415	-0.797836891194623	0
61	K	W	M	NA	NA	NA	NA	0.9871	-0.32100240420250614	0
61	K	Y	M	NA	NA	NA	NA	0.9777	0.43558359767015165	0
62	K	A	M	NA	NA	NA	NA	0.4816	-0.5752893404766828	0
62	K	C	M	NA	NA	NA	NA	0.7089	0.5047613043658223	0
62	K	D	M	NA	NA	NA	NA	0.8118	0.2692757954529184	0
62	K	E	M	NA	NA	0.577	24.1	0.383	0.6325172958215967	0
62	K	F	M	NA	NA	NA	NA	0.8697	0.22663847069368773	0
62	K	G	M	NA	NA	NA	NA	0.7293	-1.2677111900848839	0
62	K	H	M	NA	NA	NA	NA	0.3845	1.7048958606864972	0
62	K	I	M	Uncertain significance	not provided	0.577	23.3	0.4652	0.6867519660764843	0
62	K	L	M	NA	NA	NA	NA	0.346	0.4627122161711189	0
62	K	M	M	NA	NA	NA	NA	0.2872	-1.205834420843564	0
62	K	N	M	NA	NA	0.405	25	0.6101	0.5862206839141113	0
62	K	P	M	NA	NA	NA	NA	0.9916	-1.298496192120693	0
62	K	Q	M	NA	NA	0.54	23.8	0.1401	0.457615243074048	0
62	K	R	M	NA	NA	0.425	21.7	0.0726	0.6386494066561725	0
62	K	S	M	NA	NA	NA	NA	0.6625	1.7186614888001248	0
62	K	T	M	Uncertain significance	Hereditary cancer-predisposing syndrome	0.553	23.7	0.3196	1.2176419652272192	0
62	K	V	M	NA	NA	NA	NA	0.4232	0.5041426921654193	0
62	K	W	M	NA	NA	NA	NA	0.8493	1.113434061541876	0
62	K	Y	M	NA	NA	NA	NA	0.7719	0.7819037138587768	0
63	I	A	M	NA	NA	NA	NA	0.9676	0.13170627211118885	0
63	I	C	M	NA	NA	NA	NA	0.9957	1.343220284545805	0
63	I	D	M	NA	NA	NA	NA	0.9994	1.778884677649013	0
63	I	E	M	NA	NA	NA	NA	0.9965	2.6005165245062316	0
63	I	F	M	NA	NA	NA	NA	0.877	1.0347183562384066	0
63	I	G	M	NA	NA	NA	NA	0.9972	1.0249876624913021	0
63	I	H	M	NA	NA	NA	NA	0.9984	1.3739335389469707	0
63	I	K	M	NA	NA	0.83	24.9	0.9972	0.6821250727497438	0
63	I	L	M	NA	NA	0.475	21.9	0.3276	1.1245498900591997	0
63	I	M	M	NA	NA	0.487	22.4	0.4191	-1.7750525047594023	0
63	I	N	M	NA	NA	NA	NA	0.9945	1.434223357180148	0
63	I	P	M	NA	NA	NA	NA	0.999	1.5702156730337051	0
63	I	Q	M	NA	NA	NA	NA	0.9966	1.1490364232300432	0
63	I	R	M	NA	NA	0.806	25.3	0.9949	-0.0560066801480289	0
63	I	S	M	NA	NA	NA	NA	0.9939	1.6044385423471899	0
63	I	T	M	NA	NA	0.74	25.1	0.9883	0.048358669370933194	0
63	I	V	M	NA	NA	0.44	22.5	0.5086	-1.1256308944944755	0
63	I	W	M	NA	NA	NA	NA	0.995	0.9073040382283716	0
63	I	Y	M	NA	NA	NA	NA	0.9861	2.086762525845992	0
64	V	A	M	NA	NA	0.437	23.1	0.338	0.5124368621437304	0
64	V	C	M	NA	NA	NA	NA	0.7695	0.3933420474574351	0
64	V	D	M	NA	NA	0.608	24.1	0.9452	-0.535901563528392	0
64	V	E	M	NA	NA	NA	NA	0.8598	1.867964532263221	0
64	V	F	M	NA	NA	0.53	25.6	0.4555	0.3010967513578232	0
64	V	G	M	NA	NA	0.64	27.5	0.5387	-0.08483086669185669	0
64	V	H	M	NA	NA	NA	NA	0.9066	-0.11025438860743896	0
64	V	I	M	NA	NA	0.447	22.7	0.1171	-0.24497467093611655	0
64	V	K	M	NA	NA	NA	NA	0.9111	1.5834586026693147	0
64	V	L	M	NA	NA	0.437	23.5	0.382	0.3112748762462715	0
64	V	M	M	NA	NA	NA	NA	0.2838	-1.51550993330831	0
64	V	N	M	NA	NA	NA	NA	0.7452	-0.3484644013875863	0
64	V	P	M	NA	NA	NA	NA	0.9735	-0.15134483548522487	0
64	V	Q	M	NA	NA	NA	NA	0.6738	1.6372226555226845	0
64	V	R	M	NA	NA	NA	NA	0.8444	0.3582679295153446	0
64	V	S	M	NA	NA	NA	NA	0.4656	-0.12304656718695509	0
64	V	T	M	NA	NA	NA	NA	0.4062	-1.4946741445096894	0
64	V	W	M	NA	NA	NA	NA	0.9619	1.2903948683755913	0
64	V	Y	M	NA	NA	NA	NA	0.8671	-1.64307969806408	0
65	A	C	M	NA	NA	NA	NA	0.4127	0.5586189666283883	0
65	A	D	M	NA	NA	NA	NA	0.2778	-0.22330361216751307	0
65	A	E	M	NA	NA	0.412	22	0.1927	-0.7701832133784544	0
65	A	F	M	NA	NA	NA	NA	0.4065	0.28239930709970557	0
65	A	G	M	NA	NA	0.367	23.4	0.1677	-0.28618999942593265	0
65	A	H	M	NA	NA	NA	NA	0.4605	0.09310789924293258	0
65	A	I	M	NA	NA	NA	NA	0.2911	-0.6245569138057455	0
65	A	K	M	NA	NA	NA	NA	0.5836	-2.168623598176301	0
65	A	L	M	NA	NA	NA	NA	0.1649	-1.8112449983896586	0
65	A	M	M	NA	NA	NA	NA	0.2181	-1.7680023751205882	0
65	A	N	M	NA	NA	NA	NA	0.2002	-0.9896234946828951	0
65	A	P	M	NA	NA	0.548	26.6	0.8963	-0.9812283566542949	0
65	A	Q	M	NA	NA	NA	NA	0.2633	-1.580190432643047	0
65	A	R	M	NA	NA	NA	NA	0.5758	0.6146961141571318	0
65	A	S	M	Uncertain significance	not provided	0.387	23.7	0.0882	-0.16768953199606526	0
65	A	T	M	NA	NA	0.417	24.9	0.0975	-1.0990696033303515	0
65	A	V	M	NA	NA	0.412	24.1	0.1628	-0.7825039641055316	0
65	A	W	M	NA	NA	NA	NA	0.8005	-0.3826589667049637	0
65	A	Y	M	NA	NA	NA	NA	0.4919	-0.7191586343539658	0
66	S	A	M	Uncertain significance	Hereditary cancer-predisposing syndrome|not provided	0.423	22.1	0.078	0.857661282052904	0
66	S	C	M	NA	NA	NA	NA	0.1286	0.40417249654685544	0
66	S	D	M	NA	NA	NA	NA	0.4865	1.0185313922823207	0
66	S	E	M	NA	NA	NA	NA	0.5766	0.12921995661866875	0
66	S	F	M	NA	NA	NA	NA	0.3221	0.8844992706601879	0
66	S	G	M	NA	NA	NA	NA	0.1086	0.06774499985445179	0
66	S	H	M	NA	NA	NA	NA	0.4841	0.8816047204248575	0
66	S	I	M	NA	NA	NA	NA	0.3057	0.4705080750829089	0
66	S	K	M	NA	NA	NA	NA	0.8153	0.9899053837816791	0
66	S	L	M	Uncertain significance	not provided|Hereditary cancer-predisposing syndrome	0.5	25.2	0.1432	0.1856062830536451	0
66	S	M	M	NA	NA	NA	NA	0.2273	-1.2594102987079683	0
66	S	N	M	NA	NA	NA	NA	0.2025	0.3202711554136193	0
66	S	P	M	NA	NA	0.581	23.8	0.8088	0.14202492074687068	0
66	S	Q	M	NA	NA	NA	NA	0.5599	0.5884669268197005	0
66	S	R	M	NA	NA	NA	NA	0.7984	0.6532945270475864	0
66	S	T	M	NA	NA	0.387	22.1	0.087	-0.06427480003891453	0
66	S	V	M	NA	NA	NA	NA	0.2341	-0.48675996030375634	0
66	S	W	M	NA	NA	0.667	29.8	0.5807	0.44004656752202037	0
66	S	Y	M	NA	NA	NA	NA	0.3226	0.988859311832118	0
67	S	A	M	NA	NA	0.44	23.1	0.1055	-0.18065083908704452	0
67	S	C	M	NA	NA	NA	NA	0.1311	1.1317352767418314	0
67	S	D	M	NA	NA	NA	NA	0.657	0.7015998451624594	0
67	S	E	M	NA	NA	NA	NA	0.7059	-0.451704488961329	0
67	S	F	M	NA	NA	NA	NA	0.4326	0.8021669416078382	0
67	S	G	M	NA	NA	NA	NA	0.1196	-0.3236680426015079	0
67	S	H	M	NA	NA	NA	NA	0.5514	0.7040688954411246	0
67	S	I	M	NA	NA	NA	NA	0.3626	0.5542266903369433	0
67	S	K	M	NA	NA	NA	NA	0.8826	0.3856627275434265	0
67	S	L	M	NA	NA	0.589	24.9	0.2222	-0.4652857130351113	0
67	S	M	M	NA	NA	NA	NA	0.3439	-1.298961642029911	0
67	S	N	M	NA	NA	NA	NA	0.2555	0.9789973717336511	0
67	S	P	M	NA	NA	0.597	24.3	0.3536	0.17227461072506278	0
67	S	Q	M	NA	NA	NA	NA	0.6571	-0.18443297490262564	0
67	S	R	M	NA	NA	NA	NA	0.8638	0.5470529420244763	0
67	S	T	M	NA	NA	0.429	23	0.1001	-0.45332623045073506	0
67	S	V	M	NA	NA	NA	NA	0.2887	-0.3007338593672791	0
67	S	W	M	NA	NA	NA	NA	0.6336	-0.23005361267872076	0
67	S	Y	M	NA	NA	NA	NA	0.4187	1.1312974112670706	0
68	H	A	M	NA	NA	NA	NA	0.1779	-0.8338506945881141	0
68	H	C	M	NA	NA	NA	NA	0.1499	-1.8514812076477303	0
68	H	D	M	NA	NA	0.547	23.4	0.1742	0.2951228148405044	0
68	H	E	M	NA	NA	NA	NA	0.1965	-1.261742560007444	0
68	H	F	M	NA	NA	NA	NA	0.2659	-1.6759239049923353	0
68	H	G	M	NA	NA	NA	NA	0.1803	-0.35274536864162465	0
68	H	I	M	NA	NA	NA	NA	0.2869	-0.08641357564675034	0
68	H	K	M	NA	NA	NA	NA	0.2116	0.12245564187814836	0
68	H	L	M	Uncertain significance	not provided	0.557	22.1	0.1417	-2.844416673631126	0
68	H	M	M	NA	NA	NA	NA	0.3681	-2.1530085509214243	0
68	H	N	M	NA	NA	0.418	22.7	0.096	-1.2783936885069864	0
68	H	P	M	NA	NA	0.564	23.1	0.1316	-1.2467476622524307	0
68	H	Q	M	NA	NA	0.495	22.15	0.1413	-2.347206976332962	0
68	H	R	M	NA	NA	0.602	22.4	0.1241	-2.178903208560645	0
68	H	S	M	NA	NA	NA	NA	0.1485	-1.5019128435542564	0
68	H	T	M	NA	NA	NA	NA	0.1736	-1.0356406972497594	0
68	H	V	M	NA	NA	NA	NA	0.217	-1.0897477478222777	0
68	H	W	M	NA	NA	NA	NA	0.3898	0.04729155478624952	0
68	H	Y	M	Uncertain significance	not provided	0.546	22	0.1221	-1.4522392794008985	0
69	G	A	M	NA	NA	0.417	25.3	0.1191	-0.7546963305995751	0
69	G	C	M	NA	NA	0.48533333333333334	34	0.1271	-0.9835210291372689	0
69	G	D	M	NA	NA	0.461	29.3	0.1188	-0.2549760743610649	0
69	G	E	M	NA	NA	NA	NA	0.1243	-1.0202243464056813	0
69	G	F	M	NA	NA	NA	NA	0.378	0.032274633114086584	0
69	G	H	M	NA	NA	NA	NA	0.248	0.3890547075505611	0
69	G	I	M	NA	NA	NA	NA	0.1721	0.45466294029144927	0
69	G	K	M	NA	NA	NA	NA	0.3145	0.1813129005109482	0
69	G	L	M	NA	NA	NA	NA	0.2299	-2.194450239097394	0
69	G	M	M	NA	NA	NA	NA	0.3095	-3.007484153053482	0
69	G	N	M	NA	NA	NA	NA	0.1653	-0.8440127098961765	0
69	G	P	M	NA	NA	NA	NA	0.3733	1.2362311613090335	0
69	G	Q	M	NA	NA	NA	NA	0.2079	1.0670547354815458	0
69	G	R	M	NA	NA	0.478	35	0.2726	0.035858500793593845	0
69	G	S	M	Uncertain significance	not provided	0.48533333333333334	31	0.1016	-0.5705564125449956	0
69	G	T	M	NA	NA	NA	NA	0.1137	1.100072546781504	0
69	G	V	M	NA	NA	0.497	29.9	0.1193	-1.0013741976697097	0
69	G	W	M	NA	NA	NA	NA	0.3019	0.4966562687921823	0
69	G	Y	M	NA	NA	NA	NA	0.2761	0.4458969131712013	0
70	K	A	M	NA	NA	NA	NA	0.1472	-2.0110698908969806	0
70	K	C	M	NA	NA	NA	NA	0.3229	0.9662113277682227	0
70	K	D	M	NA	NA	NA	NA	0.1783	-3.1946943887013717	0
70	K	E	M	NA	NA	0.274	22.6	0.0998	-0.26310181943873345	0
70	K	F	M	NA	NA	NA	NA	0.421	-0.26316283382697886	0
70	K	G	M	NA	NA	NA	NA	0.1341	-2.6153254640353456	0
70	K	H	M	NA	NA	NA	NA	0.1707	0.3817459963327336	0
70	K	I	M	NA	NA	0.466	24.6	0.2011	0.6698925820805035	0
70	K	L	M	NA	NA	NA	NA	0.1754	-1.6768621995010338	0
70	K	M	M	NA	NA	NA	NA	0.1729	-3.1405554391111004	0
70	K	N	M	NA	NA	0.255	23.4	0.1487	-0.15186955947355507	0
70	K	P	M	NA	NA	NA	NA	0.2229	-0.8752220989241968	0
70	K	Q	M	NA	NA	0.307	23.6	0.0871	0.9128963465513154	0
70	K	R	M	NA	NA	0.381	23.9	0.0757	-0.12792909334998356	0
70	K	S	M	NA	NA	NA	NA	0.1471	-1.5146050073885955	0
70	K	T	M	NA	NA	0.4	23.6	0.1111	0.6690402482342734	0
70	K	V	M	NA	NA	NA	NA	0.1671	-1.1096505403116153	0
70	K	W	M	NA	NA	NA	NA	0.5027	-0.582267356689377	0
70	K	Y	M	NA	NA	NA	NA	0.3433	0.9962595652625283	0
71	K	A	M	NA	NA	NA	NA	0.1139	0.43387610588531095	0
71	K	C	M	NA	NA	NA	NA	0.3395	0.08212791728629654	0
71	K	D	M	NA	NA	NA	NA	0.1528	0.8761404954870119	0
71	K	E	M	NA	NA	0.232	22.9	0.1064	-0.2499419891289933	0
71	K	F	M	NA	NA	NA	NA	0.381	1.6630427345223968	0
71	K	G	M	NA	NA	NA	NA	0.1259	0.8520812448894693	0
71	K	H	M	NA	NA	NA	NA	0.1536	-0.04293261289648165	0
71	K	I	M	NA	NA	0.303	22.3	0.1628	-0.3926527213761316	0
71	K	L	M	NA	NA	NA	NA	0.1623	-1.393866465164284	0
71	K	M	M	NA	NA	NA	NA	0.1449	-1.9409137113298254	0
71	K	N	M	NA	NA	0.296	23.45	0.1277	-0.9456288467134321	0
71	K	P	M	NA	NA	NA	NA	0.1635	0.2543554135183057	0
71	K	Q	M	NA	NA	0.288	22.6	0.0915	-0.22915453389113677	0
71	K	R	M	NA	NA	0.27	22.5	0.0824	-1.0120988243196423	0
71	K	S	M	NA	NA	NA	NA	0.1341	1.8328242858177441	0
71	K	T	M	NA	NA	0.318	22.5	0.0815	0.1025930431551047	0
71	K	V	M	NA	NA	NA	NA	0.1339	-2.1283943994867944	0
71	K	W	M	NA	NA	NA	NA	0.5086	-1.6415522544883454	0
71	K	Y	M	NA	NA	NA	NA	0.3151	-0.11030504046888967	0
72	T	A	M	NA	NA	0.185	20.6	0.0607	-1.1142843074448299	0
72	T	C	M	NA	NA	NA	NA	0.1469	-0.3806535197856792	0
72	T	D	M	NA	NA	NA	NA	0.1433	1.205548686397593	0
72	T	E	M	NA	NA	NA	NA	0.1228	1.052476859818536	0
72	T	F	M	NA	NA	NA	NA	0.1427	0.6079642023511445	0
72	T	G	M	NA	NA	NA	NA	0.0851	-0.299024904245759	0
72	T	H	M	NA	NA	NA	NA	0.1122	1.3671774201730555	0
72	T	I	M	NA	NA	0.283	22.4	0.1062	-0.05964216306884729	0
72	T	K	M	NA	NA	0.331	22.9	0.1221	-0.613698916876478	0
72	T	L	M	NA	NA	NA	NA	0.0749	0.0025067484333112233	0
72	T	M	M	NA	NA	NA	NA	0.0891	-3.0521519242188067	0
72	T	N	M	NA	NA	NA	NA	0.0665	0.6655820225446756	0
72	T	P	M	NA	NA	0.413	21.3	0.0637	-0.5187909641992265	0
72	T	Q	M	NA	NA	NA	NA	0.1031	1.9425505475715874	0
72	T	R	M	NA	NA	0.324	22.8	0.122	0.18150225608434173	0
72	T	S	M	NA	NA	0.194	18.89	0.0644	1.1633581872259346	0
72	T	V	M	NA	NA	NA	NA	0.0844	-2.5736330248511132	0
72	T	W	M	NA	NA	NA	NA	0.2762	-2.0274615384472927	0
72	T	Y	M	NA	NA	NA	NA	0.131	1.5715724743117474	0
73	K	A	M	NA	NA	NA	NA	0.1085	-0.8726356757376917	0
73	K	C	M	NA	NA	NA	NA	0.3142	2.072708781073616	0
73	K	D	M	NA	NA	NA	NA	0.1778	-0.16622305452910335	0
73	K	E	M	NA	NA	0.365	21.8	0.1216	-0.2547320345338417	0
73	K	F	M	NA	NA	NA	NA	0.3193	-0.0775692164750264	0
73	K	G	M	NA	NA	NA	NA	0.1396	-0.4674325744386487	0
73	K	H	M	NA	NA	NA	NA	0.144	1.9618234223153268	0
73	K	I	M	NA	NA	0.41	23.1	0.1493	0.5845435744152168	0
73	K	L	M	NA	NA	NA	NA	0.1405	-0.4856081642468258	0
73	K	M	M	NA	NA	NA	NA	0.1522	-3.0811461769445048	0
73	K	N	M	NA	NA	0.2945	22.45	0.1628	-0.4163799355879889	0
73	K	P	M	NA	NA	NA	NA	0.1605	-0.42323622071200934	0
73	K	Q	M	NA	NA	0.334	22	0.092	0.813159616241133	0
73	K	R	M	NA	NA	0.326	22.3	0.0791	-0.4519946570252298	0
73	K	S	M	NA	NA	NA	NA	0.1311	0.8048515030965617	0
73	K	T	M	NA	NA	0.356	21.9	0.0887	1.5057459059704446	0
73	K	V	M	NA	NA	NA	NA	0.1286	0.618196953134644	0
73	K	W	M	NA	NA	NA	NA	0.4865	-1.3727565616395592	0
73	K	Y	M	NA	NA	NA	NA	0.2985	0.9165876817490377	0
74	P	A	M	NA	NA	0.377	22.8	0.0552	1.5722700579423874	0
74	P	C	M	NA	NA	NA	NA	0.1564	2.0290236038381164	0
74	P	D	M	NA	NA	NA	NA	0.1216	0.595162229315001	0
74	P	E	M	NA	NA	NA	NA	0.1072	1.6414877296540646	0
74	P	F	M	NA	NA	NA	NA	0.2099	-0.21157319136186858	0
74	P	G	M	NA	NA	NA	NA	0.0918	-1.7216450621045332	0
74	P	H	M	NA	NA	0.344	25.3	0.0854	-0.007316962119850945	0
74	P	I	M	NA	NA	NA	NA	0.1274	0.8993909396655868	0
74	P	K	M	NA	NA	NA	NA	0.1075	1.690992718112742	0
74	P	L	M	NA	NA	0.355	23.7	0.0864	-1.9620462942672332	0
74	P	M	M	NA	NA	NA	NA	0.1399	-2.8438336955637595	0
74	P	N	M	NA	NA	NA	NA	0.0915	0.14213996515990462	0
74	P	Q	M	NA	NA	NA	NA	0.0725	2.152459977943863	0
74	P	R	M	NA	NA	0.352	23.6	0.1079	0.1409947700112113	0
74	P	S	M	NA	NA	0.374	23.1	0.0672	-1.605926633542638	0
74	P	T	M	NA	NA	0.374	22.7	0.0582	0.6184920121096854	0
74	P	V	M	NA	NA	NA	NA	0.0895	-3.9361271268450597	0
74	P	W	M	NA	NA	NA	NA	0.2886	-1.0528823696929335	0
74	P	Y	M	NA	NA	NA	NA	0.1651	2.8075815478237147	0
75	N	A	M	NA	NA	NA	NA	0.0662	1.605614288657033	0
75	N	C	M	NA	NA	NA	NA	0.1036	-1.5023551507739579	0
75	N	D	M	NA	NA	0.24	22.6	0.0765	-1.0747535448946928	0
75	N	E	M	NA	NA	NA	NA	0.1427	-0.9191826279822763	0
75	N	F	M	NA	NA	NA	NA	0.2228	-1.2912696154353256	0
75	N	G	M	NA	NA	NA	NA	0.099	-3.86114489406216	0
75	N	H	M	NA	NA	0.281	21.5	0.0845	0.7261323789136542	0
75	N	I	M	NA	NA	0.324	22.3	0.0903	2.1225850206467807	0
75	N	K	M	NA	NA	0.3475	22.4	0.1371	-0.5734996060082824	0
75	N	L	M	NA	NA	NA	NA	0.1049	-1.7128508124436703	0
75	N	M	M	NA	NA	NA	NA	0.158	-3.477827397092627	0
75	N	P	M	NA	NA	NA	NA	0.1375	-0.7945197930661789	0
75	N	Q	M	NA	NA	NA	NA	0.1414	0.7385170265855238	0
75	N	R	M	NA	NA	NA	NA	0.1715	-1.5749995170628328	0
75	N	S	M	NA	NA	0.266	19.71	0.0601	0.8844092751890905	0
75	N	T	M	NA	NA	0.234	22.7	0.0635	1.4551766085741706	0
75	N	V	M	NA	NA	NA	NA	0.077	-1.8818141278580174	0
75	N	W	M	NA	NA	NA	NA	0.4379	-0.991101788683702	0
75	N	Y	M	NA	NA	0.335	21.2	0.1059	2.2017874012650376	0
76	T	A	M	NA	NA	0.138	18.71	0.0568	-0.5373261335380909	0
76	T	C	M	NA	NA	NA	NA	0.128	1.4414520199796643	0
76	T	D	M	NA	NA	NA	NA	0.1458	1.7511139743600566	0
76	T	E	M	NA	NA	NA	NA	0.1376	0.041264108795872945	0
76	T	F	M	NA	NA	NA	NA	0.1397	1.1757427380493535	0
76	T	G	M	NA	NA	NA	NA	0.082	0.5941534585880457	0
76	T	H	M	NA	NA	NA	NA	0.1133	-1.2665464607596384	0
76	T	I	M	NA	NA	0.293	23.3	0.1024	-2.031201206543636	0
76	T	K	M	NA	NA	NA	NA	0.1281	1.530918789352783	0
76	T	L	M	NA	NA	NA	NA	0.0757	-0.16712984591368307	0
76	T	M	M	NA	NA	NA	NA	0.0956	-2.831779946281536	0
76	T	N	M	NA	NA	0.262	22.1	0.0692	-0.9417122289443609	0
76	T	P	M	NA	NA	0.384	20.4	0.0654	-1.1876655488180066	0
76	T	Q	M	NA	NA	NA	NA	0.1098	1.538364464402619	0
76	T	R	M	NA	NA	NA	NA	0.1293	-1.9320285231024767	0
76	T	S	M	NA	NA	0.269	19.32	0.0637	-2.8949878840063334	0
76	T	V	M	NA	NA	NA	NA	0.0824	-1.7366328301167435	0
76	T	W	M	NA	NA	NA	NA	0.2871	2.4605106891279656	0
76	T	Y	M	NA	NA	NA	NA	0.131	2.389454178996105	0
77	K	A	M	NA	NA	NA	NA	0.1334	0.415182179449071	0
77	K	C	M	NA	NA	NA	NA	0.41	-1.389434617209599	0
77	K	D	M	NA	NA	NA	NA	0.2261	0.9549416137762035	0
77	K	E	M	NA	NA	0.232	22.3	0.1182	1.6575385541403482	0
77	K	F	M	NA	NA	NA	NA	0.5049	0.8809105579919096	0
77	K	G	M	NA	NA	NA	NA	0.1485	0.3050445464162712	0
77	K	H	M	NA	NA	NA	NA	0.1969	-0.3908868952865467	0
77	K	I	M	NA	NA	NA	NA	0.2684	3.0589559824466868	0
77	K	L	M	NA	NA	NA	NA	0.2211	0.7041108170542156	0
77	K	M	M	NA	NA	0.376	25.2	0.21	0.07014452307277752	0
77	K	N	M	NA	NA	0.389	23.6	0.2281	1.0300208754340474	0
77	K	P	M	NA	NA	NA	NA	0.2098	2.113113662509294	0
77	K	Q	M	NA	NA	0.317	22.1	0.1024	2.0797169977610412	0
77	K	R	M	NA	NA	0.24	23.3	0.0731	-0.7426262133905726	0
77	K	S	M	NA	NA	NA	NA	0.1766	2.39038409488649	0
77	K	T	M	NA	NA	0.186	23.9	0.1111	0.27262509735011	0
77	K	V	M	NA	NA	NA	NA	0.1967	1.9103241575182197	0
77	K	W	M	NA	NA	NA	NA	0.5462	0.24033258655951695	0
77	K	Y	M	NA	NA	NA	NA	0.4381	1.6351301562556106	0
78	D	A	M	NA	NA	0.548	22	0.237	-0.271729771824038	0
78	D	C	M	NA	NA	NA	NA	0.4855	0.02007720563827395	0
78	D	E	M	NA	NA	0.507	17.33	0.1724	-0.4331196128804117	0
78	D	F	M	NA	NA	NA	NA	0.4408	3.934050499325082	0
78	D	G	M	Uncertain significance	not provided	0.533	20.4	0.1743	0.8224541111042436	0
78	D	H	M	NA	NA	0.42	32	0.3281	-0.5001281260352586	0
78	D	I	M	NA	NA	NA	NA	0.3844	1.5495996287567455	0
78	D	K	M	NA	NA	NA	NA	0.4915	2.6375672646197694	0
78	D	L	M	NA	NA	NA	NA	0.3937	-0.26350562651309495	0
78	D	M	M	NA	NA	NA	NA	0.608	-1.2405773779027094	0
78	D	N	M	NA	NA	0.285	31	0.1662	0.2926108730181585	0
78	D	P	M	NA	NA	NA	NA	0.4785	2.5242726139351377	0
78	D	Q	M	NA	NA	NA	NA	0.3436	-0.2132176780821344	0
78	D	R	M	NA	NA	NA	NA	0.4932	1.414399627648276	0
78	D	S	M	NA	NA	NA	NA	0.1881	-0.6416303564799845	0
78	D	T	M	NA	NA	NA	NA	0.2897	2.1044164756030233	0
78	D	V	M	NA	NA	0.565	24.5	0.2665	-1.7310015573852247	0
78	D	W	M	NA	NA	NA	NA	0.7352	-1.1937230075146834	0
78	D	Y	M	NA	NA	0.456	29.9	0.1718	-0.031239022247729703	0
79	H	A	M	NA	NA	NA	NA	0.2723	1.8774146158050407	0
79	H	C	M	NA	NA	NA	NA	0.1949	0.2272047269475828	0
79	H	D	M	NA	NA	0.577	20.9	0.2904	1.3727419150846056	0
79	H	E	M	NA	NA	NA	NA	0.3537	1.046177854253261	0
79	H	F	M	NA	NA	NA	NA	0.2663	0.045728146393794245	0
79	H	G	M	NA	NA	NA	NA	0.2873	-0.9144725496350425	0
79	H	I	M	NA	NA	NA	NA	0.3144	2.2869390672576424	0
79	H	K	M	NA	NA	NA	NA	0.3757	0.5631693771517787	0
79	H	L	M	NA	NA	0.536	19.36	0.1463	-1.6794563188844265	0
79	H	M	M	NA	NA	NA	NA	0.4245	-0.44802236037595466	0
79	H	N	M	Uncertain significance	Hereditary cancer-predisposing syndrome	0.427	20.8	0.1197	-1.324720677217282	0
79	H	P	M	NA	NA	0.6	20.3	0.1499	-1.0000236322234164	0
79	H	Q	M	NA	NA	0.6054999999999999	0.1715	0.2344	-0.9617517096884198	0
79	H	R	M	NA	NA	0.584	19.36	0.2207	-0.3728248351298275	0
79	H	S	M	NA	NA	NA	NA	0.2143	-0.7511058058573112	0
79	H	T	M	NA	NA	NA	NA	0.2439	1.721242424721797	0
79	H	V	M	NA	NA	NA	NA	0.2687	2.730357316568047	0
79	H	W	M	NA	NA	NA	NA	0.4586	0.8452438463824445	0
79	H	Y	M	NA	NA	0.531	19.71	0.1288	-0.8932265605656811	0
80	G	A	M	NA	NA	0.51	23.5	0.309	0.28773594886246506	0
80	G	C	M	NA	NA	NA	NA	0.3887	1.5182771225993066	0
80	G	D	M	NA	NA	NA	NA	0.7778	1.6805303158420826	0
80	G	E	M	NA	NA	0.575	23.6	0.806	0.9928439305724082	0
80	G	F	M	NA	NA	NA	NA	0.86	-0.2717189978668525	0
80	G	H	M	NA	NA	NA	NA	0.7869	0.24963088835666436	0
80	G	I	M	NA	NA	NA	NA	0.6642	-0.10691772352999465	0
80	G	K	M	NA	NA	NA	NA	0.9252	0.026702717359838646	0
80	G	L	M	NA	NA	NA	NA	0.7805	-0.027794008156687117	0
80	G	M	M	NA	NA	NA	NA	0.8207	-1.955086846664352	0
80	G	N	M	NA	NA	NA	NA	0.6003	0.7911732232965567	0
80	G	P	M	NA	NA	NA	NA	0.8899	1.0598056674908203	0
80	G	Q	M	NA	NA	NA	NA	0.7627	0.9641763729568323	0
80	G	R	M	Uncertain significance	not provided|Hereditary cancer-predisposing syndrome	0.6415	24.45	0.858	-0.4341304930732943	0
80	G	S	M	NA	NA	NA	NA	0.1966	1.5072893846635744	0
80	G	T	M	NA	NA	NA	NA	0.3726	2.1089114581376176	0
80	G	V	M	NA	NA	0.61	23.9	0.5439	-1.4094550491444382	0
80	G	W	M	NA	NA	NA	NA	0.8285	0.49888137007409206	0
80	G	Y	M	NA	NA	NA	NA	0.8173	0.2669883832739714	0
81	Y	A	M	NA	NA	NA	NA	0.7035	-2.379556550539477	0
81	Y	C	M	Uncertain significance	not provided|Hereditary cancer-predisposing syndrome	0.57	21.8	0.2769	0.07819066761186783	0
81	Y	D	M	NA	NA	0.602	22.9	0.7265	0.6738249218808063	0
81	Y	E	M	NA	NA	NA	NA	0.8797	1.5997243161477748	0
81	Y	F	M	NA	NA	0.49	19.87	0.137	1.561683725364141	0
81	Y	G	M	NA	NA	NA	NA	0.5697	0.8995970344765774	0
81	Y	H	M	NA	NA	0.514	20.4	0.5945	0.38631283757215684	0
81	Y	I	M	NA	NA	NA	NA	0.715	-0.591964194999932	0
81	Y	K	M	NA	NA	NA	NA	0.9121	1.7846625848934696	0
81	Y	L	M	NA	NA	NA	NA	0.605	0.5070190759133015	0
81	Y	M	M	NA	NA	NA	NA	0.7575	-1.812853673742116	0
81	Y	N	M	NA	NA	0.559	21.2	0.4431	1.074023151394684	0
81	Y	P	M	NA	NA	NA	NA	0.8066	1.519702472967031	0
81	Y	Q	M	NA	NA	NA	NA	0.839	0.42152772844029696	0
81	Y	R	M	NA	NA	NA	NA	0.8598	-0.27243187731178553	0
81	Y	S	M	NA	NA	0.579	20.6	0.4619	-0.09431199681669866	0
81	Y	T	M	NA	NA	NA	NA	0.6836	0.8191704532164078	0
81	Y	V	M	NA	NA	NA	NA	0.5577	-1.9685233035519474	0
81	Y	W	M	NA	NA	NA	NA	0.6368	1.668833435183617	0
82	T	A	M	Uncertain significance	not provided	0.452	19.46	0.1988	0.10923855068911242	0
82	T	C	M	NA	NA	NA	NA	0.5656	1.9961197975660492	0
82	T	D	M	NA	NA	NA	NA	0.8076	0.320695240911695	0
82	T	E	M	NA	NA	NA	NA	0.8243	0.16074608230750992	0
82	T	F	M	NA	NA	NA	NA	0.7354	0.6813973915089686	0
82	T	G	M	NA	NA	NA	NA	0.3311	0.8676666726610527	0
82	T	H	M	NA	NA	NA	NA	0.4383	0.6445339669785044	0
82	T	I	M	NA	NA	NA	NA	0.796	-0.26956425500850806	0
82	T	K	M	NA	NA	0.59	22.8	0.7885	0.24291604428867358	0
82	T	L	M	NA	NA	NA	NA	0.4195	0.9784951938575083	0
82	T	M	M	Uncertain significance	Hereditary cancer-predisposing syndrome|not provided	0.585	22.8	0.4047	-1.5515765388853624	0
82	T	N	M	NA	NA	NA	NA	0.2689	0.8098022129581138	0
82	T	P	M	Uncertain significance	not provided	0.624	21.1	0.261	0.8607575945524586	0
82	T	Q	M	NA	NA	NA	NA	0.5316	1.9147426830432759	0
82	T	R	M	NA	NA	0.622	22.7	0.7361	-0.30384864269283046	0
82	T	S	M	NA	NA	0.436	18.98	0.1993	0.6863145129053783	0
82	T	V	M	NA	NA	NA	NA	0.5365	0.8122302863676564	0
82	T	W	M	NA	NA	NA	NA	0.9297	-0.2342366494732398	0
82	T	Y	M	NA	NA	NA	NA	0.7611	1.1354063035219533	0
83	T	A	M	NA	NA	0.467	20.2	0.1343	-0.317145468777549	0
83	T	C	M	NA	NA	NA	NA	0.5155	0.6818655786383392	0
83	T	D	M	NA	NA	NA	NA	0.8366	1.6304704985163294	0
83	T	E	M	NA	NA	NA	NA	0.8178	2.1669776376560668	0
83	T	F	M	NA	NA	NA	NA	0.6442	-0.6848343036256361	0
83	T	G	M	NA	NA	NA	NA	0.3059	0.23960752352837397	0
83	T	H	M	NA	NA	NA	NA	0.5339	1.02220894265616	0
83	T	I	M	NA	NA	0.498	21.6	0.6466	-1.4269661135421154	0
83	T	K	M	NA	NA	NA	NA	0.8265	0.1746753822851346	0
83	T	L	M	NA	NA	NA	NA	0.3421	2.127085823246498	0
83	T	M	M	NA	NA	NA	NA	0.2796	-1.3387432065692662	0
83	T	N	M	NA	NA	0.46	20.7	0.2297	-1.4489117038025747	0
83	T	P	M	NA	NA	0.533	21.2	0.3355	-0.6069601987930823	0
83	T	Q	M	NA	NA	NA	NA	0.5233	-0.9731299918947349	0
83	T	R	M	NA	NA	NA	NA	0.8008	2.6005278869210686	0
83	T	S	M	NA	NA	0.515	18.619999999999997	0.1514	0.022718779863365957	0
83	T	V	M	NA	NA	NA	NA	0.3946	-1.8353233122730188	0
83	T	W	M	NA	NA	NA	NA	0.9168	0.07367471888057724	0
83	T	Y	M	NA	NA	NA	NA	0.6939	1.1133689927031374	0
84	L	A	M	NA	NA	NA	NA	0.9153	1.2401997810238505	0
84	L	C	M	NA	NA	NA	NA	0.9817	-0.26722106386042455	0
84	L	D	M	NA	NA	NA	NA	0.9976	1.4183394573753212	0
84	L	E	M	NA	NA	NA	NA	0.9896	-1.2667981114933755	0
84	L	F	M	NA	NA	NA	NA	0.8803	2.002713958009611	0
84	L	G	M	NA	NA	NA	NA	0.9823	0.48806696190406745	0
84	L	H	M	NA	NA	NA	NA	0.9862	-0.4887074846135766	0
84	L	I	M	NA	NA	0.418	19.18	0.4436	0.4213180339852241	0
84	L	K	M	NA	NA	NA	NA	0.9785	0.12259650770582353	0
84	L	M	M	NA	NA	NA	NA	0.5328	-1.5233882495631201	0
84	L	N	M	NA	NA	NA	NA	0.9851	1.6839543274650948	0
84	L	P	M	NA	NA	0.791	24.3	0.9803	-1.805628063408518	0
84	L	Q	M	NA	NA	0.813	26.3	0.9726	-0.9233729145189551	0
84	L	R	M	NA	NA	0.817	26.1	0.9641	-1.951945442565644	0
84	L	S	M	NA	NA	NA	NA	0.9843	0.41326722539945376	0
84	L	T	M	NA	NA	NA	NA	0.9303	0.6443032593513038	0
84	L	V	M	NA	NA	0.547	18.89	0.5034	-0.5115846322208194	0
84	L	W	M	NA	NA	NA	NA	0.9712	-0.09651627453732867	0
84	L	Y	M	NA	NA	NA	NA	0.978	1.2500447263941767	0
85	A	C	M	NA	NA	NA	NA	0.963	1.6490137475152622	0
85	A	D	M	NA	NA	0.721	24.3	0.9986	-1.0403119974905604	0
85	A	E	M	NA	NA	NA	NA	0.9975	0.3633455179244627	0
85	A	F	M	NA	NA	NA	NA	0.9846	1.3061682011493834	0
85	A	G	M	NA	NA	0.596	24.1	0.8967	0.15488623353928366	0
85	A	H	M	NA	NA	NA	NA	0.9886	0.15867830250604775	0
85	A	I	M	NA	NA	NA	NA	0.9978	0.9780811765930894	0
85	A	K	M	NA	NA	NA	NA	0.9991	0.3162431820413468	0
85	A	L	M	NA	NA	NA	NA	0.9639	0.2372108033674608	0
85	A	M	M	NA	NA	NA	NA	0.9886	-1.0886315481094497	0
85	A	N	M	NA	NA	NA	NA	0.9828	0.2442366243379684	0
85	A	P	M	NA	NA	0.53	23.4	0.9876	1.435295995553692	0
85	A	Q	M	NA	NA	NA	NA	0.982	0.21229053295518335	0
85	A	R	M	NA	NA	NA	NA	0.993	-0.4027391605870186	0
85	A	S	M	NA	NA	0.497	22.2	0.6102	-0.6784892050009966	0
85	A	T	M	NA	NA	0.591	24.6	0.9742	-0.13267067870926927	0
85	A	V	M	NA	NA	0.685	24.4	0.9903	-0.38289855080231927	0
85	A	W	M	NA	NA	NA	NA	0.9982	0.003911612108689483	0
85	A	Y	M	NA	NA	NA	NA	0.9927	-0.6794126157067153	0
86	T	A	M	NA	NA	0.633	22.1	0.7658	-0.049093842124074145	0
86	T	C	M	NA	NA	NA	NA	0.9808	1.5857966976640618	0
86	T	D	M	NA	NA	NA	NA	0.9932	0.7530931054901768	0
86	T	E	M	NA	NA	NA	NA	0.9937	0.09537577557881126	0
86	T	F	M	NA	NA	NA	NA	0.9884	1.8888385047832734	0
86	T	G	M	NA	NA	NA	NA	0.8556	-0.0017912211610099996	0
86	T	H	M	NA	NA	NA	NA	0.9799	-0.30034805164340306	0
86	T	I	M	NA	NA	0.775	24.2	0.9959	0.3688370999437509	0
86	T	K	M	NA	NA	NA	NA	0.9886	2.3649985696329225	0
86	T	L	M	NA	NA	NA	NA	0.954	0.2073389283629483	0
86	T	M	M	NA	NA	NA	NA	0.9574	-1.0014537725480532	0
86	T	N	M	Uncertain significance	not provided	0.556	25.2	0.9305	-1.0498126784471196	0
86	T	P	M	NA	NA	0.767	26.5	0.9048	0.4696304364248063	0
86	T	Q	M	NA	NA	NA	NA	0.9716	1.6527993388272542	0
86	T	R	M	NA	NA	NA	NA	0.9796	-0.7107154560089625	0
86	T	S	M	NA	NA	0.4975	20.65	0.7414	-1.2951856045172117	0
86	T	V	M	NA	NA	NA	NA	0.95	-0.22112442451158817	0
86	T	W	M	NA	NA	NA	NA	0.9971	0.2724329584285998	0
86	T	Y	M	NA	NA	NA	NA	0.9907	0.043998358266930084	0
87	S	A	M	NA	NA	NA	NA	0.4888	-0.24811445487450806	0
87	S	C	M	NA	NA	0.804	27.2	0.7018	1.1848171002592571	0
87	S	D	M	NA	NA	NA	NA	0.9931	1.7912612983903369	0
87	S	E	M	NA	NA	NA	NA	0.9962	0.16616448669627673	0
87	S	F	M	NA	NA	NA	NA	0.9848	1.9105144117457016	0
87	S	G	M	NA	NA	0.627	22.6	0.5633	-0.5072674453971524	0
87	S	H	M	NA	NA	NA	NA	0.9662	1.0220593342320567	0
87	S	I	M	NA	NA	0.687	29.1	0.9679	0.016230267285778532	0
87	S	K	M	NA	NA	NA	NA	0.9994	0.02321173948716934	0
87	S	L	M	NA	NA	NA	NA	0.9277	-0.3911077952949661	0
87	S	M	M	NA	NA	NA	NA	0.8917	-2.3052601217451443	0
87	S	N	M	Uncertain significance	not provided|Hereditary cancer-predisposing syndrome	0.465	21.2	0.6024	-0.06752386559451808	0
87	S	P	M	NA	NA	NA	NA	0.9969	1.394704656970215	0
87	S	Q	M	NA	NA	NA	NA	0.9757	1.5430420295293725	0
87	S	R	M	NA	NA	0.662	20.403333333333332	0.9987	-1.4880001609154798	0
87	S	T	M	NA	NA	0.558	24.7	0.5591	-1.9721241850453408	0
87	S	V	M	NA	NA	NA	NA	0.9402	0.1572920796688016	0
87	S	W	M	NA	NA	NA	NA	0.988	0.4455394848020169	0
87	S	Y	M	NA	NA	NA	NA	0.9658	1.5175699195184655	0
88	V	A	M	NA	NA	0.743	24.2	0.9936	-0.866355416515777	0
88	V	C	M	NA	NA	NA	NA	0.9887	1.709626972674079	0
88	V	D	M	NA	NA	NA	NA	0.9996	1.365288306979549	0
88	V	E	M	NA	NA	0.954	27.2	0.9989	0.4966838048663938	0
88	V	F	M	NA	NA	NA	NA	0.9764	2.021457573305229	0
88	V	G	M	NA	NA	0.922	26.9	0.9918	-2.457375589154964	0
88	V	H	M	NA	NA	NA	NA	0.9994	0.4814345713772998	0
88	V	I	M	NA	NA	NA	NA	0.2844	-0.9870452804574332	0
88	V	K	M	NA	NA	NA	NA	0.9989	0.606890163098651	0
88	V	L	M	Uncertain significance	not provided	0.699	23.35	0.9708	-1.0052159349484664	0
88	V	M	M	NA	NA	0.642	28.3	0.9789	-0.9133256471519611	0
88	V	N	M	NA	NA	NA	NA	0.9979	1.2419430735724628	0
88	V	P	M	NA	NA	NA	NA	0.9982	0.8578059973381816	0
88	V	Q	M	NA	NA	NA	NA	0.9982	0.15374009403010885	0
88	V	R	M	NA	NA	NA	NA	0.9971	1.401932803530308	0
88	V	S	M	NA	NA	NA	NA	0.9942	1.1747655752623114	0
88	V	T	M	NA	NA	NA	NA	0.98	0.7389711571760502	0
88	V	W	M	NA	NA	NA	NA	0.9995	0.8339253063995242	0
88	V	Y	M	NA	NA	NA	NA	0.9971	0.3920631660709546	0
89	T	A	M	NA	NA	0.552	23.7	0.9449	-0.5828350898621543	0
89	T	C	M	NA	NA	NA	NA	0.9814	0.7769548365154578	0
89	T	D	M	NA	NA	NA	NA	0.9976	-0.19900712455478778	0
89	T	E	M	NA	NA	NA	NA	0.9974	-1.0463306929212466	0
89	T	F	M	NA	NA	NA	NA	0.9723	-0.5286686705550586	0
89	T	G	M	NA	NA	NA	NA	0.9717	-0.1610087241076102	0
89	T	H	M	NA	NA	NA	NA	0.9798	-0.2700203588042956	0
89	T	I	M	NA	NA	0.621	22.7	0.9933	0.5761743534428052	0
89	T	K	M	NA	NA	NA	NA	0.9967	-0.6340680820638036	0
89	T	L	M	NA	NA	NA	NA	0.9666	-0.15951653922915052	0
89	T	M	M	NA	NA	NA	NA	0.9119	-0.6691498756735548	0
89	T	N	M	NA	NA	0.406	23.7	0.9605	-1.6164055232948578	0
89	T	P	M	NA	NA	0.634	24.5	0.9814	0.5980290794465349	0
89	T	Q	M	NA	NA	NA	NA	0.9842	-0.1251197933399287	0
89	T	R	M	NA	NA	NA	NA	0.9946	0.40417340354718323	0
89	T	S	M	NA	NA	0.481	20.65	0.7995	-1.252789568413937	0
89	T	V	M	NA	NA	NA	NA	0.9658	-0.23784650639982263	0
89	T	W	M	NA	NA	NA	NA	0.9933	-0.7003477118938825	0
89	T	Y	M	NA	NA	NA	NA	0.9776	1.2783102506160042	0
90	L	A	M	NA	NA	NA	NA	0.9965	0.5146603847946202	0
90	L	C	M	NA	NA	NA	NA	0.9947	0.8228646694020991	0
90	L	D	M	NA	NA	NA	NA	1	0.2052458647924732	0
90	L	E	M	NA	NA	NA	NA	0.9998	1.0636486189549192	0
90	L	F	M	NA	NA	NA	NA	0.9808	0.44840120701072733	0
90	L	G	M	NA	NA	NA	NA	0.9995	0.32218059881854216	0
90	L	H	M	NA	NA	NA	NA	0.9997	0.9530654066818436	0
90	L	I	M	NA	NA	NA	NA	0.6321	1.2001065191995801	0
90	L	K	M	NA	NA	NA	NA	0.9995	1.115296351994414	0
90	L	M	M	NA	NA	0.623	23.5	0.8409	-0.58270545869587	0
90	L	N	M	NA	NA	NA	NA	0.9998	0.14646374846176918	0
90	L	P	M	NA	NA	0.899	27.5	0.9999	0.18696064376560345	0
90	L	Q	M	NA	NA	0.83	27.1	0.9996	0.050992236924831874	0
90	L	R	M	NA	NA	0.833	27.2	0.999	0.5255958522242059	0
90	L	S	M	NA	NA	NA	NA	0.9998	1.6092496056694887	0
90	L	T	M	NA	NA	NA	NA	0.9985	0.6931359468355325	0
90	L	V	M	NA	NA	0.606	23	0.768	0.22895946137066853	0
90	L	W	M	NA	NA	NA	NA	0.9989	0.4187710731492647	0
90	L	Y	M	NA	NA	NA	NA	0.9982	0.2834670758541381	0
91	L	A	M	NA	NA	NA	NA	0.9934	0.8427560941599359	0
91	L	C	M	NA	NA	NA	NA	0.9779	0.43320796522834587	0
91	L	D	M	NA	NA	NA	NA	1	-0.29699690438499765	0
91	L	E	M	NA	NA	NA	NA	0.9997	1.0889748130999712	0
91	L	F	M	NA	NA	0.649	20.65	0.9972	-0.6193020462551194	0
91	L	G	M	NA	NA	NA	NA	0.9991	0.5319567563408291	0
91	L	H	M	NA	NA	NA	NA	0.9997	0.6775488077082378	0
91	L	I	M	NA	NA	0.499	18.39	0.6441	0.1611144307292086	0
91	L	K	M	NA	NA	NA	NA	0.9995	1.8692865068917581	0
91	L	M	M	NA	NA	NA	NA	0.8568	0.9620031423659391	0
91	L	N	M	NA	NA	NA	NA	0.9997	0.7712200479397342	0
91	L	P	M	NA	NA	NA	NA	0.9999	1.1861918209270605	0
91	L	Q	M	NA	NA	NA	NA	0.9992	1.493256878155608	0
91	L	R	M	NA	NA	NA	NA	0.9987	1.0499460784682761	0
91	L	S	M	NA	NA	0.83	26.3	0.9996	0.21245821542867002	0
91	L	T	M	NA	NA	NA	NA	0.9964	0.7000836446626145	0
91	L	V	M	NA	NA	0.593	10.48	0.6116	-0.2894060127373018	0
91	L	W	M	NA	NA	NA	NA	0.9997	0.9131050578864646	0
91	L	Y	M	NA	NA	NA	NA	0.9996	0.7782837780919941	0
92	K	A	M	NA	NA	NA	NA	0.982	0.4147803724513841	0
92	K	C	M	NA	NA	NA	NA	0.9504	-0.7852301687760057	0
92	K	D	M	NA	NA	NA	NA	0.9969	-0.06255143682607933	0
92	K	E	M	NA	NA	0.722	26.8	0.9703	-0.6831179435979279	0
92	K	F	M	NA	NA	NA	NA	0.9963	-2.2394020945854654	0
92	K	G	M	NA	NA	NA	NA	0.9921	-0.5295590938507091	0
92	K	H	M	NA	NA	NA	NA	0.8461	-1.660060420454902	0
92	K	I	M	NA	NA	0.827	28.8	0.9859	-1.2133628655654043	0
92	K	L	M	NA	NA	NA	NA	0.8537	-1.6082032723319828	0
92	K	M	M	NA	NA	NA	NA	0.9386	-0.9636936984923574	0
92	K	N	M	NA	NA	0.596	23.7	0.9899	-1.2645371400784697	0
92	K	P	M	NA	NA	NA	NA	0.9931	-0.8935574316491011	0
92	K	Q	M	NA	NA	0.612	26.6	0.7431	-1.3636530934721272	0
92	K	R	M	NA	NA	0.496	22	0.086	-1.925302027835913	0
92	K	S	M	NA	NA	NA	NA	0.9939	-0.60651922727168	0
92	K	T	M	NA	NA	0.769	26.7	0.9859	-0.9112217301845582	0
92	K	V	M	NA	NA	NA	NA	0.9737	-0.5912361730812181	0
92	K	W	M	NA	NA	NA	NA	0.9909	-0.7720696092115553	0
92	K	Y	M	NA	NA	NA	NA	0.9829	-0.7771036192549587	0
93	A	C	M	NA	NA	NA	NA	0.712	-1.0114041284910982	0
93	A	D	M	NA	NA	0.868	27.7	0.989	-0.4934842107432363	0
93	A	E	M	NA	NA	NA	NA	0.96	-0.2746824739507042	0
93	A	F	M	NA	NA	NA	NA	0.9069	-1.5825653206555246	0
93	A	G	M	NA	NA	0.783	27.6	0.4951	-0.62397361106916	0
93	A	H	M	NA	NA	NA	NA	0.9296	-0.5309464687810355	0
93	A	I	M	NA	NA	NA	NA	0.9623	-0.7616933296229104	0
93	A	K	M	NA	NA	NA	NA	0.9925	0.5678369578981889	0
93	A	L	M	NA	NA	NA	NA	0.9131	-0.3361069833331953	0
93	A	M	M	NA	NA	NA	NA	0.8962	0.35347575193415853	0
93	A	N	M	NA	NA	NA	NA	0.9584	-0.10464947009245239	0
93	A	P	M	NA	NA	0.827	29.7	0.9982	-1.2808531221584991	0
93	A	Q	M	NA	NA	NA	NA	0.8942	-0.3662679309620588	0
93	A	R	M	NA	NA	NA	NA	0.9775	-1.0281198784798482	0
93	A	S	M	Uncertain significance	Hereditary cancer-predisposing syndrome	0.663	25	0.257	-1.083276341934753	0
93	A	T	M	Uncertain significance	not provided	0.659	29.1	0.8343	-0.11420526691404105	0
93	A	V	M	Uncertain significance	not provided	0.795	25.3	0.8127	-0.632111778246568	0
93	A	W	M	NA	NA	NA	NA	0.9813	0.04524932962317357	0
93	A	Y	M	NA	NA	NA	NA	0.8878	0.26937571795654075	0
94	S	A	M	NA	NA	0.5	22.8	0.068	-1.1700965270458508	0
94	S	C	M	NA	NA	NA	NA	0.0728	-1.283731606619264	0
94	S	D	M	NA	NA	NA	NA	0.4761	1.8389430503161932	0
94	S	E	M	NA	NA	NA	NA	0.5311	0.9683680219647632	0
94	S	F	M	NA	NA	NA	NA	0.3104	-0.4935078073983889	0
94	S	G	M	NA	NA	NA	NA	0.0868	0.34807389044826814	0
94	S	H	M	NA	NA	NA	NA	0.3787	-0.5913779127531972	0
94	S	I	M	NA	NA	NA	NA	0.1791	-0.6524058778396427	0
94	S	K	M	NA	NA	NA	NA	0.6669	-2.2983876287078417	0
94	S	L	M	Uncertain significance	Hereditary cancer-predisposing syndrome|not provided	0.627	26.2	0.1219	0.34534476981662005	0
94	S	M	M	NA	NA	NA	NA	0.1782	-1.564512855512013	0
94	S	N	M	NA	NA	NA	NA	0.1317	1.1793129099380293	0
94	S	P	M	NA	NA	0.625	27.5	0.4687	-0.48637147143709364	0
94	S	Q	M	NA	NA	NA	NA	0.4334	0.118178620281914	0
94	S	R	M	NA	NA	NA	NA	0.6426	1.396274969293542	0
94	S	T	M	NA	NA	0.481	22.5	0.0702	0.8509824884267074	0
94	S	V	M	NA	NA	NA	NA	0.14	0.2711785908882175	0
94	S	W	M	NA	NA	0.688	31	0.5433	0.10297049568385885	0
94	S	Y	M	NA	NA	NA	NA	0.3457	1.522247888320067	0
95	E	A	M	NA	NA	0.861	28	0.9816	-4.216279764052283	0
95	E	C	M	NA	NA	NA	NA	0.9977	-0.05353611623809773	0
95	E	D	M	NA	NA	0.709	22.95	0.9848	-0.34521899899247827	0
95	E	F	M	NA	NA	NA	NA	0.9999	0.6458096107411693	0
95	E	G	M	Uncertain significance	not provided	0.876	29.5	0.996	-0.17764550962621672	0
95	E	H	M	NA	NA	NA	NA	0.9991	-0.5229168077843237	0
95	E	I	M	NA	NA	NA	NA	0.999	-1.2700491358830868	0
95	E	K	M	Uncertain significance	not provided	0.805	32	0.998	-0.25452654003723035	0
95	E	L	M	NA	NA	NA	NA	0.9993	0.3368762880731863	0
95	E	M	M	NA	NA	NA	NA	0.9989	-1.3340295452732638	0
95	E	N	M	NA	NA	NA	NA	0.9983	1.686504136665126	0
95	E	P	M	NA	NA	NA	NA	0.9997	-0.8992122512353122	0
95	E	Q	M	NA	NA	0.612	29.1	0.9646	2.5536648420167607	0
95	E	R	M	NA	NA	NA	NA	0.9975	-0.7216414231642264	0
95	E	S	M	NA	NA	NA	NA	0.9953	-2.0248589806060306	0
95	E	T	M	NA	NA	NA	NA	0.9979	0.400382198981015	0
95	E	V	M	NA	NA	0.872	29.8	0.9961	0.1603527020330064	0
95	E	W	M	NA	NA	NA	NA	1	0.7769944865331457	0
95	E	Y	M	NA	NA	NA	NA	0.9997	2.086015220405073	0
96	V	A	M	NA	NA	0.636	24.4	0.925	-2.223509455359372	0
96	V	C	M	NA	NA	NA	NA	0.9312	-0.3227583219068822	0
96	V	D	M	NA	NA	NA	NA	0.9988	1.0422915650511348	0
96	V	E	M	NA	NA	0.752	26.8	0.9981	2.7690744134337804	0
96	V	F	M	NA	NA	NA	NA	0.9913	-3.438882776068423	0
96	V	G	M	NA	NA	0.822	27.8	0.9426	-2.0964170049624773	0
96	V	H	M	NA	NA	NA	NA	0.9996	-0.019964169041691848	0
96	V	I	M	NA	NA	NA	NA	0.3843	-12.252639099988233	0
96	V	K	M	NA	NA	NA	NA	0.9991	2.5256349613931715	0
96	V	L	M	NA	NA	0.566	24.75	0.9878	-0.3795732833402854	0
96	V	M	M	Uncertain significance	not provided	0.591	28.5	0.9827	-0.13442429561384694	0
96	V	N	M	NA	NA	NA	NA	0.9975	2.9933034425012672	0
96	V	P	M	NA	NA	NA	NA	0.9993	-1.806483309869151	0
96	V	Q	M	NA	NA	NA	NA	0.9985	8.494544917426703	0
96	V	R	M	NA	NA	NA	NA	0.997	-0.3148745550126615	0
96	V	S	M	NA	NA	NA	NA	0.9766	0.45817316362503024	0
96	V	T	M	NA	NA	NA	NA	0.8771	-1.5948675065424807	0
96	V	W	M	NA	NA	NA	NA	0.9997	-8.301227416208679	0
96	V	Y	M	NA	NA	NA	NA	0.9984	1.0661842368232162	0
97	E	A	M	NA	NA	0.749	25.1	0.4867	-0.29506444594019166	0
97	E	C	M	NA	NA	NA	NA	0.96	-2.156764942999329	0
97	E	D	M	NA	NA	0.449	14.79	0.229	-0.5098761995073373	0
97	E	F	M	NA	NA	NA	NA	0.9796	-5.298687413014234	0
97	E	G	M	NA	NA	0.817	29	0.526	-1.2128246678804262	0
97	E	H	M	NA	NA	NA	NA	0.9073	-3.5975011782940216	0
97	E	I	M	NA	NA	NA	NA	0.8688	-0.395306090160008	0
97	E	K	M	NA	NA	0.722	31	0.7472	0.9116331709825205	0
97	E	L	M	NA	NA	NA	NA	0.8231	0.6416938051724492	0
97	E	M	M	NA	NA	NA	NA	0.8315	1.5264571791493626	0
97	E	N	M	NA	NA	NA	NA	0.5225	-3.5334589946724053	0
97	E	P	M	NA	NA	NA	NA	0.9987	1.0171099038517262	0
97	E	Q	M	NA	NA	0.543	25.7	0.3605	-0.10039237625846625	0
97	E	R	M	NA	NA	NA	NA	0.8213	-1.1160566456748933	0
97	E	S	M	NA	NA	NA	NA	0.4899	-1.7974561867170082	0
97	E	T	M	NA	NA	NA	NA	0.5915	0.17850706223748702	0
97	E	V	M	NA	NA	0.848	29.4	0.7197	-1.3028473417774948	0
97	E	W	M	NA	NA	NA	NA	0.9921	0.2326110716794441	0
97	E	Y	M	NA	NA	NA	NA	0.9584	0.47010881786928127	0
98	E	A	M	NA	NA	0.755	27.7	0.7902	0.34871107376188126	0
98	E	C	M	NA	NA	NA	NA	0.9896	-4.45681461006906	0
98	E	D	M	NA	NA	0.446	21.200000000000003	0.2184	-0.7514622681602414	0
98	E	F	M	NA	NA	NA	NA	0.9977	-3.192181026361185	0
98	E	G	M	NA	NA	0.806	29.6	0.8957	-1.287078055086024	0
98	E	H	M	NA	NA	NA	NA	0.9823	-2.370351520007984	0
98	E	I	M	NA	NA	NA	NA	0.9901	-1.449793288466192	0
98	E	K	M	NA	NA	0.703	32	0.9757	-0.5295125061816701	0
98	E	L	M	NA	NA	NA	NA	0.9809	-1.1879555262566108	0
98	E	M	M	NA	NA	NA	NA	0.9794	-2.2302401975315975	0
98	E	N	M	NA	NA	NA	NA	0.8711	-0.27155814555721347	0
98	E	P	M	NA	NA	NA	NA	0.9994	-2.168570437215134	0
98	E	Q	M	NA	NA	0.562	29.3	0.8201	0.6112875426717119	0
98	E	R	M	NA	NA	NA	NA	0.9796	-3.594544169721198	0
98	E	S	M	NA	NA	NA	NA	0.8903	1.919427380490473	0
98	E	T	M	NA	NA	NA	NA	0.9611	0.417654255535863	0
98	E	V	M	NA	NA	0.855	28.3	0.9644	-0.47827183718092964	0
98	E	W	M	NA	NA	NA	NA	0.9992	-3.431819987778881	0
98	E	Y	M	NA	NA	NA	NA	0.9935	1.6658967065331196	0
99	I	A	M	NA	NA	NA	NA	0.9967	-1.280320385350334	0
99	I	C	M	NA	NA	NA	NA	0.9963	0.04532613467761121	0
99	I	D	M	NA	NA	NA	NA	0.9999	0.9191199997959847	0
99	I	E	M	NA	NA	NA	NA	0.9996	-1.9117751149753017	0
99	I	F	M	NA	NA	0.674	26.8	0.9886	-0.7216566635607566	0
99	I	G	M	NA	NA	NA	NA	0.9995	-0.8406543291947067	0
99	I	H	M	NA	NA	NA	NA	0.9998	0.027996440411209633	0
99	I	K	M	NA	NA	NA	NA	0.9994	-1.1024334752789344	0
99	I	L	M	NA	NA	0.451	22.4	0.526	-1.4784789894703358	0
99	I	M	M	NA	NA	0.566	19.66	0.8953	-0.6941130127352227	0
99	I	N	M	NA	NA	0.814	27.6	0.9987	0.46978737813570154	0
99	I	P	M	NA	NA	NA	NA	0.9997	0.7936268844051452	0
99	I	Q	M	NA	NA	NA	NA	0.9997	-0.7483590422782281	0
99	I	R	M	NA	NA	NA	NA	0.9991	-1.0949097429285206	0
99	I	S	M	NA	NA	0.846	27.9	0.9989	0.18025314634895714	0
99	I	T	M	NA	NA	0.792	26.2	0.9979	-0.6630114450440991	0
99	I	V	M	NA	NA	0.43	22	0.265	-0.6681625320557185	0
99	I	W	M	NA	NA	NA	NA	0.9996	-1.9043806072556735	0
99	I	Y	M	NA	NA	NA	NA	0.9982	-0.2702405393662623	0
100	L	A	M	NA	NA	NA	NA	0.9005	-1.6023565134927316	0
100	L	C	M	NA	NA	NA	NA	0.83	-0.4256809605184928	0
100	L	D	M	NA	NA	NA	NA	0.9961	-0.24210609155761362	0
100	L	E	M	NA	NA	NA	NA	0.9666	0.4388904278007497	0
100	L	F	M	NA	NA	NA	NA	0.1885	-0.748399468738918	0
100	L	G	M	NA	NA	NA	NA	0.9829	-1.0601776104468694	0
100	L	H	M	NA	NA	NA	NA	0.9009	0.8372791239363884	0
100	L	I	M	NA	NA	NA	NA	0.1605	0.5775689445463599	0
100	L	K	M	NA	NA	NA	NA	0.9516	0.9388573581587882	0
100	L	M	M	NA	NA	0.296	22.5	0.175	-0.5952737659617907	0
100	L	N	M	NA	NA	NA	NA	0.9729	-0.2766286601294261	0
100	L	P	M	NA	NA	0.835	27.5	0.9976	-1.1868433468955322	0
100	L	Q	M	NA	NA	0.697	27	0.8694	0.5626384338741542	0
100	L	R	M	NA	NA	0.703	27.4	0.9143	-0.3285386334127694	0
100	L	S	M	NA	NA	NA	NA	0.9667	0.999902695793717	0
100	L	T	M	NA	NA	NA	NA	0.8396	-0.7320107095039071	0
100	L	V	M	NA	NA	0.369	21.9	0.2759	0.4248240164421453	0
100	L	W	M	NA	NA	NA	NA	0.6476	-0.06745105152652593	0
100	L	Y	M	NA	NA	NA	NA	0.7684	-0.5438939696452484	0
101	D	A	M	NA	NA	0.45	21.8	0.1199	-1.0812127803533058	0
101	D	C	M	NA	NA	NA	NA	0.4791	-1.5293448752241372	0
101	D	E	M	NA	NA	0.303	0.002	0.0694	-1.2014102930649293	0
101	D	F	M	NA	NA	NA	NA	0.6418	-3.233034074077106	0
101	D	G	M	Uncertain significance	not provided	0.558	23.4	0.2047	-2.887341067834937	0
101	D	H	M	Uncertain significance	not provided	0.576	25.6	0.3772	-0.14424966171089254	0
101	D	I	M	NA	NA	NA	NA	0.5034	-2.566408347488988	0
101	D	K	M	NA	NA	NA	NA	0.5267	-2.255146462400873	0
101	D	L	M	NA	NA	NA	NA	0.3266	-2.1719713705301587	0
101	D	M	M	NA	NA	NA	NA	0.5149	-1.6823397087156153	0
101	D	N	M	Uncertain significance	Hereditary cancer-predisposing syndrome|not provided	0.406	23.6	0.1184	-1.1899541028054137	0
101	D	P	M	NA	NA	NA	NA	0.9751	-1.5527896773964713	0
101	D	Q	M	NA	NA	NA	NA	0.2649	-0.2293921337276116	0
101	D	R	M	NA	NA	NA	NA	0.5333	2.7941466908162744	0
101	D	S	M	NA	NA	NA	NA	0.1185	-1.1354393605976298	0
101	D	T	M	NA	NA	NA	NA	0.2913	-0.44732319728316206	0
101	D	V	M	NA	NA	0.683	24.4	0.3079	-0.5480368076242371	0
101	D	W	M	NA	NA	NA	NA	0.8727	-0.8899689495022225	0
101	D	Y	M	Uncertain significance	not provided	0.651	26.3	0.3752	-0.8414076538645131	0
102	G	A	M	NA	NA	0.724	25.5	0.969	-0.9364043503130225	0
102	G	C	M	NA	NA	0.835	28.6	0.9785	-0.34707381320023495	0
102	G	D	M	NA	NA	0.789	25.9	0.9793	1.0453046297870476	0
102	G	E	M	NA	NA	NA	NA	0.9926	1.7951707492766886	0
102	G	F	M	NA	NA	NA	NA	0.9983	-0.2875549742840897	0
102	G	H	M	NA	NA	NA	NA	0.9941	-1.648723619724273	0
102	G	I	M	NA	NA	NA	NA	0.9985	-2.200399145072142	0
102	G	K	M	NA	NA	NA	NA	0.9953	-0.07320671611592183	0
102	G	L	M	NA	NA	NA	NA	0.9954	-3.7733018761543655	0
102	G	M	M	NA	NA	NA	NA	0.997	-2.2101609329178795	0
102	G	N	M	NA	NA	NA	NA	0.9627	-1.3640263536667692	0
102	G	P	M	NA	NA	NA	NA	0.9997	-3.97947750681077	0
102	G	Q	M	NA	NA	NA	NA	0.9877	-0.3163192770955445	0
102	G	R	M	NA	NA	0.816	27.6	0.9907	-0.39342785420074877	0
102	G	S	M	NA	NA	0.765	27.7	0.8944	-0.4263012735611768	0
102	G	T	M	NA	NA	NA	NA	0.9866	-1.5858778339018365	0
102	G	V	M	NA	NA	0.843	25.8	0.9969	-1.0491711056839736	0
102	G	W	M	NA	NA	NA	NA	0.9974	-5.122809641735167	0
102	G	Y	M	NA	NA	NA	NA	0.9968	-0.09226639290593133	0
103	N	A	M	NA	NA	NA	NA	0.3107	-2.2049286813179414	0
103	N	C	M	NA	NA	NA	NA	0.1618	-0.09626706225703408	0
103	N	D	M	NA	NA	0.556	23.2	0.3431	0.40780251910068455	0
103	N	E	M	NA	NA	NA	NA	0.5247	-0.4383019668382294	0
103	N	F	M	NA	NA	NA	NA	0.5598	0.08600539717432776	0
103	N	G	M	NA	NA	NA	NA	0.3827	-0.5658795651787283	0
103	N	H	M	Uncertain significance	not provided	0.575	21.3	0.1016	-2.4171082520255327	0
103	N	I	M	NA	NA	0.756	23.8	0.4262	-0.6555168771538856	0
103	N	K	M	NA	NA	0.426	0.016	0.3678	-1.8388479564469882	0
103	N	L	M	NA	NA	NA	NA	0.3557	-0.6984132048507384	0
103	N	M	M	NA	NA	NA	NA	0.4105	-1.519964643862488	0
103	N	P	M	NA	NA	NA	NA	0.9888	-0.4691487310805056	0
103	N	Q	M	NA	NA	NA	NA	0.2719	-2.085161343146136	0
103	N	R	M	NA	NA	NA	NA	0.3231	-1.5821437968071281	0
103	N	S	M	Uncertain significance	not provided	0.444	21	0.1157	-0.9150039533222725	0
103	N	T	M	NA	NA	0.652	23.3	0.2956	-1.7419942121750545	0
103	N	V	M	NA	NA	NA	NA	0.3495	-1.4075507949156982	0
103	N	W	M	NA	NA	NA	NA	0.819	0.7898476767705986	0
103	N	Y	M	NA	NA	0.756	23.5	0.2085	-1.8435362539185096	0
104	D	A	M	Uncertain significance	not provided	0.858	24.8	0.945	0.5746378591250223	0
104	D	C	M	NA	NA	NA	NA	0.9918	-4.145916410574122	0
104	D	E	M	NA	NA	0.604	13.48	0.7186	-0.6958313804832903	0
104	D	F	M	NA	NA	NA	NA	0.9949	-3.030417538235932	0
104	D	G	M	NA	NA	0.792	23.6	0.9267	-0.9959401645279411	0
104	D	H	M	NA	NA	0.809	28.6	0.9868	0.6634718103341477	0
104	D	I	M	NA	NA	NA	NA	0.9943	-2.4562778331952444	0
104	D	K	M	NA	NA	NA	NA	0.9945	-3.7785253102848504	0
104	D	L	M	NA	NA	NA	NA	0.9867	0.035010902007537426	0
104	D	M	M	NA	NA	NA	NA	0.9971	-8.491767122895851	0
104	D	N	M	Uncertain significance	Hereditary cancer-predisposing syndrome	0.611	29.4	0.9224	-4.7352873882089686	0
104	D	P	M	NA	NA	NA	NA	0.9963	-0.34192953227185097	0
104	D	Q	M	NA	NA	NA	NA	0.9876	-1.3820459690449312	0
104	D	R	M	NA	NA	NA	NA	0.9934	-1.1533807358412433	0
104	D	S	M	NA	NA	NA	NA	0.9278	-5.077035365018412	0
104	D	T	M	NA	NA	NA	NA	0.9813	2.5401796432774337	0
104	D	V	M	NA	NA	0.901	27	0.9851	1.5642902741726408	0
104	D	W	M	NA	NA	NA	NA	0.9988	0.6013338557902208	0
104	D	Y	M	NA	NA	0.829	29	0.9786	-5.815101195307783	0
105	E	A	M	NA	NA	0.718	24.6	0.842	-3.2320101506674552	0
105	E	C	M	NA	NA	NA	NA	0.9882	0.962318512253988	0
105	E	D	M	NA	NA	0.311	20.55	0.158	-0.4046502995987745	0
105	E	F	M	NA	NA	NA	NA	0.9939	0.4418021568419983	0
105	E	G	M	Uncertain significance	Hereditary cancer-predisposing syndrome|not provided	0.742	23.8	0.7811	0.278583825434033	0
105	E	H	M	NA	NA	NA	NA	0.9738	3.7457563853570885	0
105	E	I	M	NA	NA	NA	NA	0.9571	1.603397602991747	0
105	E	K	M	NA	NA	0.643	24.6	0.9302	1.1584447747616764	0
105	E	L	M	NA	NA	NA	NA	0.9661	-4.016363378106027	0
105	E	M	M	NA	NA	NA	NA	0.9758	-1.2938038223421344	0
105	E	N	M	NA	NA	NA	NA	0.8308	1.1708804208814079	0
105	E	P	M	NA	NA	NA	NA	0.9857	-7.221550779186382	0
105	E	Q	M	NA	NA	0.649	28.2	0.83	0.5469702551471008	0
105	E	R	M	NA	NA	NA	NA	0.9465	1.3817594813661556	0
105	E	S	M	NA	NA	NA	NA	0.8312	0.493082468836083	0
105	E	T	M	NA	NA	NA	NA	0.9172	1.0113788988923917	0
105	E	V	M	NA	NA	0.822	27.4	0.9085	-2.4850938935663613	0
105	E	W	M	NA	NA	NA	NA	0.9972	-4.782330491148655	0
105	E	Y	M	NA	NA	NA	NA	0.9863	2.552161156718788	0
106	K	A	M	NA	NA	NA	NA	0.9402	-1.8030687951153213	0
106	K	C	M	NA	NA	NA	NA	0.9646	-8.143013745603165	0
106	K	D	M	NA	NA	NA	NA	0.9798	-3.373295550578538	0
106	K	E	M	NA	NA	0.825	27.2	0.9393	-0.2370289202764571	0
106	K	F	M	NA	NA	NA	NA	0.9918	-2.1880454301602428	0
106	K	G	M	NA	NA	NA	NA	0.9661	-1.2144756866223025	0
106	K	H	M	NA	NA	NA	NA	0.8514	-6.570907111595806	0
106	K	I	M	NA	NA	NA	NA	0.9349	0.2696022821943692	0
106	K	L	M	NA	NA	NA	NA	0.9109	-2.7445992580268204	0
106	K	M	M	NA	NA	0.826	28.5	0.8535	-2.194312427012676	0
106	K	N	M	NA	NA	0.5994999999999999	23.25	0.9621	-3.8720384097605405	0
106	K	P	M	NA	NA	NA	NA	0.9737	-6.378703271587835	0
106	K	Q	M	NA	NA	0.754	27.2	0.6427	-2.878095417813898	0
106	K	R	M	NA	NA	0.54	24.3	0.1615	-2.285669345447954	0
106	K	S	M	NA	NA	NA	NA	0.9781	-2.709319654410924	0
106	K	T	M	NA	NA	0.818	27.3	0.8887	-6.327182666685204	0
106	K	V	M	NA	NA	NA	NA	0.8988	-3.6056624358552423	0
106	K	W	M	NA	NA	NA	NA	0.9883	-5.11380258176473	0
106	K	Y	M	NA	NA	NA	NA	0.9655	-5.204497247372457	0
107	Y	A	M	NA	NA	NA	NA	0.9994	-2.176302131219204	0
107	Y	C	M	NA	NA	0.906	28.5	0.9934	1.2372427838148239	0
107	Y	D	M	NA	NA	0.928	28	0.9994	3.2237937903942404	0
107	Y	E	M	NA	NA	NA	NA	0.9998	-0.22941118387775838	0
107	Y	F	M	NA	NA	0.694	24.2	0.3152	1.5622894635572298	0
107	Y	G	M	NA	NA	NA	NA	0.996	0.5258301326181813	0
107	Y	H	M	NA	NA	0.826	28	0.9967	2.6063224508244245	0
107	Y	I	M	NA	NA	NA	NA	0.9973	-5.02698771203676	0
107	Y	K	M	NA	NA	NA	NA	0.9997	4.312147756452935	0
107	Y	L	M	NA	NA	NA	NA	0.9845	-0.8333447103993243	0
107	Y	M	M	NA	NA	NA	NA	0.998	0.061968251161038934	0
107	Y	N	M	NA	NA	0.925	27.9	0.9966	1.6584377799513816	0
107	Y	P	M	NA	NA	NA	NA	0.9997	-2.424090965327994	0
107	Y	Q	M	NA	NA	NA	NA	0.9998	-0.4414778866180755	0
107	Y	R	M	NA	NA	NA	NA	0.999	1.5641222620188833	0
107	Y	S	M	NA	NA	0.931	27.5	0.9989	-0.5104863757176913	0
107	Y	T	M	NA	NA	NA	NA	0.9996	-1.153523415557913	0
107	Y	V	M	NA	NA	NA	NA	0.9945	1.4394080953297848	0
107	Y	W	M	NA	NA	NA	NA	0.9289	-1.405734820151364	0
108	K	A	M	NA	NA	NA	NA	0.9876	-3.5897746088055635	0
108	K	C	M	NA	NA	NA	NA	0.9852	1.6916950861306501	0
108	K	D	M	NA	NA	NA	NA	0.9988	-2.2170392386215916	0
108	K	E	M	NA	NA	0.709	25	0.9918	0.3000252614258107	0
108	K	F	M	NA	NA	NA	NA	0.9984	-1.9023726117749096	0
108	K	G	M	NA	NA	NA	NA	0.9931	-2.263547468869869	0
108	K	H	M	NA	NA	NA	NA	0.9401	-0.42376127350641263	0
108	K	I	M	NA	NA	NA	NA	0.9911	1.2479715242145537	0
108	K	L	M	NA	NA	NA	NA	0.9788	-0.8978966727183372	0
108	K	M	M	NA	NA	0.775	28.1	0.9797	-1.580557037056738	0
108	K	N	M	NA	NA	0.592	25.700000000000003	0.9975	-0.8194477492624946	0
108	K	P	M	NA	NA	NA	NA	0.9982	0.5055524277263523	0
108	K	Q	M	NA	NA	0.642	26.4	0.8786	-2.4919855944931095	0
108	K	R	M	Uncertain significance	not provided	0.433	22.4	0.1141	-0.8327997879067953	0
108	K	S	M	NA	NA	NA	NA	0.996	-0.36021560114301576	0
108	K	T	M	NA	NA	0.794	26.6	0.9839	-1.5859783582103961	0
108	K	V	M	NA	NA	NA	NA	0.9803	-0.7882469257204711	0
108	K	W	M	NA	NA	NA	NA	0.9967	1.5226935349987383	0
108	K	Y	M	NA	NA	NA	NA	0.994	3.918176790589475	0
109	A	C	M	NA	NA	NA	NA	0.9575	-0.8400109871147855	0
109	A	D	M	NA	NA	0.675	27.5	0.9954	1.7428380462729955	0
109	A	E	M	NA	NA	NA	NA	0.9897	-1.2070476256711409	0
109	A	F	M	NA	NA	NA	NA	0.9684	-1.2688246013479638	0
109	A	G	M	NA	NA	0.554	24.2	0.8448	-0.607418657992314	0
109	A	H	M	NA	NA	NA	NA	0.9861	-6.113112614611824	0
109	A	I	M	NA	NA	NA	NA	0.9703	-0.7060455757719893	0
109	A	K	M	NA	NA	NA	NA	0.9974	-0.9686218283997262	0
109	A	L	M	NA	NA	NA	NA	0.8745	-0.5150982250584799	0
109	A	M	M	NA	NA	NA	NA	0.8937	-3.427170880960797	0
109	A	N	M	NA	NA	NA	NA	0.9434	0.19799179192259195	0
109	A	P	M	NA	NA	0.697	29.5	0.9946	-1.2924212274478912	0
109	A	Q	M	NA	NA	NA	NA	0.9582	-1.8183797598843392	0
109	A	R	M	NA	NA	NA	NA	0.989	-2.0887892903660967	0
109	A	S	M	NA	NA	0.549	23.5	0.4913	0.2660012027991504	0
109	A	T	M	NA	NA	0.586	24.1	0.8426	0.24491201620988948	0
109	A	V	M	NA	NA	0.639	28.7	0.8823	0.5965071669687066	0
109	A	W	M	NA	NA	NA	NA	0.9974	-1.2213242109114382	0
109	A	Y	M	NA	NA	NA	NA	0.9832	0.8891110698957019	0
110	V	A	M	Uncertain significance	Rhabdoid tumor predisposition syndrome 1|Hereditary cancer-predisposing syndrome|not provided	0.496	22.6	0.7975	-0.6012321557418456	0
110	V	C	M	NA	NA	NA	NA	0.931	0.24596431777462735	0
110	V	D	M	NA	NA	NA	NA	0.9902	-0.46880307215204575	0
110	V	E	M	NA	NA	0.744	24.9	0.9799	1.2847956627696497	0
110	V	F	M	NA	NA	NA	NA	0.6537	-2.393281534843407	0
110	V	G	M	NA	NA	0.669	23.4	0.8736	0.6677016566699234	0
110	V	H	M	NA	NA	NA	NA	0.9867	3.7920949860817847	0
110	V	I	M	NA	NA	NA	NA	0.0884	-6.086745886282229	0
110	V	K	M	NA	NA	NA	NA	0.9854	-1.7689426577490786	0
110	V	L	M	NA	NA	0.455	23.05	0.5169	-0.5483500811957709	0
110	V	M	M	NA	NA	0.592	25.6	0.4798	0.07036505307988516	0
110	V	N	M	NA	NA	NA	NA	0.9312	-5.317941787186688	0
110	V	P	M	NA	NA	NA	NA	0.9755	-0.11523186624276704	0
110	V	Q	M	NA	NA	NA	NA	0.9534	-0.020686855167455054	0
110	V	R	M	NA	NA	NA	NA	0.9778	-0.042551350575293106	0
110	V	S	M	NA	NA	NA	NA	0.8581	-0.13895127414204356	0
110	V	T	M	NA	NA	NA	NA	0.8059	-3.31433119849074	0
110	V	W	M	NA	NA	NA	NA	0.9917	2.398278918512922	0
110	V	Y	M	NA	NA	NA	NA	0.9615	-1.497685811130622	0
111	S	A	M	NA	NA	0.586	22.7	0.1677	-1.5116811292744154	0
111	S	C	M	Uncertain significance	Hereditary cancer-predisposing syndrome|not provided	0.775	28.2	0.499	0.7661950028131249	0
111	S	D	M	NA	NA	NA	NA	0.9879	-0.24200030781454576	0
111	S	E	M	NA	NA	NA	NA	0.985	0.724540774802568	0
111	S	F	M	NA	NA	0.87	28.7	0.9299	0.14405151809462485	0
111	S	G	M	NA	NA	NA	NA	0.4965	-2.5654247492196136	0
111	S	H	M	NA	NA	NA	NA	0.9619	-0.25167240429896925	0
111	S	I	M	NA	NA	NA	NA	0.8683	0.012815569715211056	0
111	S	K	M	NA	NA	NA	NA	0.9977	0.16941123045283568	0
111	S	L	M	NA	NA	NA	NA	0.6524	1.580005514738068	0
111	S	M	M	NA	NA	NA	NA	0.7185	-0.6013693404224288	0
111	S	N	M	NA	NA	NA	NA	0.8392	0.37567027347078547	0
111	S	P	M	NA	NA	0.717	27.3	0.9168	0.03644445006393124	0
111	S	Q	M	NA	NA	NA	NA	0.9547	-0.690292201778101	0
111	S	R	M	NA	NA	NA	NA	0.9963	0.34883209230763723	0
111	S	T	M	NA	NA	0.503	22.2	0.3098	-0.025312683627513446	0
111	S	V	M	NA	NA	NA	NA	0.7466	-0.5525401996907977	0
111	S	W	M	NA	NA	NA	NA	0.9738	0.139880054116266	0
111	S	Y	M	NA	NA	0.825	27.9	0.9357	0.582512338376145	0
112	I	A	M	NA	NA	NA	NA	0.9287	-0.3660985254343468	0
112	I	C	M	NA	NA	NA	NA	0.9586	0.3577242394651531	0
112	I	D	M	NA	NA	NA	NA	0.9961	0.482654874639433	0
112	I	E	M	NA	NA	NA	NA	0.9927	1.0511381753262077	0
112	I	F	M	NA	NA	0.505	24.5	0.6153	-0.12236425192560973	0
112	I	G	M	NA	NA	NA	NA	0.9863	-0.029469879236339994	0
112	I	H	M	NA	NA	NA	NA	0.9879	0.4516596861904785	0
112	I	K	M	NA	NA	NA	NA	0.9918	0.34813128133086824	0
112	I	L	M	NA	NA	0.486	22.2	0.2102	0.14627980779392175	0
112	I	M	M	NA	NA	0.536	19.74	0.4169	1.201741025575562	0
112	I	N	M	NA	NA	0.679	24.9	0.9639	0.2866288475221645	0
112	I	P	M	NA	NA	NA	NA	0.9736	0.42171785087273644	0
112	I	Q	M	NA	NA	NA	NA	0.986	-0.08393659462372174	0
112	I	R	M	NA	NA	NA	NA	0.9853	-0.447135926167511	0
112	I	S	M	NA	NA	0.602	23.2	0.9522	-0.06694808599263313	0
112	I	T	M	NA	NA	0.596	22.7	0.9533	0.3105150112171983	0
112	I	V	M	Uncertain significance	Hereditary cancer-predisposing syndrome|not provided	0.477	20.4	0.1114	0.5108940085274086	0
112	I	W	M	NA	NA	NA	NA	0.9843	0.23045659765770343	0
112	I	Y	M	NA	NA	NA	NA	0.956	0.47929390166396335	0
113	S	A	M	NA	NA	NA	NA	0.1394	-0.11716842552931422	0
113	S	C	M	NA	NA	0.53	24.6	0.2352	-0.043196092593422164	0
113	S	D	M	NA	NA	NA	NA	0.9457	0.8112974892719005	0
113	S	E	M	NA	NA	NA	NA	0.96	2.2698404924059767	0
113	S	F	M	NA	NA	NA	NA	0.6926	0.015729957112807433	0
113	S	G	M	NA	NA	0.461	22.5	0.2211	-0.14000987846842297	0
113	S	H	M	NA	NA	NA	NA	0.6975	0.04069120223466497	0
113	S	I	M	NA	NA	0.596	25.4	0.6032	0.08676806225608785	0
113	S	K	M	NA	NA	NA	NA	0.9883	0.4153133838948676	0
113	S	L	M	NA	NA	NA	NA	0.3461	-1.9158904630540037	0
113	S	M	M	NA	NA	NA	NA	0.4322	-0.1700549366992214	0
113	S	N	M	NA	NA	0.402	23.1	0.3643	0.9778927091533471	0
113	S	P	M	NA	NA	NA	NA	0.7539	0.19344268776439244	0
113	S	Q	M	NA	NA	NA	NA	0.8343	-0.4430288734478445	0
113	S	R	M	NA	NA	0.55	21.833333333333332	0.983	0.7798570265392123	0
113	S	T	M	NA	NA	0.39	23.1	0.1339	-0.09667135452797987	0
113	S	V	M	NA	NA	NA	NA	0.4729	-0.6833176222047689	0
113	S	W	M	NA	NA	NA	NA	0.8631	1.0751715121225414	0
113	S	Y	M	NA	NA	NA	NA	0.7118	1.812984399303598	0
114	T	A	M	Uncertain significance	not provided	0.529	22.4	0.1327	0.2965181399248601	0
114	T	C	M	NA	NA	NA	NA	0.6248	-0.4381885660019613	0
114	T	D	M	NA	NA	NA	NA	0.897	-0.607546006383529	0
114	T	E	M	NA	NA	NA	NA	0.8733	-1.0796739206033261	0
114	T	F	M	NA	NA	NA	NA	0.8186	-1.751512602068293	0
114	T	G	M	NA	NA	NA	NA	0.3365	0.1557785325992906	0
114	T	H	M	NA	NA	NA	NA	0.7231	-0.4055089281429467	0
114	T	I	M	NA	NA	0.628	22.6	0.6941	0.1643184807786627	0
114	T	K	M	NA	NA	0.633	23.9	0.872	0.6489819459762491	0
114	T	L	M	NA	NA	NA	NA	0.3383	-0.7516480380883058	0
114	T	M	M	NA	NA	NA	NA	0.2313	-0.7275041864668433	0
114	T	N	M	NA	NA	NA	NA	0.364	0.569265406447062	0
114	T	P	M	Conflicting classifications of pathogenicity	Hereditary cancer-predisposing syndrome|not provided	0.561	24.4	0.3149	-0.8781117580308486	0
114	T	Q	M	NA	NA	NA	NA	0.6371	-0.81658926615373	0
114	T	R	M	NA	NA	0.599	24.1	0.8424	-0.3490897279728487	0
114	T	S	M	NA	NA	0.45	21.3	0.1625	0.15057342362446718	0
114	T	V	M	NA	NA	NA	NA	0.3752	0.3016014348783575	0
114	T	W	M	NA	NA	NA	NA	0.9476	-0.5033173883261535	0
114	T	Y	M	NA	NA	NA	NA	0.8708	-0.8191897229714771	0
115	E	A	M	NA	NA	0.522	23.3	0.7645	-0.5339820512761531	0
115	E	C	M	NA	NA	NA	NA	0.984	-1.0673871429802626	0
115	E	D	M	NA	NA	0.499	19.025	0.23	0.14882681518253327	0
115	E	F	M	NA	NA	NA	NA	0.9901	-0.1296003313565686	0
115	E	G	M	NA	NA	0.525	23.9	0.8	-0.561931740762211	0
115	E	H	M	NA	NA	NA	NA	0.9748	-1.1386900173632615	0
115	E	I	M	NA	NA	NA	NA	0.922	-0.9810658788525657	0
115	E	K	M	NA	NA	0.558	24.6	0.9423	0.6972888859530932	0
115	E	L	M	NA	NA	NA	NA	0.9373	0.18238991725241804	0
115	E	M	M	NA	NA	NA	NA	0.9592	-0.8496354172703624	0
115	E	N	M	NA	NA	NA	NA	0.8433	-0.13800283723806428	0
115	E	P	M	NA	NA	NA	NA	0.9356	-0.4335756136859381	0
115	E	Q	M	NA	NA	0.469	24.1	0.7907	0.38821840088371495	0
115	E	R	M	NA	NA	NA	NA	0.9525	1.1838300651222808	0
115	E	S	M	NA	NA	NA	NA	0.7563	-0.520940962324026	0
115	E	T	M	NA	NA	NA	NA	0.8246	-1.347310509918585	0
115	E	V	M	NA	NA	0.561	23.7	0.8098	-0.025705335531208906	0
115	E	W	M	NA	NA	NA	NA	0.998	0.1923339357767213	0
115	E	Y	M	NA	NA	NA	NA	0.9846	0.3859545754782281	0
116	P	A	M	NA	NA	0.474	22.6	0.1207	-0.9938193038647501	0
116	P	C	M	NA	NA	NA	NA	0.7124	-0.30339491696247983	0
116	P	D	M	NA	NA	NA	NA	0.9068	-0.9116536834976088	0
116	P	E	M	NA	NA	NA	NA	0.7501	-1.9441541806981033	0
116	P	F	M	NA	NA	NA	NA	0.7997	0.18189864572482115	0
116	P	G	M	NA	NA	NA	NA	0.4733	-1.4702172332145462	0
116	P	H	M	Uncertain significance	not provided|Hereditary cancer-predisposing syndrome	0.503	25.5	0.6136	0.3830930710660529	0
116	P	I	M	NA	NA	NA	NA	0.3983	-1.6105167348991902	0
116	P	K	M	NA	NA	NA	NA	0.8713	-1.8970259621124685	0
116	P	L	M	Uncertain significance	not provided	0.58	23.7	0.2202	-0.8401294520451691	0
116	P	M	M	NA	NA	NA	NA	0.3715	0.160647706163778	0
116	P	N	M	NA	NA	NA	NA	0.5495	-0.01893835777470787	0
116	P	Q	M	NA	NA	NA	NA	0.4045	-0.5972195077179445	0
116	P	R	M	NA	NA	0.532	25	0.8306	0.0642866278467939	0
116	P	S	M	NA	NA	0.467	23	0.2568	0.3786980863090854	0
116	P	T	M	Uncertain significance	not provided	0.496	22.7	0.1842	-0.03162162073120112	0
116	P	V	M	NA	NA	NA	NA	0.2558	-1.5518675801169675	0
116	P	W	M	NA	NA	NA	NA	0.9441	-0.24996353404393845	0
116	P	Y	M	NA	NA	NA	NA	0.8184	-2.1293399405213664	0
117	P	A	M	NA	NA	0.611	22	0.0861	-2.063425684210144	0
117	P	C	M	NA	NA	NA	NA	0.6105	-2.182043298527351	0
117	P	D	M	NA	NA	NA	NA	0.8492	-0.9865299763599076	0
117	P	E	M	NA	NA	NA	NA	0.6989	-1.1394750168159016	0
117	P	F	M	NA	NA	NA	NA	0.7563	-2.1422269221334815	0
117	P	G	M	NA	NA	NA	NA	0.3427	-0.35997803375102	0
117	P	H	M	NA	NA	0.692	28	0.4658	0.7771506426176595	0
117	P	I	M	NA	NA	NA	NA	0.3543	-1.988333804681385	0
117	P	K	M	NA	NA	NA	NA	0.8068	-0.9230663824295455	0
117	P	L	M	NA	NA	0.767	25.3	0.1932	-1.2874065389936642	0
117	P	M	M	NA	NA	NA	NA	0.358	-2.5547022315982852	0
117	P	N	M	NA	NA	NA	NA	0.4364	-1.6703136806319554	0
117	P	Q	M	NA	NA	NA	NA	0.2808	-0.5001520146019638	0
117	P	R	M	NA	NA	0.757	27.6	0.7286	-1.6366930996863964	0
117	P	S	M	Uncertain significance	Hereditary cancer-predisposing syndrome	0.597	23	0.166	-0.6822285778771371	0
117	P	T	M	NA	NA	0.548	22.9	0.1377	0.4353912246559061	0
117	P	V	M	NA	NA	NA	NA	0.1978	-3.209764932298855	0
117	P	W	M	NA	NA	NA	NA	0.9206	-1.4917126621884838	0
117	P	Y	M	NA	NA	NA	NA	0.7771	-1.1733687380404432	0
118	T	A	M	NA	NA	0.371	21.2	0.0507	-1.5087296767863463	0
118	T	C	M	NA	NA	NA	NA	0.2294	-2.0749740477921397	0
118	T	D	M	NA	NA	NA	NA	0.7082	-1.5819782117947456	0
118	T	E	M	NA	NA	NA	NA	0.6951	-1.434205994852881	0
118	T	F	M	NA	NA	NA	NA	0.2903	-2.4997904309000547	0
118	T	G	M	NA	NA	NA	NA	0.1082	-1.0864006666064376	0
118	T	H	M	NA	NA	NA	NA	0.3586	-2.5326771997454216	0
118	T	I	M	NA	NA	0.405	23.2	0.1373	0.4106804366436658	0
118	T	K	M	NA	NA	NA	NA	0.7096	-1.196078873935079	0
118	T	L	M	NA	NA	NA	NA	0.0879	-1.1607640496930753	0
118	T	M	M	NA	NA	NA	NA	0.0895	-0.7894449801123541	0
118	T	N	M	NA	NA	0.378	22.5	0.1112	-1.1359366509466762	0
118	T	P	M	Uncertain significance	Hereditary cancer-predisposing syndrome|not provided	0.437	22.9	0.0858	2.1425150107947486	0
118	T	Q	M	NA	NA	NA	NA	0.3371	-0.46264764884396786	0
118	T	R	M	NA	NA	NA	NA	0.7105	-1.6154773355193066	0
118	T	S	M	NA	NA	0.429	21.3	0.0736	-1.575922768103269	0
118	T	V	M	NA	NA	NA	NA	0.0901	0.17326536096722228	0
118	T	W	M	NA	NA	NA	NA	0.7431	-0.18888294556858848	0
118	T	Y	M	NA	NA	NA	NA	0.4146	-1.8367035037031998	0
119	Y	A	M	NA	NA	NA	NA	0.2732	0.4987535129960578	0
119	Y	C	M	NA	NA	0.505	23.5	0.10780000000000001	0.07308453593182926	0
119	Y	D	M	NA	NA	0.636	23	0.5536	-0.7691933440529523	0
119	Y	E	M	NA	NA	NA	NA	0.7724	-0.35965453175698536	0
119	Y	F	M	NA	NA	0.412	21.4	0.0677	-0.06077162215011009	0
119	Y	G	M	NA	NA	NA	NA	0.3112	0.11015703916814945	0
119	Y	H	M	NA	NA	0.446	23	0.3362	0.7105409457951457	0
119	Y	I	M	NA	NA	NA	NA	0.2751	0.2497824017692482	0
119	Y	K	M	NA	NA	NA	NA	0.8743	-1.5418004261196097	0
119	Y	L	M	NA	NA	NA	NA	0.285	-0.2275944722852171	0
119	Y	M	M	NA	NA	NA	NA	0.4232	-0.071969027140106	0
119	Y	N	M	NA	NA	0.561	22.8	0.2266	0.16142296450612456	0
119	Y	P	M	NA	NA	NA	NA	0.4193	-0.6211198455231182	0
119	Y	Q	M	NA	NA	NA	NA	0.5978	-0.44261009011838004	0
119	Y	R	M	NA	NA	NA	NA	0.7759	0.39280660103424553	0
119	Y	S	M	NA	NA	0.555	22.3	0.1525	0.39933962925241484	0
119	Y	T	M	NA	NA	NA	NA	0.2629	0.20973711438075787	0
119	Y	V	M	NA	NA	NA	NA	0.1687	-0.9375317361965183	0
119	Y	W	M	NA	NA	NA	NA	0.4208	-1.4381812061241535	0
120	L	A	M	NA	NA	NA	NA	0.1714	-0.1926914743370221	0
120	L	C	M	NA	NA	NA	NA	0.4491	0.2518616505303977	0
120	L	D	M	NA	NA	NA	NA	0.8413	0.3788967998715218	0
120	L	E	M	NA	NA	NA	NA	0.6261	-0.48596466875777333	0
120	L	F	M	Uncertain significance	Hereditary cancer-predisposing syndrome|not provided	0.476	23.4	0.1552	0.9672923442121163	0
120	L	G	M	NA	NA	NA	NA	0.3595	0.020788579513795563	0
120	L	H	M	NA	NA	0.462	24.6	0.3119	0.0932130617337913	0
120	L	I	M	NA	NA	0.448	22.4	0.0794	0.5927442640392002	0
120	L	K	M	NA	NA	NA	NA	0.6059	0.41901908305750535	0
120	L	M	M	NA	NA	NA	NA	0.0902	-0.11399411497042578	0
120	L	N	M	NA	NA	NA	NA	0.2925	0.026308744178192272	0
120	L	P	M	NA	NA	0.526	22.6	0.1939	0.30573646666844906	0
120	L	Q	M	NA	NA	NA	NA	0.1741	-0.4862062104128477	0
120	L	R	M	NA	NA	0.524	22.7	0.5444	0.09607737313494041	0
120	L	S	M	NA	NA	NA	NA	0.1907	-0.3953015093643971	0
120	L	T	M	NA	NA	NA	NA	0.1746	-0.4908236165450379	0
120	L	V	M	NA	NA	0.433	22.3	0.0784	0.005110267842392505	0
120	L	W	M	NA	NA	NA	NA	0.4399	-0.6867833319112179	0
120	L	Y	M	NA	NA	NA	NA	0.4702	-1.3535443191641043	0
121	R	A	M	NA	NA	NA	NA	0.9179	0.4252092289872751	0
121	R	C	M	NA	NA	NA	NA	0.8515	0.2750199388332457	0
121	R	D	M	NA	NA	NA	NA	0.9569	-1.2901772500210371	0
121	R	E	M	NA	NA	NA	NA	0.8863	0.6063119654446241	0
121	R	F	M	NA	NA	NA	NA	0.9727	0.9253157776350818	0
121	R	G	M	NA	NA	0.671	27.8	0.7648	-0.5159834032879431	0
121	R	H	M	NA	NA	NA	NA	0.5825	-0.42318721465167547	0
121	R	I	M	NA	NA	NA	NA	0.9489	-0.24890121251218905	0
121	R	K	M	NA	NA	0.52	34	0.2047	0.6370151533492165	0
121	R	L	M	NA	NA	NA	NA	0.8654	-0.03252033803379837	0
121	R	M	M	NA	NA	0.658	36	0.942	1.1509497678916947	0
121	R	N	M	NA	NA	NA	NA	0.9635	-0.07737352661100412	0
121	R	P	M	NA	NA	NA	NA	0.8522	0.5625929847302986	0
121	R	Q	M	NA	NA	NA	NA	0.5169	-0.38131575580564114	0
121	R	S	M	NA	NA	0.81	19.49	0.9511	0.5254363871647934	0
121	R	T	M	NA	NA	0.5880000000000001	35	0.9223	0.44561606418550703	0
121	R	V	M	NA	NA	NA	NA	0.929	0.26185660037352637	0
121	R	W	M	NA	NA	0.7735000000000001	34	0.8374	-0.8105875651870071	0
121	R	Y	M	NA	NA	NA	NA	0.9353	-1.9874953662563244	0
122	E	A	M	NA	NA	0.661	22.1	0.7172	1.8449918395642553	0
122	E	C	M	NA	NA	NA	NA	0.9739	0.8330722846708473	0
122	E	D	M	Uncertain significance	Hereditary cancer-predisposing syndrome|not provided	0.48	16.54	0.1128	1.0563842324627744	0
122	E	F	M	NA	NA	NA	NA	0.9784	-1.1255006857186216	0
122	E	G	M	NA	NA	0.718	23.9	0.5726	1.0486925320333769	0
122	E	H	M	NA	NA	NA	NA	0.9481	1.4745131386613697	0
122	E	I	M	NA	NA	NA	NA	0.9113	1.8935822190577205	0
122	E	K	M	NA	NA	0.616	24.8	0.9097	0.866294192165153	0
122	E	L	M	NA	NA	NA	NA	0.9095	1.0215546644228706	0
122	E	M	M	NA	NA	NA	NA	0.9457	1.5692875372679291	0
122	E	N	M	NA	NA	NA	NA	0.6928	1.0926850087688031	0
122	E	P	M	NA	NA	NA	NA	0.8426	1.046620973772298	0
122	E	Q	M	NA	NA	0.49	24.5	0.7017	1.1060686742075672	0
122	E	R	M	NA	NA	NA	NA	0.927	1.0877266912368824	0
122	E	S	M	NA	NA	NA	NA	0.6557	2.222570098230969	0
122	E	T	M	NA	NA	NA	NA	0.7727	0.7116055406793489	0
122	E	V	M	NA	NA	0.777	25.4	0.8112	0.9995328925928906	0
122	E	W	M	NA	NA	NA	NA	0.9929	0.9709103794960366	0
122	E	Y	M	NA	NA	NA	NA	0.9597	-0.0249835653857452	0
123	Q	A	M	NA	NA	NA	NA	0.0785	2.0649795370914212	0
123	Q	C	M	NA	NA	NA	NA	0.5101	1.5344941839799437	0
123	Q	D	M	NA	NA	NA	NA	0.599	0.35804504497861284	0
123	Q	E	M	NA	NA	0.478	20.9	0.251	1.4348963763351017	0
123	Q	F	M	NA	NA	NA	NA	0.5895	0.6623803688055765	0
123	Q	G	M	NA	NA	NA	NA	0.1199	0.7850944406743467	0
123	Q	H	M	NA	NA	0.484	24.8	0.2001	0.4104040060290843	0
123	Q	I	M	NA	NA	NA	NA	0.2016	-0.17752851430429895	0
123	Q	K	M	NA	NA	0.545	21.7	0.3898	0.25876807070668334	0
123	Q	L	M	NA	NA	0.465	22.7	0.0909	0.7773255043845434	0
123	Q	M	M	NA	NA	NA	NA	0.1703	-0.2493186766711543	0
123	Q	N	M	NA	NA	NA	NA	0.1169	1.7109207621403324	0
123	Q	P	M	NA	NA	0.526	22.4	0.0471	2.10758505414118	0
123	Q	R	M	NA	NA	0.548	22.2	0.4838	0.5613845321011223	0
123	Q	S	M	NA	NA	NA	NA	0.08	0.4447437516758988	0
123	Q	T	M	NA	NA	NA	NA	0.0762	0.7776533979532856	0
123	Q	V	M	NA	NA	NA	NA	0.1315	1.2580258818787637	0
123	Q	W	M	NA	NA	NA	NA	0.7786	0.07632266450496637	0
123	Q	Y	M	NA	NA	NA	NA	0.4952	0.5577303529725524	0
124	K	A	M	NA	NA	NA	NA	0.9363	-0.5163359326373953	0
124	K	C	M	NA	NA	NA	NA	0.9729	-0.7346181161982661	0
124	K	D	M	NA	NA	NA	NA	0.9768	-1.6302795002129575	0
124	K	E	M	NA	NA	0.715	27	0.9598	0.22874295277902928	0
124	K	F	M	NA	NA	NA	NA	0.9911	1.9893889631438042	0
124	K	G	M	NA	NA	NA	NA	0.906	-0.5075404341039917	0
124	K	H	M	NA	NA	NA	NA	0.814	-0.21352641096489602	0
124	K	I	M	NA	NA	NA	NA	0.9605	1.7767999127226348	0
124	K	L	M	NA	NA	NA	NA	0.9383	-1.942156606409755	0
124	K	M	M	NA	NA	0.798	25.5	0.9421	-0.011684740676146499	0
124	K	N	M	NA	NA	0.491	18.055	0.96	0.2617089385371568	0
124	K	P	M	NA	NA	NA	NA	0.8801	1.6532702515594504	0
124	K	Q	M	NA	NA	0.674	27.2	0.7288	2.5999871921013336	0
124	K	R	M	NA	NA	0.625	23.9	0.1234	-1.8194600495497495	0
124	K	S	M	NA	NA	NA	NA	0.9619	-1.6757004133350717	0
124	K	T	M	NA	NA	0.724	26.5	0.9025	0.9052007082329196	0
124	K	V	M	NA	NA	NA	NA	0.9295	1.1299068646209565	0
124	K	W	M	NA	NA	NA	NA	0.9862	1.203445672981351	0
124	K	Y	M	NA	NA	NA	NA	0.9719	2.626644277922738	0
125	A	C	M	NA	NA	NA	NA	0.3102	0.31894829956244486	0
125	A	D	M	NA	NA	0.404	25	0.7806	-0.1966475047330286	0
125	A	E	M	NA	NA	NA	NA	0.7403	2.7175864870371087	0
125	A	F	M	NA	NA	NA	NA	0.362	2.2891463995312726	0
125	A	G	M	Conflicting classifications of pathogenicity	Hereditary cancer-predisposing syndrome|not provided	0.411	24.1	0.0828	0.6379046877045571	0
125	A	H	M	NA	NA	NA	NA	0.5491	0.8212796886795215	0
125	A	I	M	NA	NA	NA	NA	0.1519	1.7619708490773305	0
125	A	K	M	NA	NA	NA	NA	0.8706	1.5616246725549294	0
125	A	L	M	NA	NA	NA	NA	0.1288	1.0547103905398922	0
125	A	M	M	NA	NA	NA	NA	0.1418	-1.1241291161741689	0
125	A	N	M	NA	NA	NA	NA	0.1696	2.9948472104534734	0
125	A	P	M	NA	NA	0.41	23.6	0.1158	1.9386614403122673	0
125	A	Q	M	NA	NA	NA	NA	0.3916	0.8279039550109577	0
125	A	R	M	NA	NA	NA	NA	0.8839	0.25038766003975826	0
125	A	S	M	NA	NA	0.494	22.2	0.0817	0.3205953786260672	0
125	A	T	M	NA	NA	0.41	23.6	0.0705	0.7855549554276378	0
125	A	V	M	Uncertain significance	not provided	0.383	23.4	0.093	0.37496944177271474	0
125	A	W	M	NA	NA	NA	NA	0.788	0.19467085654380356	0
125	A	Y	M	NA	NA	NA	NA	0.5504	1.4796941878217424	0
126	K	A	M	NA	NA	NA	NA	0.8359	2.321848071995583	0
126	K	C	M	NA	NA	NA	NA	0.8988	-0.02822045029824826	0
126	K	D	M	NA	NA	NA	NA	0.9692	0.014281113088534747	0
126	K	E	M	NA	NA	0.708	25.5	0.9073	0.374244400430804	0
126	K	F	M	NA	NA	NA	NA	0.9793	-0.3828360116347277	0
126	K	G	M	NA	NA	NA	NA	0.7801	0.24508142010406786	0
126	K	H	M	NA	NA	NA	NA	0.7166	-2.0398654749450364	0
126	K	I	M	NA	NA	NA	NA	0.9165	-0.6145204085897675	0
126	K	L	M	NA	NA	NA	NA	0.8657	-0.24906611282088004	0
126	K	M	M	NA	NA	0.708	28.5	0.8904	-1.5544111237007843	0
126	K	N	M	NA	NA	0.527	22.95	0.9365	0.22137183009386358	0
126	K	P	M	NA	NA	NA	NA	0.7797	1.8060654382256796	0
126	K	Q	M	NA	NA	0.61	27.5	0.4943	-0.41077859075445455	0
126	K	R	M	Uncertain significance	not provided|Hereditary cancer-predisposing syndrome	0.594	23.3	0.0774	-0.4481551829403515	0
126	K	S	M	NA	NA	NA	NA	0.8781	0.9511346232600517	0
126	K	T	M	NA	NA	0.702	24.8	0.8246	1.363053295931456	0
126	K	V	M	NA	NA	NA	NA	0.8432	-2.7509003844648525	0
126	K	W	M	NA	NA	NA	NA	0.9599	0.05730710693381047	0
126	K	Y	M	NA	NA	NA	NA	0.9509	1.7305490373025338	0
127	R	A	M	NA	NA	NA	NA	0.9426	-0.04673434114973431	0
127	R	C	M	NA	NA	NA	NA	0.852	-1.9180394478175924	0
127	R	D	M	NA	NA	NA	NA	0.974	0.509505449225219	0
127	R	E	M	NA	NA	NA	NA	0.9465	-0.20241361315782996	0
127	R	F	M	NA	NA	NA	NA	0.9762	0.16355086547270536	0
127	R	G	M	NA	NA	0.662	28.6	0.7914	-0.1545863222625636	0
127	R	H	M	NA	NA	NA	NA	0.6058	0.23504798213381356	0
127	R	I	M	NA	NA	NA	NA	0.9414	1.2698600989312416	0
127	R	K	M	Uncertain significance	Hereditary cancer-predisposing syndrome	0.493	23.7	0.1707	-0.4279596552289177	0
127	R	L	M	NA	NA	NA	NA	0.8912	-1.0481033779932787	0
127	R	M	M	NA	NA	0.733	32	0.9512	0.04669128848244761	0
127	R	N	M	NA	NA	NA	NA	0.9661	0.23406496315508624	0
127	R	P	M	NA	NA	NA	NA	0.8815	0.8261245690729155	0
127	R	Q	M	NA	NA	NA	NA	0.5944	0.3817295023665367	0
127	R	S	M	NA	NA	0.732	23.75	0.9661	-0.13841720518483483	0
127	R	T	M	NA	NA	0.612	24.5	0.945	-0.16861088810329727	0
127	R	V	M	NA	NA	NA	NA	0.9356	0.12013754758054876	0
127	R	W	M	NA	NA	0.782	27.7	0.8436	-0.6686525615901957	0
127	R	Y	M	NA	NA	NA	NA	0.9265	1.2514093048515569	0
128	N	A	M	NA	NA	NA	NA	0.0918	0.5810471541862552	0
128	N	C	M	NA	NA	NA	NA	0.1376	-0.033997391069418514	0
128	N	D	M	NA	NA	0.399	24.6	0.482	0.12103611691255686	0
128	N	E	M	NA	NA	NA	NA	0.7286	-0.21703304761128353	0
128	N	F	M	NA	NA	NA	NA	0.3818	0.9113024237706487	0
128	N	G	M	NA	NA	NA	NA	0.091	0.3126525760387259	0
128	N	H	M	NA	NA	0.395	25.3	0.1567	0.20065031103592712	0
128	N	I	M	NA	NA	0.41	22.3	0.1366	0.3119057988143823	0
128	N	K	M	NA	NA	0.309	13.755	0.7002	-0.5682328221488882	0
128	N	L	M	NA	NA	NA	NA	0.1538	0.13712931250210034	0
128	N	M	M	NA	NA	NA	NA	0.2048	-0.6312527849499634	0
128	N	P	M	NA	NA	NA	NA	0.1268	0.3415255894255084	0
128	N	Q	M	NA	NA	NA	NA	0.3305	0.06754100465437779	0
128	N	R	M	NA	NA	NA	NA	0.753	-0.9008809431341397	0
128	N	S	M	NA	NA	0.416	19.37	0.0557	-0.13414260322967353	0
128	N	T	M	NA	NA	0.381	21.3	0.069	0.15341337376254816	0
128	N	V	M	NA	NA	NA	NA	0.1186	-1.4931109932132027	0
128	N	W	M	NA	NA	NA	NA	0.7495	-0.29036614342045186	0
128	N	Y	M	NA	NA	0.519	27.8	0.2404	0.9385210118957983	0
129	S	A	M	NA	NA	NA	NA	0.0826	-1.5608810448658443	0
129	S	C	M	NA	NA	0.569	27.8	0.099	-0.4147993298400668	0
129	S	D	M	NA	NA	NA	NA	0.8108	-0.8064994655492925	0
129	S	E	M	NA	NA	NA	NA	0.887	0.2071076645801304	0
129	S	F	M	NA	NA	NA	NA	0.323	0.26882824016485257	0
129	S	G	M	NA	NA	0.403	23.2	0.0756	-0.8294068171096012	0
129	S	H	M	NA	NA	NA	NA	0.3963	-0.7324252043337424	0
129	S	I	M	NA	NA	0.43	24	0.1481	0.06310141018715368	0
129	S	K	M	NA	NA	NA	NA	0.9213	0.8060791305488648	0
129	S	L	M	NA	NA	NA	NA	0.1287	0.14908565498608642	0
129	S	M	M	NA	NA	NA	NA	0.1556	0.3402291165896348	0
129	S	N	M	NA	NA	0.281	21.7	0.0917	0.2332228377550738	0
129	S	P	M	NA	NA	NA	NA	0.1733	-0.9849616315353654	0
129	S	Q	M	NA	NA	NA	NA	0.5446	1.1532457757868317	0
129	S	R	M	NA	NA	0.4063333333333333	20.463333333333335	0.925	-0.42995699070292964	0
129	S	T	M	Uncertain significance	not provided	0.324	22.8	0.0668	-1.0848368296422777	0
129	S	V	M	NA	NA	NA	NA	0.1342	0.6599976209061039	0
129	S	W	M	NA	NA	NA	NA	0.6623	0.8814894337502772	0
129	S	Y	M	NA	NA	NA	NA	0.36870000000000003	0.05680285710782085	0
130	Q	A	M	NA	NA	NA	NA	0.0679	3.307267658823982	0
130	Q	C	M	NA	NA	NA	NA	0.4566	0.3643141498261739	0
130	Q	D	M	NA	NA	NA	NA	0.651	-0.45323376460240106	0
130	Q	E	M	NA	NA	0.466	22.3	0.3098	0.08763332110484535	0
130	Q	F	M	NA	NA	NA	NA	0.526	-0.09815419993226385	0
130	Q	G	M	NA	NA	NA	NA	0.1348	-3.799356586318933	0
130	Q	H	M	NA	NA	0.525	22.75	0.1764	-1.1579552535774764	0
130	Q	I	M	NA	NA	NA	NA	0.1782	-0.8809357665554931	0
130	Q	K	M	NA	NA	0.51	23.7	0.4751	0.3102982657835782	0
130	Q	L	M	NA	NA	0.516	23.3	0.0777	0.25595461191881086	0
130	Q	M	M	NA	NA	NA	NA	0.1585	0.6071275823509752	0
130	Q	N	M	NA	NA	NA	NA	0.1148	0.39420060361730974	0
130	Q	P	M	NA	NA	0.582	23.3	0.0547	0.6669949469344733	0
130	Q	R	M	NA	NA	0.517	27.4	0.5082	0.06902509822871292	0
130	Q	S	M	NA	NA	NA	NA	0.0667	-0.17051370497876178	0
130	Q	T	M	NA	NA	NA	NA	0.0691	0.03421876059769305	0
130	Q	V	M	NA	NA	NA	NA	0.1087	-0.0028751704818077983	0
130	Q	W	M	NA	NA	NA	NA	0.776	-0.7460448729818276	0
130	Q	Y	M	NA	NA	NA	NA	0.4761	-0.5902075668972742	0
131	W	A	M	NA	NA	NA	NA	0.9509	0.7215546481394828	0
131	W	C	M	NA	NA	0.825	33	0.9915	-1.3720160787239037	0
131	W	D	M	NA	NA	NA	NA	0.9967	-2.6643083077545215	0
131	W	E	M	NA	NA	NA	NA	0.9975	-0.2924473926128866	0
131	W	F	M	NA	NA	NA	NA	0.5265	0.921735508533547	0
131	W	G	M	NA	NA	0.908	33	0.8831	-1.1331798822835433	0
131	W	H	M	NA	NA	NA	NA	0.9836	-1.015353130181795	0
131	W	I	M	NA	NA	NA	NA	0.9454	-1.3409907996199506	0
131	W	K	M	NA	NA	NA	NA	0.9986	0.35935386678943015	0
131	W	L	M	NA	NA	0.652	25.9	0.9159	-0.6874209184120657	0
131	W	M	M	NA	NA	NA	NA	0.9597	-0.44919979791905856	0
131	W	N	M	NA	NA	NA	NA	0.9884	-0.7717274397426521	0
131	W	P	M	NA	NA	NA	NA	0.9764	-0.2681171770035754	0
131	W	Q	M	NA	NA	NA	NA	0.997	0.1680986637457537	0
131	W	R	M	NA	NA	0.893	32.5	0.9972	-1.2576764588657925	0
131	W	S	M	NA	NA	0.779	33	0.9548	0.5320599126210217	0
131	W	T	M	NA	NA	NA	NA	0.9693	-4.6571528671002564	0
131	W	V	M	NA	NA	NA	NA	0.9289	0.5589974228911874	0
131	W	Y	M	NA	NA	NA	NA	0.7597	-0.967618520344678	0
132	V	A	M	NA	NA	0.603	24.2	0.6678	-2.198029162040093	0
132	V	C	M	NA	NA	NA	NA	0.9034	2.2469257185871316	0
132	V	D	M	NA	NA	NA	NA	0.9826	-5.792356582902931	0
132	V	E	M	NA	NA	0.752	32	0.9576	-1.3906064035940555	0
132	V	F	M	NA	NA	NA	NA	0.3902	-2.0630190674695807	0
132	V	G	M	NA	NA	0.746	24.7	0.6316	-1.4421214808986182	0
132	V	H	M	NA	NA	NA	NA	0.9602	2.644341188337158	0
132	V	I	M	NA	NA	0.467	25.7	0.1119	1.7338215473768073	0
132	V	K	M	NA	NA	NA	NA	0.9669	0.6189347819537897	0
132	V	L	M	NA	NA	0.464	25.700000000000003	0.3442	-0.2010508440654182	0
132	V	M	M	NA	NA	NA	NA	0.2638	0.8468779079158515	0
132	V	N	M	NA	NA	NA	NA	0.8531	-0.2575542696026677	0
132	V	P	M	NA	NA	NA	NA	0.9222	-4.30451040325706	0
132	V	Q	M	NA	NA	NA	NA	0.8423	2.9962553997862558	0
132	V	R	M	NA	NA	NA	NA	0.9519	-0.8326321106729228	0
132	V	S	M	NA	NA	NA	NA	0.7484	-3.185827844206874	0
132	V	T	M	NA	NA	NA	NA	0.7688	2.497969606173837	0
132	V	W	M	NA	NA	NA	NA	0.9688	1.9865686508945417	0
132	V	Y	M	NA	NA	NA	NA	0.8885	0.882456995469207	0
133	P	A	M	NA	NA	0.71	27.3	0.225	0.4034974143650439	0
133	P	C	M	NA	NA	NA	NA	0.9088	0.04867775512186412	0
133	P	D	M	NA	NA	NA	NA	0.9825	0.5815238821780334	0
133	P	E	M	NA	NA	NA	NA	0.9595	-0.16543131365279093	0
133	P	F	M	NA	NA	NA	NA	0.9728	-1.3942727384299518	0
133	P	G	M	NA	NA	NA	NA	0.5548	0.2477457167191257	0
133	P	H	M	NA	NA	0.803	29.4	0.8505	-0.059886664143907545	0
133	P	I	M	NA	NA	NA	NA	0.9449	-2.2752094014500406	0
133	P	K	M	NA	NA	NA	NA	0.9781	-0.11728683100121251	0
133	P	L	M	NA	NA	0.885	29.7	0.7231	-1.4790322255233248	0
133	P	M	M	NA	NA	NA	NA	0.879	-0.5281486781600213	0
133	P	N	M	NA	NA	NA	NA	0.8401	0.9530420495705447	0
133	P	Q	M	NA	NA	NA	NA	0.7213	-1.5850767637930665	0
133	P	R	M	NA	NA	0.864	33	0.945	-0.30979020220398445	0
133	P	S	M	NA	NA	0.818	25.1	0.3892	-0.8151807707461636	0
133	P	T	M	NA	NA	0.829	27.8	0.5097	-2.275353690257623	0
133	P	V	M	NA	NA	NA	NA	0.8214	-0.23696466314403875	0
133	P	W	M	NA	NA	NA	NA	0.991	-0.27501178683782346	0
133	P	Y	M	NA	NA	NA	NA	0.9773	-2.048308781982791	0
134	T	A	M	NA	NA	0.519	22.5	0.0698	0.017678963247554164	0
134	T	C	M	NA	NA	NA	NA	0.4973	-0.6130140620677015	0
134	T	D	M	NA	NA	NA	NA	0.9407	-1.743297773922423	0
134	T	E	M	NA	NA	NA	NA	0.932	-0.07382056063722345	0
134	T	F	M	NA	NA	NA	NA	0.6446	-1.4790253966251208	0
134	T	G	M	NA	NA	NA	NA	0.2302	0.11758465648401051	0
134	T	H	M	NA	NA	NA	NA	0.6639	0.7126978375739312	0
134	T	I	M	NA	NA	0.639	27.6	0.402	-2.9314470014569567	0
134	T	K	M	NA	NA	NA	NA	0.9187	-0.34245610382721947	0
134	T	L	M	NA	NA	NA	NA	0.1999	-1.4299843331708	0
134	T	M	M	NA	NA	NA	NA	0.1513	-1.9666954720413856	0
134	T	N	M	NA	NA	0.442	23.1	0.239	-0.8061705089729844	0
134	T	P	M	Uncertain significance	not provided	0.626	24.4	0.1786	-1.03063304586343	0
134	T	Q	M	NA	NA	NA	NA	0.5732	-0.48290781709411135	0
134	T	R	M	NA	NA	NA	NA	0.9072	-2.365846628884925	0
134	T	S	M	NA	NA	0.4475	21.9	0.0997	-0.4390908918809311	0
134	T	V	M	NA	NA	NA	NA	0.1961	0.18796779531633367	0
134	T	W	M	NA	NA	NA	NA	0.9483	-0.14357452592799935	0
134	T	Y	M	NA	NA	NA	NA	0.8053	0.3411077455086094	0
135	L	A	M	NA	NA	NA	NA	0.6347	0.19007565229764778	0
135	L	C	M	NA	NA	NA	NA	0.8763	-0.8577510985465779	0
135	L	D	M	NA	NA	NA	NA	0.9926	-0.6789475670730567	0
135	L	E	M	NA	NA	NA	NA	0.9698	-0.7444020651839378	0
135	L	F	M	NA	NA	NA	NA	0.2685	-2.2200691623431505	0
135	L	G	M	NA	NA	NA	NA	0.903	-0.6222918672078211	0
135	L	I	M	NA	NA	NA	NA	0.1042	-2.5395182110536747	0
135	L	K	M	NA	NA	NA	NA	0.9506	-0.1272048113903661	0
135	L	M	M	NA	NA	0.381	19.97	0.1135	1.5686157184438478	0
135	L	N	M	NA	NA	NA	NA	0.8854	-0.11172085490558903	0
135	L	P	M	NA	NA	0.805	28.2	0.696	-0.18891455983984545	0
135	L	Q	M	NA	NA	0.675	23.6	0.7099	0.6812877589387945	0
135	L	R	M	NA	NA	0.753	27.9	0.9254	0.6238246099983693	0
135	L	S	M	NA	NA	NA	NA	0.7848	0.3311476442137086	0
135	L	T	M	NA	NA	NA	NA	0.688	0.8015991928486161	0
135	L	V	M	Uncertain significance	not provided|not specified	0.387	18.84	0.12	-0.030998145140459035	0
135	L	W	M	NA	NA	NA	NA	0.7322	-1.6334269947222921	0
135	L	Y	M	NA	NA	NA	NA	0.8219	-0.18092923749472595	0
136	P	A	M	NA	NA	0.71	24.2	0.4556	-0.20335651107344288	0
136	P	C	M	NA	NA	NA	NA	0.952	1.1031762763383481	0
136	P	D	M	NA	NA	NA	NA	0.9933	0.4669072413850573	0
136	P	E	M	NA	NA	NA	NA	0.9837	0.25131870869060324	0
136	P	F	M	NA	NA	NA	NA	0.9853	0.10300746849434611	0
136	P	G	M	NA	NA	NA	NA	0.7883	0.8317747332079672	0
136	P	H	M	NA	NA	0.779	28.2	0.9213	0.6011936129085285	0
136	P	I	M	NA	NA	NA	NA	0.9601	-0.8642143499032862	0
136	P	K	M	NA	NA	NA	NA	0.9904	1.0396149662064504	0
136	P	L	M	NA	NA	0.764	28.6	0.8194	-0.07041471296565172	0
136	P	M	M	NA	NA	NA	NA	0.9446	0.5564411593908232	0
136	P	N	M	NA	NA	NA	NA	0.9351	-0.5288073745587649	0
136	P	Q	M	NA	NA	NA	NA	0.8505	1.0200143589093482	0
136	P	R	M	NA	NA	0.821	28.1	0.969	0.027585339908180878	0
136	P	S	M	NA	NA	0.705	23.3	0.6262	0.3072568034421001	0
136	P	T	M	NA	NA	0.706	23.2	0.7234	0.6397163737372524	0
136	P	V	M	NA	NA	NA	NA	0.8743	0.24888738065088034	0
136	P	W	M	NA	NA	NA	NA	0.9936	0.25037474923818337	0
136	P	Y	M	NA	NA	NA	NA	0.9877	0.32623777449133806	0
137	N	A	M	NA	NA	NA	NA	0.2434	-0.7372031444215807	0
137	N	C	M	NA	NA	NA	NA	0.3978	1.0111896925489852	0
137	N	D	M	NA	NA	0.585	27.4	0.8379	0.7701175280234711	0
137	N	E	M	NA	NA	NA	NA	0.9784	0.34365616175019637	0
137	N	F	M	NA	NA	NA	NA	0.8188	-0.6265053613853306	0
137	N	G	M	NA	NA	NA	NA	0.2511	0.031240751050623412	0
137	N	H	M	NA	NA	0.672	26.3	0.4316	-0.9134340894081129	0
137	N	I	M	NA	NA	0.742	27	0.4872	-0.7413062064443756	0
137	N	K	M	NA	NA	0.5205	21	0.9723	-0.35810864959794997	0
137	N	L	M	NA	NA	NA	NA	0.4037	0.518934487195696	0
137	N	M	M	NA	NA	NA	NA	0.5884	-0.11914407067359015	0
137	N	P	M	NA	NA	NA	NA	0.5009	-0.4450794400891155	0
137	N	Q	M	NA	NA	NA	NA	0.8117	0.5237046812264843	0
137	N	R	M	NA	NA	NA	NA	0.9603	0.8192805056554915	0
137	N	S	M	NA	NA	0.389	21.3	0.0606	0.7868742938846253	0
137	N	T	M	NA	NA	0.563	24.2	0.1779	0.12687412640129903	0
137	N	V	M	NA	NA	NA	NA	0.3081	-0.7913570701959728	0
137	N	W	M	NA	NA	NA	NA	0.9699	-0.8702433613670315	0
137	N	Y	M	NA	NA	0.779	27.4	0.6255	1.1216921190432754	0
138	S	A	M	NA	NA	NA	NA	0.2767	1.1872569389053131	0
138	S	C	M	NA	NA	0.679	28.1	0.5363	0.3373292008651192	0
138	S	D	M	NA	NA	NA	NA	0.9877	1.5877807829991566	0
138	S	E	M	NA	NA	NA	NA	0.9945	-0.1704614756249204	0
138	S	F	M	NA	NA	NA	NA	0.8868	0.7465974753809719	0
138	S	G	M	NA	NA	0.551	22.5	0.2719	0.2842881066874409	0
138	S	H	M	NA	NA	NA	NA	0.9482	-6.063166062527802	0
138	S	I	M	NA	NA	0.66	29.1	0.865	0.4374960588316727	0
138	S	K	M	NA	NA	NA	NA	0.9982	2.1233782433162474	0
138	S	L	M	NA	NA	NA	NA	0.6392	-1.9765800394210087	0
138	S	M	M	NA	NA	NA	NA	0.7464	-1.1845648600079768	0
138	S	N	M	NA	NA	0.477	23.7	0.6766	0.18652769408293574	0
138	S	Q	M	NA	NA	NA	NA	0.968	-0.5602537633088204	0
138	S	R	M	NA	NA	0.664	24.166666666666668	0.9968	-0.11889898361148268	0
138	S	T	M	Uncertain significance	not provided|Hereditary cancer-predisposing syndrome	0.497	23.5	0.1853	0.06591606231205721	0
138	S	V	M	NA	NA	NA	NA	0.7716	-1.0093451084753238	0
138	S	W	M	NA	NA	NA	NA	0.9529	0.885711326578648	0
138	S	Y	M	NA	NA	NA	NA	0.8965	1.1016960882017506	0
139	S	A	M	NA	NA	0.579	25	0.5959	0.5565337291183501	0
139	S	C	M	NA	NA	0.776	29.3	0.9034	0.33143544128515157	0
139	S	D	M	NA	NA	NA	NA	0.9981	0.31466422723090387	0
139	S	E	M	NA	NA	NA	NA	0.998	-0.627398487498616	0
139	S	F	M	NA	NA	0.825	29.2	0.99	0.7583006201413021	0
139	S	G	M	NA	NA	NA	NA	0.804	-1.195312872558354	0
139	S	H	M	NA	NA	NA	NA	0.9906	2.272110767688451	0
139	S	I	M	NA	NA	NA	NA	0.9882	-0.2675056276346336	0
139	S	K	M	NA	NA	NA	NA	0.9996	0.676112583917406	0
139	S	L	M	NA	NA	NA	NA	0.9583	-0.722792790373763	0
139	S	M	M	NA	NA	NA	NA	0.9687	0.051270626593926755	0
139	S	N	M	NA	NA	NA	NA	0.9716	0.031748811194756116	0
139	S	P	M	Uncertain significance	not provided	0.686	28.8	0.9705	0.5536154879999273	0
139	S	Q	M	NA	NA	NA	NA	0.987	-1.0647307110984192	0
139	S	R	M	NA	NA	NA	NA	0.9992	-0.4664673003465164	0
139	S	T	M	NA	NA	0.659	24.7	0.7215	0.4717054543415893	0
139	S	V	M	NA	NA	NA	NA	0.972	-0.5711671294200368	0
139	S	W	M	NA	NA	NA	NA	0.9917	0.335619232364631	0
139	S	Y	M	NA	NA	0.813	28.2	0.99	1.2086582919570468	0
140	H	A	M	NA	NA	NA	NA	0.8981	-1.0142667078552914	0
140	H	C	M	NA	NA	NA	NA	0.6655	0.09772850862992392	0
140	H	D	M	NA	NA	0.777	28.1	0.9895	-0.6945722036858474	0
140	H	E	M	NA	NA	NA	NA	0.9898	0.7367034286529142	0
140	H	F	M	NA	NA	NA	NA	0.4833	0.021388418928420676	0
140	H	G	M	NA	NA	NA	NA	0.9331	-1.1870551349516634	0
140	H	I	M	NA	NA	NA	NA	0.9438	-0.8629841210098821	0
140	H	K	M	NA	NA	NA	NA	0.9877	0.669878991775861	0
140	H	L	M	NA	NA	0.819	26.4	0.7085	0.45917318108778526	0
140	H	M	M	NA	NA	NA	NA	0.9013	0.2874672617448114	0
140	H	N	M	NA	NA	0.705	26.8	0.7815	1.6307659925467104	0
140	H	P	M	NA	NA	0.893	27.4	0.8064	-0.21852385357323215	0
140	H	Q	M	NA	NA	0.718	18.79	0.9114	-0.6868414473244233	0
140	H	R	M	NA	NA	0.802	25.8	0.9646	0.032094094530778786	0
140	H	S	M	NA	NA	NA	NA	0.7997	0.010153412203298795	0
140	H	T	M	NA	NA	NA	NA	0.9329	-0.5986368024616848	0
140	H	V	M	NA	NA	NA	NA	0.908	0.3337255068104598	0
140	H	W	M	NA	NA	NA	NA	0.7408	0.3205664231001901	0
140	H	Y	M	NA	NA	0.751	26.4	0.4731	0.23674089221919628	0
141	H	A	M	NA	NA	NA	NA	0.9965	-2.1830510501227742	0
141	H	C	M	NA	NA	NA	NA	0.9788	0.7396004519487942	0
141	H	D	M	NA	NA	0.726	27.7	0.999	0.01591066244340541	0
141	H	E	M	NA	NA	NA	NA	0.999	0.7931080390706297	0
141	H	F	M	NA	NA	NA	NA	0.9771	-0.09971219082731947	0
141	H	G	M	NA	NA	NA	NA	0.9983	0.3239854671502628	0
141	H	I	M	NA	NA	NA	NA	0.9978	-0.9086514549099336	0
141	H	K	M	NA	NA	NA	NA	0.9991	-1.5805468982168467	0
141	H	L	M	NA	NA	0.766	26.3	0.9758	0.45318686374390127	0
141	H	M	M	NA	NA	NA	NA	0.9971	0.3052287238750595	0
141	H	N	M	NA	NA	0.609	26.6	0.9928	1.2171614737714909	0
141	H	P	M	NA	NA	0.807	27.3	0.9659	2.7479333849180483	0
141	H	Q	M	NA	NA	0.623	17.314999999999998	0.9973	-1.8933169402248777	0
141	H	R	M	NA	NA	0.806	25.7	0.998	0.4937451260585466	0
141	H	S	M	NA	NA	NA	NA	0.9929	-0.8473414585257468	0
141	H	T	M	NA	NA	NA	NA	0.9983	0.780481168169999	0
141	H	V	M	NA	NA	NA	NA	0.9976	-0.7915708747243011	0
141	H	W	M	NA	NA	NA	NA	0.9818	-0.10070838398465085	0
141	H	Y	M	NA	NA	0.723	26.8	0.9792	0.8913550794389608	0
142	L	A	M	NA	NA	NA	NA	0.9915	-0.7409615936155663	0
142	L	C	M	NA	NA	NA	NA	0.9978	-0.5970179006593851	0
142	L	D	M	NA	NA	NA	NA	0.9996	0.7055780091065214	0
142	L	E	M	NA	NA	NA	NA	0.9983	-0.16274458377750783	0
142	L	F	M	NA	NA	0.5725	20.95	0.9887	-0.9211097317124981	0
142	L	G	M	NA	NA	NA	NA	0.9963	-0.3087006072749543	0
142	L	H	M	NA	NA	NA	NA	0.9986	3.819900117763113	0
142	L	I	M	NA	NA	0.508	23.4	0.9196	1.3106571217156842	0
142	L	K	M	NA	NA	NA	NA	0.9951	-0.9851051213490993	0
142	L	M	M	NA	NA	NA	NA	0.8145	1.6898930743622453	0
142	L	N	M	NA	NA	NA	NA	0.9982	0.0670386573618966	0
142	L	P	M	NA	NA	NA	NA	0.9991	1.4019535639718215	0
142	L	Q	M	NA	NA	NA	NA	0.9962	0.4990833616101603	0
142	L	R	M	NA	NA	NA	NA	0.9927	0.23069414417357087	0
142	L	S	M	NA	NA	0.887	26.7	0.9986	0.11186380627936271	0
142	L	T	M	NA	NA	NA	NA	0.9907	-0.6866529080132272	0
142	L	V	M	NA	NA	0.576	23.3	0.9545	1.2729918329291958	0
142	L	W	M	NA	NA	NA	NA	0.9955	0.43300025148269	0
142	L	Y	M	NA	NA	NA	NA	0.997	1.421580779527198	0
143	D	A	M	NA	NA	0.893	26.1	0.9945	0.4135939777803872	0
143	D	C	M	NA	NA	NA	NA	0.9997	0.24884567474448582	0
143	D	E	M	NA	NA	0.568	0.32399999999999995	0.9736	0.4232199726745183	0
143	D	F	M	NA	NA	NA	NA	0.9989	-2.6452376200942056	0
143	D	G	M	NA	NA	0.8	27.1	0.9938	-0.38328915472183467	0
143	D	H	M	NA	NA	0.738	28.7	0.9987	1.774252903054864	0
143	D	I	M	NA	NA	NA	NA	0.9995	-12.697654593304964	0
143	D	K	M	NA	NA	NA	NA	0.9996	1.146218772296039	0
143	D	L	M	NA	NA	NA	NA	0.9978	-1.7582062023083236	0
143	D	M	M	NA	NA	NA	NA	0.9998	-3.705548401020372	0
143	D	N	M	NA	NA	0.6	28.6	0.9933	-1.1087295393027705	0
143	D	P	M	NA	NA	NA	NA	0.9987	-3.4604077709049617	0
143	D	Q	M	NA	NA	NA	NA	0.9991	-1.1617649262626957	0
143	D	R	M	NA	NA	NA	NA	0.9992	-1.1394398843029476	0
143	D	S	M	NA	NA	NA	NA	0.994	-0.8058923109008764	0
143	D	T	M	NA	NA	NA	NA	0.9987	-0.22095515922401449	0
143	D	V	M	NA	NA	0.912	26.6	0.9979	-0.5204592757571763	0
143	D	W	M	NA	NA	NA	NA	0.9997	1.7419808451729097	0
143	D	Y	M	NA	NA	0.822	28.8	0.9962	-2.2457424476264896	0
144	A	C	M	NA	NA	NA	NA	0.9795	0.45152373311572247	0
144	A	D	M	NA	NA	0.672	25.7	0.9992	-0.13050494414831856	0
144	A	E	M	NA	NA	NA	NA	0.9988	-0.979651771110134	0
144	A	F	M	NA	NA	NA	NA	0.9941	-0.680332186049507	0
144	A	G	M	NA	NA	0.515	25.5	0.9362	-0.7470140896628893	0
144	A	H	M	NA	NA	NA	NA	0.9971	2.467023543605025	0
144	A	I	M	NA	NA	NA	NA	0.9974	-3.5628397090434714	0
144	A	K	M	NA	NA	NA	NA	0.9997	-0.4961031106757448	0
144	A	L	M	NA	NA	NA	NA	0.9821	0.699500236916946	0
144	A	M	M	NA	NA	NA	NA	0.9921	0.02782495302270456	0
144	A	N	M	NA	NA	NA	NA	0.9922	0.6604536226326837	0
144	A	P	M	NA	NA	0.649	24.6	0.9697	-1.0336813024036775	0
144	A	Q	M	NA	NA	NA	NA	0.9946	-0.6686861426532026	0
144	A	R	M	NA	NA	NA	NA	0.9975	-0.2721239001335106	0
144	A	S	M	NA	NA	0.554	22.4	0.5695	0.6215280531649927	0
144	A	T	M	Uncertain significance	Hereditary cancer-predisposing syndrome	0.49	25	0.9768	-0.19381850258167638	0
144	A	V	M	NA	NA	0.537	26.1	0.98740000000000006	-0.06983894476107451	0
144	A	W	M	NA	NA	NA	NA	0.9993	-0.8580310596379743	0
144	A	Y	M	NA	NA	NA	NA	0.997	0.6040997682285166	0
145	V	A	M	NA	NA	0.855	25.4	0.9907	0.8794972935746664	0
145	V	C	M	NA	NA	NA	NA	0.9925	0.7179001816937791	0
145	V	D	M	NA	NA	NA	NA	0.9998	-0.27727957272314374	0
145	V	E	M	NA	NA	0.906	25.8	0.9989	-0.019328633517157273	0
145	V	F	M	NA	NA	NA	NA	0.9816	-2.0576309089349496	0
145	V	G	M	Uncertain significance	not provided	0.894	25.9	0.9927	1.53911107822164	0
145	V	H	M	NA	NA	NA	NA	0.9996	4.243574726152271	0
145	V	I	M	NA	NA	NA	NA	0.2912	-2.798176600394228	0
145	V	K	M	NA	NA	NA	NA	0.9993	-2.3150369948436333	0
145	V	L	M	NA	NA	0.646	26.35	0.9399	-0.21862782733049765	0
145	V	M	M	Uncertain significance	not specified|Hereditary cancer-predisposing syndrome	0.675	29	0.9733	0.2731178409122508	0
145	V	N	M	NA	NA	NA	NA	0.998	-6.6567754364539855	0
145	V	P	M	NA	NA	NA	NA	0.9903	-1.1059274643456734	0
145	V	Q	M	NA	NA	NA	NA	0.9983	0.38166318502630686	0
145	V	R	M	NA	NA	NA	NA	0.9981	-4.146006715811544	0
145	V	S	M	NA	NA	NA	NA	0.9926	2.476216579277553	0
145	V	T	M	NA	NA	NA	NA	0.9822	0.8043210494934849	0
145	V	W	M	NA	NA	NA	NA	0.9997	-2.822824156276604	0
145	V	Y	M	NA	NA	NA	NA	0.9987	-0.051677467602090965	0
146	P	A	M	NA	NA	0.858	24.9	0.9756	-1.1994753129285716	0
146	P	C	M	NA	NA	NA	NA	0.9986	0.23992502526502074	0
146	P	D	M	NA	NA	NA	NA	0.9998	-0.5965058077619162	0
146	P	E	M	NA	NA	NA	NA	0.9996	0.22646752577190907	0
146	P	F	M	NA	NA	NA	NA	0.9997	0.1517404783613014	0
146	P	G	M	NA	NA	NA	NA	0.9946	0.581848868254951	0
146	P	H	M	NA	NA	NA	NA	0.999	0.14266386945763015	0
146	P	I	M	NA	NA	NA	NA	0.9991	-0.1266662440938501	0
146	P	K	M	NA	NA	NA	NA	0.9997	0.3485270117336432	0
146	P	L	M	NA	NA	0.906	26.6	0.9947	0.24239496044009606	0
146	P	M	M	NA	NA	NA	NA	0.9994	-0.17083880154744913	0
146	P	N	M	NA	NA	NA	NA	0.9995	1.1352106775515942	0
146	P	Q	M	NA	NA	0.842	25.8	0.999	0.11982160068285982	0
146	P	R	M	Uncertain significance	See cases	0.9	26	0.9983	-0.3943620608224366	0
146	P	S	M	NA	NA	0.882	25.4	0.996	0.5272623078296547	0
146	P	T	M	NA	NA	0.913	25.1	0.9965	-0.29025995688294204	0
146	P	V	M	NA	NA	NA	NA	0.9962	0.8424600959959416	0
146	P	W	M	NA	NA	NA	NA	0.9999	-0.07835019154332908	0
146	P	Y	M	NA	NA	NA	NA	0.9997	-1.685994311868782	0
147	C	A	M	NA	NA	NA	NA	0.5013	0.15434640036354036	0
147	C	D	M	NA	NA	NA	NA	0.9884	0.9253386916772763	0
147	C	E	M	NA	NA	NA	NA	0.99	-0.6811925820657464	0
147	C	F	M	NA	NA	0.914	26.8	0.8118	-0.04936056943558034	0
147	C	G	M	NA	NA	0.86	23.9	0.4648	-0.2929535938039807	0
147	C	H	M	NA	NA	NA	NA	0.9638	0.39590069286788354	0
147	C	I	M	NA	NA	NA	NA	0.8983	0.8235467266175447	0
147	C	K	M	NA	NA	NA	NA	0.9967	-0.1949201476170589	0
147	C	L	M	NA	NA	NA	NA	0.8599	-2.4303793424076927	0
147	C	M	M	NA	NA	NA	NA	0.8601	0.11934222107638691	0
147	C	N	M	NA	NA	NA	NA	0.8319	0.26360148751129303	0
147	C	P	M	NA	NA	NA	NA	0.9617	0.2741218573099867	0
147	C	Q	M	NA	NA	NA	NA	0.9288	-0.7893468349993529	0
147	C	R	M	NA	NA	0.895	25.5	0.9816	-0.47223927988691206	0
147	C	S	M	NA	NA	0.758	21.9	0.3285	-0.9818197665592375	0
147	C	T	M	NA	NA	NA	NA	0.663	0.7552582455707358	0
147	C	V	M	NA	NA	NA	NA	0.702	-0.4697033565933877	0
147	C	W	M	NA	NA	0.74	21.6	0.9755	-0.5438210815867555	0
147	C	Y	M	Uncertain significance	not provided	0.93	26.9	0.94	0.015246639220382637	0
148	S	A	M	NA	NA	0.544	21.7	0.1499	-1.4409217866312867	0
148	S	C	M	NA	NA	0.855	27.8	0.3903	0.25556229581974577	0
148	S	D	M	NA	NA	NA	NA	0.9961	-3.5125540873425134	0
148	S	E	M	NA	NA	NA	NA	0.9959	-0.8799767108618516	0
148	S	F	M	NA	NA	0.914	28.1	0.9711	-0.017312832387352727	0
148	S	G	M	NA	NA	NA	NA	0.5063	-1.1466280486333411	0
148	S	H	M	NA	NA	NA	NA	0.9783	-0.764359485788338	0
148	S	I	M	NA	NA	NA	NA	0.9728	-0.19523454846613073	0
148	S	K	M	NA	NA	NA	NA	0.9993	0.43935903055838177	0
148	S	L	M	NA	NA	NA	NA	0.8494	-1.1538493966792331	0
148	S	M	M	NA	NA	NA	NA	0.9218	0.040155860532945925	0
148	S	N	M	NA	NA	NA	NA	0.9375	-0.5403153763049655	0
148	S	P	M	NA	NA	0.852	23	0.5575	-0.610355652011065	0
148	S	Q	M	NA	NA	NA	NA	0.9828	-1.6234995633988043	0
148	S	R	M	NA	NA	NA	NA	0.998	0.8738401077766428	0
148	S	T	M	NA	NA	0.659	22.1	0.6039	-1.148466529545897	0
148	S	V	M	NA	NA	NA	NA	0.9214	-0.08760543937263883	0
148	S	W	M	NA	NA	NA	NA	0.9881	0.8782169349352207	0
148	S	Y	M	NA	NA	0.903	27.1	0.9714	0.49289871164156107	0
149	T	A	M	NA	NA	0.895	26.4	0.7114	-0.0705817303949429	0
149	T	C	M	NA	NA	NA	NA	0.9083	-0.7839867358201635	0
149	T	D	M	NA	NA	NA	NA	0.9934	0.49777893660020434	0
149	T	E	M	NA	NA	NA	NA	0.9948	-2.659733493028346	0
149	T	F	M	NA	NA	NA	NA	0.9861	-1.1801941780648288	0
149	T	G	M	NA	NA	NA	NA	0.841	-0.8928244716434833	0
149	T	H	M	NA	NA	NA	NA	0.9493	-1.9586109709785673	0
149	T	I	M	NA	NA	0.916	27.5	0.9893	0.13698854340628708	0
149	T	K	M	NA	NA	0.913	27.8	0.9938	0.2048249510669135	0
149	T	L	M	NA	NA	NA	NA	0.9207	-0.49858288911597454	0
149	T	M	M	NA	NA	NA	NA	0.8899	-0.13506198951482107	0
149	T	N	M	NA	NA	NA	NA	0.8803	0.19821319181751157	0
149	T	P	M	NA	NA	0.935	27.3	0.9074	1.1782191968773665	0
149	T	Q	M	NA	NA	NA	NA	0.9735	-1.6152281170592044	0
149	T	R	M	NA	NA	0.909	27.1	0.9884	-0.9512671089455391	0
149	T	S	M	NA	NA	0.826	25.3	0.4614	-0.9594909001973632	0
149	T	V	M	NA	NA	NA	NA	0.9094	-0.16397632522321637	0
149	T	W	M	NA	NA	NA	NA	0.9955	-0.0016544036222803232	0
149	T	Y	M	NA	NA	NA	NA	0.9882	0.9781049103110216	0
150	T	A	M	Uncertain significance	not provided	0.453	22.3	0.0643	0.086375315606314	0
150	T	C	M	NA	NA	NA	NA	0.3068	-0.451182139974567	0
150	T	D	M	NA	NA	NA	NA	0.804	0.2571437932803289	0
150	T	E	M	NA	NA	NA	NA	0.8013	0.48160718278904585	0
150	T	F	M	NA	NA	NA	NA	0.3827	0.0691435207081158	0
150	T	G	M	NA	NA	NA	NA	0.1598	-2.4299449483955486	0
150	T	H	M	NA	NA	NA	NA	0.3697	-0.666743228628784	0
150	T	I	M	NA	NA	0.696	24.6	0.2546	-0.2565010024461847	0
150	T	K	M	NA	NA	NA	NA	0.7975	1.4420293680913796	0
150	T	L	M	NA	NA	NA	NA	0.141	1.523865499296562	0
150	T	M	M	NA	NA	NA	NA	0.1113	1.800080958070257	0
150	T	N	M	NA	NA	0.544	24.2	0.1263	-0.07975196353620798	0
150	T	P	M	NA	NA	0.596	20.6	0.0829	1.4837542471708793	0
150	T	Q	M	NA	NA	NA	NA	0.4116	-1.5691082921610824	0
150	T	R	M	NA	NA	NA	NA	0.7714	-3.460943483074251	0
150	T	S	M	NA	NA	0.4635	22	0.0865	0.10734920914834994	0
150	T	V	M	NA	NA	NA	NA	0.15310000000000001	-0.1973535002930877	0
150	T	W	M	NA	NA	NA	NA	0.8041	-0.34966774956876845	0
150	T	Y	M	NA	NA	NA	NA	0.5057	0.7184917221346085	0
151	I	A	M	NA	NA	NA	NA	0.9355	1.3373877377614702	0
151	I	C	M	NA	NA	NA	NA	0.9697	0.874426146299009	0
151	I	D	M	NA	NA	NA	NA	0.9988	1.3247070647715624	0
151	I	E	M	NA	NA	NA	NA	0.9963	0.15937121221253747	0
151	I	F	M	NA	NA	0.88	26.9	0.8528	-0.06491958246133066	0
151	I	G	M	NA	NA	NA	NA	0.9889	0.7690972122690596	0
151	I	H	M	NA	NA	NA	NA	0.9963	0.0039807225568662535	0
151	I	K	M	NA	NA	NA	NA	0.9948	-0.06758223384700676	0
151	I	L	M	NA	NA	0.72	24.4	0.4789	-0.07407106479101926	0
151	I	M	M	NA	NA	0.789	25	0.5754	0.771363484302253	0
151	I	N	M	NA	NA	0.95	27.8	0.9801	0.43378434621437745	0
151	I	P	M	NA	NA	NA	NA	0.9443	-0.8833793214070202	0
151	I	Q	M	NA	NA	NA	NA	0.9936	1.1269409942224213	0
151	I	R	M	NA	NA	NA	NA	0.9908	0.0011449289793630524	0
151	I	S	M	NA	NA	0.915	27.5	0.9651	0.3590949266765908	0
151	I	T	M	NA	NA	0.907	24.4	0.938	0.16401735565538458	0
151	I	V	M	NA	NA	0.522	21.8	0.0945	0.55210916544739	0
151	I	W	M	NA	NA	NA	NA	0.995	-2.2094012827473266	0
151	I	Y	M	NA	NA	NA	NA	0.9885	-0.33174914957375284	0
152	N	A	M	NA	NA	NA	NA	0.2515	1.977742036684471	0
152	N	C	M	NA	NA	NA	NA	0.209	-0.20816769269656432	0
152	N	D	M	NA	NA	0.65	24.8	0.7509	0.07925670112232365	0
152	N	E	M	NA	NA	NA	NA	0.9433	-0.6631429679886062	0
152	N	F	M	NA	NA	NA	NA	0.7269	0.3189341585373504	0
152	N	G	M	NA	NA	NA	NA	0.258	-1.224056124593139	0
152	N	H	M	NA	NA	0.778	26.3	0.2407	-0.5404585701410766	0
152	N	I	M	NA	NA	0.841	24.9	0.3992	2.2138775636912067	0
152	N	K	M	NA	NA	0.585	20.55	0.9286	0.1943394305037424	0
152	N	L	M	NA	NA	NA	NA	0.3392	0.5701347280207011	0
152	N	M	M	NA	NA	NA	NA	0.5004	-1.4164740605956245	0
152	N	P	M	NA	NA	NA	NA	0.598	-6.909407604366995	0
152	N	Q	M	NA	NA	NA	NA	0.647	-0.1582068289250241	0
152	N	R	M	NA	NA	NA	NA	0.9049	-1.047300997142289	0
152	N	S	M	NA	NA	0.439	21.8	0.0644	-0.15458868831812025	0
152	N	T	M	NA	NA	0.555	22.8	0.1829	-1.6667074136749447	0
152	N	V	M	NA	NA	NA	NA	0.3339	0.11316879878021735	0
152	N	W	M	NA	NA	NA	NA	0.9195	-2.4954172534008547	0
152	N	Y	M	NA	NA	0.888	26.9	0.4382	-0.36168071310128097	0
153	R	A	M	NA	NA	NA	NA	0.9676	1.25615790437597	0
153	R	C	M	NA	NA	NA	NA	0.7852	0.056602530898444886	0
153	R	D	M	NA	NA	NA	NA	0.9852	-3.259474386198192	0
153	R	E	M	NA	NA	NA	NA	0.9621	-0.1922092804192516	0
153	R	F	M	NA	NA	NA	NA	0.9769	-3.041923265238877	0
153	R	G	M	NA	NA	0.865	25.2	0.8907	0.24532870962849063	0
153	R	H	M	NA	NA	NA	NA	0.4611	2.220164784321285	0
153	R	I	M	NA	NA	NA	NA	0.9658	-3.186675251940451	0
153	R	K	M	NA	NA	0.637	24.3	0.3865	0.04150811766953144	0
153	R	L	M	NA	NA	NA	NA	0.9167	1.10461506137639	0
153	R	M	M	NA	NA	0.863	31	0.9744	1.8313817802833632	0
153	R	N	M	NA	NA	NA	NA	0.9751	-0.47717502266261697	0
153	R	P	M	NA	NA	NA	NA	0.9415	-1.7259990576979733	0
153	R	Q	M	NA	NA	NA	NA	0.606	-2.3602914147054244	0
153	R	S	M	NA	NA	0.813	27.65	0.9729	0.6196286532854007	0
153	R	T	M	NA	NA	0.801	29	0.9648	-0.2569293907441964	0
153	R	V	M	NA	NA	NA	NA	0.9632	-0.5220887560718531	0
153	R	W	M	NA	NA	0.896	27.3	0.8077	-0.05303343672547023	0
153	R	Y	M	NA	NA	NA	NA	0.9238	-3.503276263029957	0
154	N	A	M	NA	NA	NA	NA	0.1872	-0.9909854793986768	0
154	N	C	M	NA	NA	NA	NA	0.1862	2.4061621030949043	0
154	N	D	M	NA	NA	0.557	24.8	0.6611	0.5164505417650114	0
154	N	E	M	NA	NA	NA	NA	0.8616	-1.957271757398486	0
154	N	F	M	NA	NA	NA	NA	0.5049	-1.1470490289987345	0
154	N	G	M	NA	NA	NA	NA	0.189	0.6418464154043908	0
154	N	H	M	NA	NA	0.506	23	0.1995	-0.867883172657333	0
154	N	I	M	NA	NA	0.563	22.9	0.2022	1.024025051335077	0
154	N	K	M	NA	NA	0.44	18.315	0.841	0.7306575004633482	0
154	N	L	M	NA	NA	NA	NA	0.203	-1.0667346333423378	0
154	N	M	M	NA	NA	NA	NA	0.2695	-0.6431574437872923	0
154	N	P	M	NA	NA	NA	NA	0.4376	1.6016278784460654	0
154	N	Q	M	NA	NA	NA	NA	0.5134	-3.0430730569044657	0
154	N	R	M	NA	NA	NA	NA	0.8466	0.8194660583106731	0
154	N	S	M	Uncertain significance	not provided|Hereditary cancer-predisposing syndrome	0.367	21.3	0.0686	1.608375360229791	0
154	N	T	M	NA	NA	0.448	22.8	0.1048	-1.906458275650386	0
154	N	V	M	NA	NA	NA	NA	0.1881	2.3476512246067434	0
154	N	W	M	NA	NA	NA	NA	0.8229	-4.985191385604582	0
154	N	Y	M	Uncertain significance	Hereditary cancer-predisposing syndrome	0.701	33	0.2926	-0.10249711861816445	0
155	R	A	M	NA	NA	NA	NA	0.9544	-0.5074168441672946	0
155	R	C	M	Uncertain significance	not provided	0.919	33	0.8016	-0.1926712300851745	0
155	R	D	M	NA	NA	NA	NA	0.9832	-0.64885988177842	0
155	R	E	M	NA	NA	NA	NA	0.9612	-1.3491500884721994	0
155	R	F	M	NA	NA	NA	NA	0.9727	-0.8016794530165902	0
155	R	G	M	NA	NA	0.934	28.5	0.8811	-0.35773223268347254	0
155	R	H	M	Uncertain significance	Hereditary cancer-predisposing syndrome	0.735	32	0.5549	-0.10148805178425202	0
155	R	I	M	NA	NA	NA	NA	0.9331	-0.7944995268749385	0
155	R	K	M	NA	NA	NA	NA	0.3475	-0.5900693054294934	0
155	R	L	M	NA	NA	0.832	26	0.8824	-0.07726489814332771	0
155	R	M	M	NA	NA	NA	NA	0.9584	-0.3875709088128326	0
155	R	N	M	NA	NA	NA	NA	0.9745	-0.5433276009957944	0
155	R	P	M	NA	NA	0.819	26.4	0.9397	-0.18999671852034236	0
155	R	Q	M	NA	NA	NA	NA	0.5924	-0.7821081549329985	0
155	R	S	M	NA	NA	0.896	28	0.9704	1.3508996989206548	0
155	R	T	M	NA	NA	NA	NA	0.9498	-0.5305003326938739	0
155	R	V	M	NA	NA	NA	NA	0.9328	1.2368579920572198	0
155	R	W	M	NA	NA	NA	NA	0.8552	-0.45992978641915416	0
155	R	Y	M	NA	NA	NA	NA	0.9402	-0.22631645802249464	0
156	M	A	M	NA	NA	NA	NA	0.2274	-0.5649972253237071	0
156	M	C	M	NA	NA	NA	NA	0.5509	-0.9362583270441777	0
156	M	D	M	NA	NA	NA	NA	0.8858	0.7443044329495657	0
156	M	E	M	NA	NA	NA	NA	0.7658	-1.4851276869083059	0
156	M	F	M	NA	NA	NA	NA	0.2321	1.8328229771199953	0
156	M	G	M	NA	NA	NA	NA	0.4201	1.4570430133478436	0
156	M	H	M	NA	NA	NA	NA	0.4994	-1.2287512360919106	0
156	M	I	M	Uncertain significance	Hereditary cancer-predisposing syndrome	0.387	22.166666666666664	0.1214	1.6860166941542059	0
156	M	K	M	NA	NA	0.661	22.5	0.4723	1.1762237751664888	0
156	M	L	M	NA	NA	0.282	19.295	0.0624	0.07100835896290475	0
156	M	N	M	NA	NA	NA	NA	0.4284	-1.7703820876362855	0
156	M	P	M	NA	NA	NA	NA	0.3051	-2.7078599867942814	0
156	M	Q	M	NA	NA	NA	NA	0.3195	-1.219950710456625	0
156	M	R	M	NA	NA	0.667	23	0.4712	-0.5494651801215769	0
156	M	S	M	NA	NA	NA	NA	0.3199	-0.8951625599930573	0
156	M	T	M	Uncertain significance	not provided|Hereditary cancer-predisposing syndrome	0.524	22.1	0.1738	-0.23386156700525892	0
156	M	V	M	Uncertain significance	Hereditary cancer-predisposing syndrome|not provided	0.376	18.94	0.0692	0.5390317754534674	0
156	M	W	M	NA	NA	NA	NA	0.5348	-0.9104477678524743	0
156	M	Y	M	NA	NA	NA	NA	0.5262	-1.3294736460206797	0
157	G	A	M	NA	NA	0.627	23.6	0.1213	0.3466469294204064	0
157	G	C	M	Uncertain significance	not provided	0.87	32	0.1955	0.8700473062563107	0
157	G	D	M	NA	NA	0.835	26.3	0.7766	0.8601540627786768	0
157	G	E	M	NA	NA	NA	NA	0.7258	-1.512053027666575	0
157	G	F	M	NA	NA	NA	NA	0.559	0.3116416325120525	0
157	G	H	M	NA	NA	NA	NA	0.6245	-0.6851064306408922	0
157	G	I	M	NA	NA	NA	NA	0.2213	-1.7476201020001345	0
157	G	K	M	NA	NA	NA	NA	0.9144	-0.9316537018951221	0
157	G	L	M	NA	NA	NA	NA	0.3346	-1.020095379488314	0
157	G	M	M	NA	NA	NA	NA	0.3858	-1.072840372295645	0
157	G	N	M	NA	NA	NA	NA	0.3292	-0.780171098001879	0
157	G	P	M	NA	NA	NA	NA	0.6743	-0.687126810515877	0
157	G	Q	M	NA	NA	NA	NA	0.5953	-0.46883696978697864	0
157	G	R	M	NA	NA	0.814	26.3	0.8558	0.6939035418281415	0
157	G	S	M	NA	NA	0.681	24.1	0.1056	0.21461980974614683	0
157	G	T	M	NA	NA	NA	NA	0.154	-0.8166921080923878	0
157	G	V	M	NA	NA	0.837	24.2	0.1375	0.03726446679558765	0
157	G	W	M	NA	NA	NA	NA	0.612	-0.18044441731349414	0
157	G	Y	M	NA	NA	NA	NA	0.5541	-3.577985613838255	0
158	R	A	M	NA	NA	NA	NA	0.6057	-2.7803368266313386	0
158	R	C	M	NA	NA	NA	NA	0.368	-1.3696012618296631	0
158	R	D	M	NA	NA	NA	NA	0.8031	-0.8960762003783201	0
158	R	E	M	NA	NA	NA	NA	0.609	-2.443547684412832	0
158	R	F	M	NA	NA	NA	NA	0.7499	-2.438296550404252	0
158	R	G	M	NA	NA	0.73	24.6	0.3842	-0.8900111205256358	0
158	R	H	M	NA	NA	NA	NA	0.1712	-1.4459993517341179	0
158	R	I	M	NA	NA	NA	NA	0.5986	-0.4677654675551927	0
158	R	K	M	NA	NA	NA	NA	0.0961	-2.308951635260041	0
158	R	L	M	Uncertain significance	not provided	0.815	26.9	0.4931	0.15980631385865568	0
158	R	M	M	NA	NA	NA	NA	0.5949	-0.24150177203505654	0
158	R	N	M	NA	NA	NA	NA	0.7319	-4.1155863785061335	0
158	R	P	M	NA	NA	0.694	24.8	0.5348	1.489125622840858	0
158	R	Q	M	Uncertain significance	not provided|Hereditary cancer-predisposing syndrome	0.57	25.4	0.1699	-1.2544890309809804	0
158	R	S	M	NA	NA	NA	NA	0.6883	-0.7745924222207072	0
158	R	T	M	NA	NA	NA	NA	0.5272	-0.6143749342803925	0
158	R	V	M	NA	NA	NA	NA	0.61	-2.2941829548506276	0
158	R	W	M	NA	NA	NA	NA	0.384	0.8263795426336051	0
158	R	Y	M	NA	NA	NA	NA	0.6258	1.2012353924162105	0
159	D	A	M	NA	NA	0.705	23	0.356	-1.5467304732947371	0
159	D	C	M	NA	NA	NA	NA	0.7496	-1.2336688101859323	0
159	D	E	M	NA	NA	0.4945	20.75	0.0898	-0.13586850045010893	0
159	D	F	M	NA	NA	NA	NA	0.7925	-3.6622622999173915	0
159	D	G	M	NA	NA	0.764	28.5	0.3058	0.7052347053825081	0
159	D	H	M	NA	NA	0.704	26	0.5924	1.8233272335732917	0
159	D	I	M	NA	NA	NA	NA	0.559	-0.40459857043572256	0
159	D	K	M	NA	NA	NA	NA	0.6884	-0.1361694229600392	0
159	D	L	M	NA	NA	NA	NA	0.572	-0.5259669558474461	0
159	D	M	M	NA	NA	NA	NA	0.7402	-1.4906752350897245	0
159	D	N	M	NA	NA	0.462	23.8	0.2133	0.4358432731672064	0
159	D	P	M	NA	NA	NA	NA	0.6866	-1.4003386034556582	0
159	D	Q	M	NA	NA	NA	NA	0.4786	0.23478153897865395	0
159	D	R	M	NA	NA	NA	NA	0.7272	-1.5693601979549445	0
159	D	S	M	NA	NA	NA	NA	0.274	0.08036288333464248	0
159	D	T	M	NA	NA	NA	NA	0.3975	-0.9560273249974263	0
159	D	V	M	NA	NA	0.8	23.1	0.3955	-0.45455420047678424	0
159	D	W	M	NA	NA	NA	NA	0.9391	-0.3195371387511111	0
159	D	Y	M	NA	NA	0.789	29.1	0.5338	0.8513190020693648	0
160	K	A	M	NA	NA	NA	NA	0.8905	1.6401319566713164	0
160	K	C	M	NA	NA	NA	NA	0.9266	0.24682774605597946	0
160	K	D	M	NA	NA	NA	NA	0.9595	-0.8460587608273825	0
160	K	E	M	NA	NA	0.914	27.5	0.8526	1.0432220625940754	0
160	K	F	M	NA	NA	NA	NA	0.9824	-1.8292498961020884	0
160	K	G	M	NA	NA	NA	NA	0.8528	-1.240765911863212	0
160	K	H	M	NA	NA	NA	NA	0.6752	0.5622633220846136	0
160	K	I	M	NA	NA	NA	NA	0.9198	0.09926114315508128	0
160	K	L	M	NA	NA	NA	NA	0.8874	0.2870038676894634	0
160	K	M	M	NA	NA	0.929	28.3	0.8858	0.4406551408281565	0
160	K	N	M	NA	NA	0.773	25.35	0.9329	1.1206712346673668	0
160	K	P	M	NA	NA	NA	NA	0.898	-3.5767437160834854	0
160	K	Q	M	NA	NA	0.864	27.1	0.463	1.4413898670283278	0
160	K	R	M	NA	NA	0.639	22.7	0.0745	0.38543383479914156	0
160	K	S	M	NA	NA	NA	NA	0.9135	0.525004577435294	0
160	K	T	M	NA	NA	0.901	27.2	0.8349	-1.0499707832730008	0
160	K	V	M	NA	NA	NA	NA	0.8741	-1.3684979198636023	0
160	K	W	M	NA	NA	NA	NA	0.959	0.5098559033868854	0
160	K	Y	M	NA	NA	NA	NA	0.9499	-1.1855777859318075	0
161	K	A	M	NA	NA	NA	NA	0.6483	-0.5413916683229295	0
161	K	C	M	NA	NA	NA	NA	0.7479	-0.9165187341408993	0
161	K	D	M	NA	NA	NA	NA	0.8967	-0.3161637040625883	0
161	K	E	M	NA	NA	0.66	22.3	0.5775	0.4913697978141099	0
161	K	F	M	NA	NA	NA	NA	0.8802	-0.34414002607510097	0
161	K	G	M	NA	NA	NA	NA	0.6905	-1.059391629837603	0
161	K	H	M	NA	NA	NA	NA	0.4541	1.4656567084739287	0
161	K	I	M	NA	NA	NA	NA	0.4457	-0.8449022377009341	0
161	K	L	M	NA	NA	NA	NA	0.5077	-1.576323493087485	0
161	K	M	M	NA	NA	0.744	23.8	0.4282	0.18192239679743596	0
161	K	N	M	NA	NA	0.482	20.65	0.7263	1.174322154598538	0
161	K	P	M	NA	NA	NA	NA	0.6897	-0.3907194348234363	0
161	K	Q	M	NA	NA	0.458	22.5	0.2088	-1.6528872542848454	0
161	K	R	M	NA	NA	0.559	22.4	0.0861	0.35899368797513076	0
161	K	S	M	NA	NA	NA	NA	0.7367	-1.1106467461821345	0
161	K	T	M	NA	NA	0.664	22.2	0.4262	-0.13251706799355156	0
161	K	V	M	NA	NA	NA	NA	0.399	-0.3597743711825196	0
161	K	W	M	NA	NA	NA	NA	0.8653	-0.7482631330468374	0
161	K	Y	M	NA	NA	NA	NA	0.7964	-0.27940669462711737	0
162	R	A	M	NA	NA	NA	NA	0.961	0.014397666551917876	0
162	R	C	M	NA	NA	NA	NA	0.8572	-0.2892643020772073	0
162	R	D	M	NA	NA	NA	NA	0.9845	-1.2671738007131645	0
162	R	E	M	NA	NA	NA	NA	0.9542	-0.24848548038237195	0
162	R	F	M	NA	NA	NA	NA	0.9805	0.4422522004175335	0
162	R	G	M	NA	NA	0.934	24.4	0.915	-0.06878696068774554	0
162	R	H	M	NA	NA	NA	NA	0.617	-2.5772870159179484	0
162	R	I	M	NA	NA	0.887	32	0.9556	0.9577842748008385	0
162	R	K	M	NA	NA	0.648	23.3	0.3636	0.3444371060278052	0
162	R	L	M	NA	NA	NA	NA	0.896	-0.5982979004885064	0
162	R	M	M	NA	NA	NA	NA	0.9625	-0.6959492093395017	0
162	R	N	M	NA	NA	NA	NA	0.9771	-0.8380039595612683	0
162	R	P	M	NA	NA	NA	NA	0.9436	0.5108005955761517	0
162	R	Q	M	NA	NA	NA	NA	0.6414	-0.44936236965432563	0
162	R	S	M	NA	NA	0.828	22.4	0.9815	-0.21403342755122512	0
162	R	T	M	NA	NA	0.86	28.3	0.9671	1.1695294634297633	0
162	R	V	M	NA	NA	NA	NA	0.9458	-1.1648984258377084	0
162	R	W	M	NA	NA	NA	NA	0.8982	-1.04915585490156	0
162	R	Y	M	NA	NA	NA	NA	0.9429	-0.6423041610860326	0
163	T	A	M	Uncertain significance	SMARCB1-related disorder|Intellectual disability, autosomal dominant 15	0.766	25.9	0.1935	-0.49130078632731744	0
163	T	C	M	NA	NA	NA	NA	0.5952	-0.6923059608684257	0
163	T	D	M	NA	NA	NA	NA	0.8435	-1.359411143944073	0
163	T	E	M	NA	NA	NA	NA	0.8562	-0.7585619314422688	0
163	T	F	M	NA	NA	NA	NA	0.6686	-0.6279126799390281	0
163	T	G	M	NA	NA	NA	NA	0.3868	-1.1456967555624535	0
163	T	H	M	NA	NA	NA	NA	0.6078	0.5818737037605176	0
163	T	I	M	NA	NA	0.901	26.8	0.4698	-1.1553569907404881	0
163	T	K	M	NA	NA	NA	NA	0.828	-0.2549386379686638	0
163	T	L	M	NA	NA	NA	NA	0.3141	-1.4193306439656692	0
163	T	M	M	NA	NA	NA	NA	0.2311	-0.42465944253223026	0
163	T	N	M	NA	NA	0.738	26.1	0.3058	-0.24271492757357827	0
163	T	P	M	NA	NA	0.877	26.9	0.3611	-0.9370589708666408	0
163	T	Q	M	NA	NA	NA	NA	0.644	-1.4337167465321936	0
163	T	R	M	NA	NA	NA	NA	0.7925	-0.19847315239286897	0
163	T	S	M	Uncertain significance	not provided	0.6695	22.200000000000003	0.1458	-0.10530170635484745	0
163	T	V	M	NA	NA	NA	NA	0.3085	-1.3020608473156177	0
163	T	W	M	NA	NA	NA	NA	0.9077	0.1901159249530318	0
163	T	Y	M	NA	NA	NA	NA	0.7318	-0.3828972366590358	0
164	F	A	M	NA	NA	NA	NA	0.9899	-1.2459372407151956	0
164	F	C	M	NA	NA	0.965	28.9	0.9762	-0.23497743698808077	0
164	F	D	M	NA	NA	NA	NA	0.9982	-0.9721869310654416	0
164	F	E	M	NA	NA	NA	NA	0.998	-0.8556201170554192	0
164	F	G	M	NA	NA	NA	NA	0.9957	0.1852835455287552	0
164	F	H	M	NA	NA	NA	NA	0.9773	-1.1518786186297818	0
164	F	I	M	NA	NA	0.851	27.3	0.9619	0.23270020044416903	0
164	F	K	M	NA	NA	NA	NA	0.9981	-0.6296219428837555	0
164	F	L	M	Uncertain significance	not provided	0.8076666666666666	20.506666666666668	0.9954	0.10732349377357842	0
164	F	M	M	NA	NA	NA	NA	0.977	-0.7097628109592453	0
164	F	N	M	NA	NA	NA	NA	0.991	-0.17575623094678308	0
164	F	P	M	NA	NA	NA	NA	0.9988	-1.7292975632175358	0
164	F	Q	M	NA	NA	NA	NA	0.9942	-1.1183577029625706	0
164	F	R	M	NA	NA	NA	NA	0.9936	-1.7894657032905692	0
164	F	S	M	NA	NA	0.932	27.6	0.9829	0.25583546859395717	0
164	F	T	M	NA	NA	NA	NA	0.9935	0.0017166651806438948	0
164	F	V	M	NA	NA	0.927	27.4	0.9516	0.23509270758449735	0
164	F	W	M	NA	NA	NA	NA	0.9017	-2.3493080171071647	0
164	F	Y	M	NA	NA	0.807	23.3	0.5169	0.6903012805580904	0
165	P	A	M	NA	NA	0.845	24	0.877	-0.6932327034923151	0
165	P	C	M	NA	NA	NA	NA	0.9863	-2.120365752840571	0
165	P	D	M	NA	NA	NA	NA	0.9981	-1.3332510937742588	0
165	P	E	M	NA	NA	NA	NA	0.9954	-0.960023276309541	0
165	P	F	M	NA	NA	NA	NA	0.9955	-0.15236739557957868	0
165	P	G	M	NA	NA	NA	NA	0.9771	-1.767215091776604	0
165	P	H	M	NA	NA	0.925	27.6	0.9811	0.816032706438368	0
165	P	I	M	NA	NA	NA	NA	0.9861	0.29370609181261775	0
165	P	K	M	NA	NA	NA	NA	0.9968	-1.2377354310289763	0
165	P	L	M	NA	NA	0.887	27.8	0.9359	0.3728401442261513	0
165	P	M	M	NA	NA	NA	NA	0.9913	-0.23712578974512974	0
165	P	N	M	NA	NA	NA	NA	0.9953	-2.266587555038038	0
165	P	Q	M	NA	NA	NA	NA	0.9838	0.09055898074325906	0
165	P	R	M	NA	NA	0.917	27.6	0.9836	-1.2925279720696536	0
165	P	S	M	NA	NA	0.858	26.7	0.9676	-0.993023675872712	0
165	P	T	M	NA	NA	0.928	26.5	0.9696	0.9223582108446549	0
165	P	V	M	NA	NA	NA	NA	0.962	-0.41132140917176185	0
165	P	W	M	NA	NA	NA	NA	0.9979	-0.9399244224935974	0
165	P	Y	M	NA	NA	NA	NA	0.9948	-1.4348962306552022	0
166	L	A	M	NA	NA	NA	NA	0.6099	-2.4501164163552334	0
166	L	C	M	NA	NA	NA	NA	0.8027	-1.0294785844029246	0
166	L	D	M	NA	NA	NA	NA	0.9784	-0.01773482370738909	0
166	L	E	M	NA	NA	NA	NA	0.9162	-2.031348272396306	0
166	L	F	M	NA	NA	0.542	21.5	0.2292	0.16432919363165413	0
166	L	G	M	NA	NA	NA	NA	0.891	-0.5824045620450564	0
166	L	H	M	NA	NA	0.899	24.8	0.7208	-0.4161104965883644	0
166	L	I	M	NA	NA	0.593	20.8	0.1788	0.6437201224130245	0
166	L	K	M	NA	NA	NA	NA	0.8875	-1.3403826637079006	0
166	L	M	M	NA	NA	NA	NA	0.1424	-0.7721468928807242	0
166	L	N	M	NA	NA	NA	NA	0.8403	-0.6465360253841652	0
166	L	P	M	NA	NA	0.907	27.3	0.8609	-0.6104388830381218	0
166	L	Q	M	NA	NA	NA	NA	0.6065	-2.068605669818411	0
166	L	R	M	NA	NA	0.895	27.4	0.8131	-0.017704432663144087	0
166	L	S	M	NA	NA	NA	NA	0.726	-1.1905758138318276	0
166	L	T	M	NA	NA	NA	NA	0.5585	-0.0827216317086582	0
166	L	V	M	NA	NA	0.584	22.5	0.1716	-0.505020092579372	0
166	L	W	M	NA	NA	NA	NA	0.6628	-2.121599709608359	0
166	L	Y	M	NA	NA	NA	NA	0.6702	-0.9146373367077203	0
167	C	A	M	NA	NA	NA	NA	0.8409	-0.8346620825013629	0
167	C	D	M	NA	NA	NA	NA	0.996	0.401861864183768	0
167	C	E	M	NA	NA	NA	NA	0.9978	-1.6752590840478196	0
167	C	F	M	NA	NA	0.6234999999999999	32	0.9049	0.05360915270646571	0
167	C	G	M	NA	NA	0.698	24.8	0.8396	-0.9679625650558171	0
167	C	H	M	NA	NA	NA	NA	0.9899	-3.6115421532379184	0
167	C	I	M	NA	NA	NA	NA	0.9215	-3.0383450738664552	0
167	C	K	M	NA	NA	NA	NA	0.9989	-0.7730048605522319	0
167	C	L	M	NA	NA	NA	NA	0.7714	-3.588007111622241	0
167	C	M	M	NA	NA	NA	NA	0.9299	-0.19819237169427384	0
167	C	N	M	NA	NA	NA	NA	0.9822	-0.38435441861986236	0
167	C	P	M	NA	NA	NA	NA	0.9909	0.7358636705080803	0
167	C	Q	M	NA	NA	NA	NA	0.9939	-0.03532789162434202	0
167	C	R	M	NA	NA	0.7030000000000001	25.2	0.9923	-0.0642204056963292	0
167	C	S	M	NA	NA	0.62325	24.35	0.8845	0.48298629507140634	0
167	C	T	M	NA	NA	NA	NA	0.9337	-1.1016189813970705	0
167	C	V	M	NA	NA	NA	NA	0.8205	-0.6532579178962626	0
167	C	W	M	Uncertain significance	not provided|Hereditary cancer-predisposing syndrome	0.42375	24.7	0.9856	-1.7730449881416979	0
167	C	Y	M	NA	NA	0.78	32	0.9752	0.8668678688441551	0
168	F	A	M	NA	NA	NA	NA	0.9795	1.2531533775772443	0
168	F	C	M	NA	NA	0.5725	28.7	0.9127	-0.2818908487369588	0
168	F	D	M	NA	NA	NA	NA	0.9969	-1.55095922505753	0
168	F	E	M	NA	NA	NA	NA	0.9966	-0.3315205367454499	0
168	F	G	M	NA	NA	NA	NA	0.9898	0.5789360479354744	0
168	F	H	M	NA	NA	NA	NA	0.9727	0.4168076132068076	0
168	F	I	M	NA	NA	0.675	25.6	0.8882	-0.028844198065936133	0
168	F	K	M	NA	NA	NA	NA	0.9977	-1.2250221116018598	0
168	F	L	M	Uncertain significance	not provided	0.6355	21.31	0.9749	0.7807940407223646	0
168	F	M	M	NA	NA	NA	NA	0.9275	-1.3829304204638972	0
168	F	N	M	NA	NA	NA	NA	0.9879	-1.9306993116710465	0
168	F	P	M	NA	NA	NA	NA	0.9969	-1.033880195951687	0
168	F	Q	M	NA	NA	NA	NA	0.9934	-0.3440350859267853	0
168	F	R	M	NA	NA	NA	NA	0.9917	-0.539956403809087	0
168	F	S	M	NA	NA	0.822	25.7	0.9772	0.8460309661848918	0
168	F	T	M	NA	NA	NA	NA	0.9855	-1.1532972885777124	0
168	F	V	M	NA	NA	0.754	25.4	0.8677	0.8591762154412199	0
168	F	W	M	NA	NA	NA	NA	0.79990000000000006	-0.0732843824385559	0
168	F	Y	M	NA	NA	0.474	22.7	0.3296	1.1801580462093744	0
169	D	A	M	NA	NA	0.639	27.9	0.9834	-3.652857313455275	0
169	D	C	M	NA	NA	NA	NA	0.9979	-0.16909025578299974	0
169	D	E	M	NA	NA	0.49875	15.85	0.9584	-0.5946543095613681	0
169	D	F	M	NA	NA	NA	NA	0.9971	-2.068354546429227	0
169	D	G	M	NA	NA	0.7135	28.5	0.9734	0.07236876559368843	0
169	D	H	M	Uncertain significance	not provided|Hereditary cancer-predisposing syndrome	0.6615	32	0.9927	-3.173101686297376	0
169	D	I	M	NA	NA	NA	NA	0.9973	-4.207407332728606	0
169	D	K	M	NA	NA	NA	NA	0.9977	-2.484837767107376	0
169	D	L	M	NA	NA	NA	NA	0.9895	-2.5219663341215734	0
169	D	M	M	NA	NA	NA	NA	0.9987	-3.420949242770871	0
169	D	N	M	NA	NA	0.584	29.6	0.9498	0.42277469477794105	0
169	D	P	M	NA	NA	NA	NA	0.9976	-0.3906328757694164	0
169	D	Q	M	NA	NA	NA	NA	0.9952	-3.5912011017922607	0
169	D	R	M	NA	NA	NA	NA	0.9944	-6.25238468112896	0
169	D	S	M	NA	NA	NA	NA	0.9585	0.5876810118823794	0
169	D	T	M	NA	NA	NA	NA	0.9892	-5.179874941104211	0
169	D	V	M	NA	NA	0.6539999999999999	32	0.9918	-1.3453679451930247	0
169	D	W	M	NA	NA	NA	NA	0.9987	-1.8102841552578604	0
169	D	Y	M	NA	NA	0.7975	34	0.987	0.050143550382031	0
170	D	A	M	NA	NA	0.781	27.3	0.9897	-3.591591055106839	0
170	D	C	M	NA	NA	NA	NA	0.9984	-2.07726451643943	0
170	D	E	M	NA	NA	0.6527499999999999	20.85	0.9445	0.0923574869530106	0
170	D	F	M	NA	NA	NA	NA	0.9973	-9.115802408259944	0
170	D	G	M	Uncertain significance	not provided	0.9155	28.1	0.9835	0.49170386686179396	0
170	D	H	M	NA	NA	0.6715	26.6	0.9942	-1.357759686109849	0
170	D	I	M	NA	NA	NA	NA	0.9969	-3.0731441219293454	0
170	D	K	M	NA	NA	NA	NA	0.9977	-3.0897532766449824	0
170	D	L	M	NA	NA	NA	NA	0.9936	-5.025501905082782	0
170	D	M	M	NA	NA	NA	NA	0.9987	-3.534881584156233	0
170	D	N	M	Uncertain significance	not provided	0.544	34	0.9355	2.9252637053328376	0
170	D	P	M	NA	NA	NA	NA	0.9992	-0.8973521255841425	0
170	D	Q	M	NA	NA	NA	NA	0.9958	-5.448395600930978	0
170	D	R	M	NA	NA	NA	NA	0.9955	-2.846487300889184	0
170	D	S	M	NA	NA	NA	NA	0.9708	-0.8004922304270399	0
170	D	T	M	NA	NA	NA	NA	0.991	-1.617329043332867	0
170	D	V	M	NA	NA	0.7370000000000001	31	0.993	0.1364094487354378	0
170	D	W	M	NA	NA	NA	NA	0.9994	-5.026071944013728	0
170	D	Y	M	NA	NA	0.7969999999999999	34	0.9868	3.2130784614627683	0
171	H	A	M	NA	NA	NA	NA	0.6506	-0.73998720993438	0
171	H	C	M	NA	NA	NA	NA	0.3734	-2.316447177885003	0
171	H	D	M	NA	NA	0.752	22.7	0.8168	0.15731485807507561	0
171	H	E	M	NA	NA	NA	NA	0.7598	0.7108685188127475	0
171	H	F	M	NA	NA	NA	NA	0.5923	-2.543814752165662	0
171	H	G	M	NA	NA	NA	NA	0.7531	-1.4300528782964803	0
171	H	I	M	NA	NA	NA	NA	0.6689	-1.207437469480797	0
171	H	K	M	NA	NA	NA	NA	0.6615	0.1353736634881228	0
171	H	L	M	NA	NA	0.5225	21.8	0.2379	-1.8883605444740978	0
171	H	M	M	NA	NA	NA	NA	0.6399	-0.8243345342730346	0
171	H	N	M	NA	NA	0.564	23	0.2988	1.1363148101821396	0
171	H	P	M	NA	NA	0.651	23.3	0.9031	2.263789630405153	0
171	H	Q	M	NA	NA	0.484	0.1195	0.4673	-1.9753874796988624	0
171	H	R	M	Uncertain significance	not provided|Hereditary cancer-predisposing syndrome	0.6025	21.8	0.403	-0.6575166071526011	0
171	H	S	M	NA	NA	NA	NA	0.5446	3.6376039234602295	0
171	H	T	M	NA	NA	NA	NA	0.4245	-3.903099279906045	0
171	H	V	M	NA	NA	NA	NA	0.5655	-0.8134242408852274	0
171	H	W	M	NA	NA	NA	NA	0.7531	1.1599878961854375	0
171	H	Y	M	NA	NA	0.703	22.4	0.288	0.04544526002898197	0
172	D	A	M	NA	NA	0.6885	27.5	0.9457	-1.1171488929087658	0
172	D	C	M	NA	NA	NA	NA	0.9869	-2.8831301775132028	0
172	D	E	M	NA	NA	0.42325	19.5	0.7878	0.18679505367640414	0
172	D	F	M	NA	NA	NA	NA	0.9918	-1.0472987998868877	0
172	D	G	M	NA	NA	0.681	26	0.9849	0.8126812562955736	0
172	D	H	M	NA	NA	0.7755	26.5	0.9751	1.5432793724913176	0
172	D	I	M	NA	NA	NA	NA	0.9808	-4.311842988569427	0
172	D	K	M	NA	NA	NA	NA	0.9912	-1.4654964214792456	0
172	D	L	M	NA	NA	NA	NA	0.9628	1.4959139600736602	0
172	D	M	M	NA	NA	NA	NA	0.9941	0.31377140156306105	0
172	D	N	M	NA	NA	0.4825	29.3	0.8376	1.1556963448640674	0
172	D	P	M	NA	NA	NA	NA	0.9801	0.06853572553105652	0
172	D	Q	M	NA	NA	NA	NA	0.9838	-0.9195995620137551	0
172	D	R	M	NA	NA	NA	NA	0.9894	-0.10666074205951004	0
172	D	S	M	NA	NA	NA	NA	0.8989	-1.5932979641578464	0
172	D	T	M	NA	NA	NA	NA	0.9742	-1.4581331080283315	0
172	D	V	M	Uncertain significance	not provided	0.876	26.5	0.9584	-0.12657172404039627	0
172	D	W	M	NA	NA	NA	NA	0.9988	-0.46800325543075677	0
172	D	Y	M	NA	NA	0.7905	33	0.967	2.1324922334582137	0
173	P	A	M	Uncertain significance	not provided|Hereditary cancer-predisposing syndrome	0.667	23	0.4162	0.2433616467044381	0
173	P	C	M	NA	NA	NA	NA	0.9547	-0.3362088851938463	0
173	P	D	M	NA	NA	NA	NA	0.9886	-0.006575772146125092	0
173	P	E	M	NA	NA	NA	NA	0.9711	-0.483411890386387	0
173	P	F	M	NA	NA	NA	NA	0.9779	0.4171080695516559	0
173	P	G	M	NA	NA	NA	NA	0.923	-1.1659070675930416	0
173	P	H	M	NA	NA	NA	NA	0.9322	-2.2193932585076093	0
173	P	I	M	NA	NA	NA	NA	0.9384	-2.5374380252324364	0
173	P	K	M	NA	NA	NA	NA	0.9892	-1.2322008492982497	0
173	P	L	M	NA	NA	0.832	28	0.7624	-0.3515542609236795	0
173	P	M	M	NA	NA	NA	NA	0.8128	-0.5264695339877984	0
173	P	N	M	NA	NA	NA	NA	0.966	-1.2437686678305493	0
173	P	Q	M	NA	NA	0.6005	25.4	0.903	1.8188370581028936	0
173	P	R	M	NA	NA	0.5565	28.1	0.9656	0.8434979126447171	0
173	P	S	M	Uncertain significance	not provided	0.77	24.9	0.778	1.0338912310827513	0
173	P	T	M	NA	NA	0.826	23.4	0.7893	0.14814165596974202	0
173	P	V	M	NA	NA	NA	NA	0.8334	-0.2414307194367991	0
173	P	W	M	NA	NA	NA	NA	0.9925	-1.543062252538112	0
173	P	Y	M	NA	NA	NA	NA	0.9818	-0.7351763190189023	0
174	A	C	M	NA	NA	NA	NA	0.7336	1.0981887818378315	0
174	A	D	M	NA	NA	0.475	25.4	0.9397	0.7206920253631797	0
174	A	E	M	NA	NA	NA	NA	0.8957	-1.8131000907500467	0
174	A	F	M	NA	NA	NA	NA	0.8366	-2.208165024990493	0
174	A	G	M	NA	NA	0.584	25	0.2741	0.0935585839663794	0
174	A	H	M	NA	NA	NA	NA	0.9101	-1.4248519851762989	0
174	A	I	M	NA	NA	NA	NA	0.6783	-1.2986794534875974	0
174	A	K	M	NA	NA	NA	NA	0.9767	-2.6622859072765728	0
174	A	L	M	NA	NA	NA	NA	0.4997	-1.0208557803551048	0
174	A	M	M	NA	NA	NA	NA	0.5339	-0.8670041280293621	0
174	A	N	M	NA	NA	NA	NA	0.7045	-1.349268514075156	0
174	A	P	M	NA	NA	0.604	28.3	0.7376	-1.1205425903387585	0
174	A	Q	M	NA	NA	NA	NA	0.7964	0.5340283435073289	0
174	A	R	M	NA	NA	NA	NA	0.9566	-0.07915481692272341	0
174	A	S	M	Conflicting classifications of pathogenicity	Hereditary cancer-predisposing syndrome|not provided	0.6205	24.2	0.1477	0.5558807849350602	0
174	A	T	M	NA	NA	0.531	25.3	0.2313	-1.3522632875800689	0
174	A	V	M	NA	NA	0.665	25.3	0.3705	0.8975977756429565	0
174	A	W	M	NA	NA	NA	NA	0.9788	-1.87948135856846	0
174	A	Y	M	NA	NA	NA	NA	0.9216	-1.965323186014408	0
175	V	A	M	NA	NA	0.675	21.5	0.2687	0.9148468853056086	0
175	V	C	M	NA	NA	NA	NA	0.7933	0.05647601150276921	0
175	V	D	M	NA	NA	NA	NA	0.7769	-1.4267689178357816	0
175	V	E	M	NA	NA	0.761	23.5	0.7355	0.48786200169336236	0
175	V	F	M	NA	NA	NA	NA	0.3091	-2.0532362233246055	0
175	V	G	M	NA	NA	0.769	23.6	0.3597	0.2995148942893463	0
175	V	H	M	NA	NA	NA	NA	0.8492	-0.11155998399237403	0
175	V	I	M	NA	NA	NA	NA	0.0755	-0.5193100667511107	0
175	V	K	M	NA	NA	NA	NA	0.8744	-0.1541302397058767	0
175	V	L	M	NA	NA	0.552	23.450000000000003	0.1899	-0.5484883422369914	0
175	V	M	M	NA	NA	0.615	25	0.1603	0.7331049902542698	0
175	V	N	M	NA	NA	NA	NA	0.4574	0.33871714476771975	0
175	V	P	M	NA	NA	NA	NA	0.9045	1.0864770572855815	0
175	V	Q	M	NA	NA	NA	NA	0.6395	-0.9935346176731714	0
175	V	R	M	NA	NA	NA	NA	0.8417	-2.370881911442409	0
175	V	S	M	NA	NA	NA	NA	0.3285	-2.057616142728478	0
175	V	T	M	NA	NA	NA	NA	0.2872	2.0470448859209425	0
175	V	W	M	NA	NA	NA	NA	0.9499	-0.7189504773467535	0
175	V	Y	M	NA	NA	NA	NA	0.7908	-1.41705395083336	0
176	I	A	M	NA	NA	NA	NA	0.8937	-1.2480264627643725	0
176	I	C	M	NA	NA	NA	NA	0.8884	-2.6023639756995287	0
176	I	D	M	NA	NA	NA	NA	0.995	-0.4975966244347041	0
176	I	E	M	NA	NA	NA	NA	0.9867	-3.448840449359045	0
176	I	F	M	NA	NA	0.644	24.3	0.5273	-0.31505077167879203	0
176	I	G	M	NA	NA	NA	NA	0.978	-1.7199962883393656	0
176	I	H	M	NA	NA	NA	NA	0.9608	-0.6130902575131743	0
176	I	K	M	NA	NA	NA	NA	0.9856	0.2867208680526974	0
176	I	L	M	Uncertain significance	not provided	0.531	23.8	0.2431	1.4728806639893515	0
176	I	M	M	NA	NA	0.629	21.1	0.2467	-0.6394823949759912	0
176	I	N	M	NA	NA	0.71	24.5	0.8331	-2.267163371208917	0
176	I	P	M	NA	NA	NA	NA	0.9911	-2.2647047776251994	0
176	I	Q	M	NA	NA	NA	NA	0.9611	-3.990691825363621	0
176	I	R	M	NA	NA	NA	NA	0.9736	-2.4197878912340056	0
176	I	S	M	NA	NA	0.744	27.5	0.8786	0.9309576820961301	0
176	I	T	M	NA	NA	0.739	25.4	0.8239	0.22199516362050675	0
176	I	V	M	Uncertain significance	not provided	0.482	22.2	0.1492	1.0815017521226304	0
176	I	W	M	NA	NA	NA	NA	0.9717	-2.3058094641304905	0
176	I	Y	M	NA	NA	NA	NA	0.91	-1.5649850371380132	0
177	H	A	M	NA	NA	NA	NA	0.7897	-2.65332311218673	0
177	H	C	M	NA	NA	NA	NA	0.5247	0.4961500665187514	0
177	H	D	M	NA	NA	0.789	24.7	0.9403	-2.318169771268583	0
177	H	E	M	NA	NA	NA	NA	0.905	-0.3521415348174085	0
177	H	F	M	NA	NA	NA	NA	0.5896	-7.31017054092689	0
177	H	G	M	NA	NA	NA	NA	0.8892	-0.37787399953157474	0
177	H	I	M	NA	NA	NA	NA	0.8051	-5.28109950216793	0
177	H	K	M	NA	NA	NA	NA	0.9027	0.25874666103570576	0
177	H	L	M	NA	NA	0.633	22.4	0.4322	-3.789852435570857	0
177	H	M	M	NA	NA	NA	NA	0.7849	-3.0572285376703014	0
177	H	N	M	NA	NA	0.544	22.8	0.575	-1.143871062327884	0
177	H	P	M	NA	NA	0.832	24.7	0.9474	-5.005271906484678	0
177	H	Q	M	NA	NA	0.664	0.0605	0.6875	1.4255837543883851	0
177	H	R	M	NA	NA	0.691	22.4	0.683	-1.5527566560100485	0
177	H	S	M	NA	NA	NA	NA	0.7483	-6.802321277399058	0
177	H	T	M	NA	NA	NA	NA	0.8315	-5.484111646816981	0
177	H	V	M	NA	NA	NA	NA	0.7526	-2.5932097059595396	0
177	H	W	M	NA	NA	NA	NA	0.695	-2.540561867149463	0
177	H	Y	M	Uncertain significance	Rhabdoid tumor predisposition syndrome 1|Hereditary cancer-predisposing syndrome	0.639	22.8	0.3295	-1.1227525856675593	0
178	E	A	M	NA	NA	0.703	24.8	0.6991	-2.0341137603361563	0
178	E	C	M	NA	NA	NA	NA	0.9832	-1.493685229616917	0
178	E	D	M	NA	NA	0.419	20.85	0.2026	0.08522799315701327	0
178	E	F	M	NA	NA	NA	NA	0.9879	-1.7116971668960446	0
178	E	G	M	NA	NA	0.814	25.6	0.6627	-0.5686261784103752	0
178	E	H	M	NA	NA	NA	NA	0.9368	-0.10217139804829933	0
178	E	I	M	NA	NA	NA	NA	0.9432	0.652387213395467	0
178	E	K	M	NA	NA	0.635	24.7	0.8515	0.01811895737935143	0
178	E	L	M	NA	NA	NA	NA	0.9326	1.1711032528366494	0
178	E	M	M	NA	NA	NA	NA	0.952	-0.4062527212075416	0
178	E	N	M	NA	NA	NA	NA	0.7789	-1.5586075370844514	0
178	E	P	M	NA	NA	NA	NA	0.9961	-0.09411601027235059	0
178	E	Q	M	NA	NA	0.473	25.1	0.5996	-0.5061911729231472	0
178	E	R	M	NA	NA	NA	NA	0.8793	-1.2118504451394019	0
178	E	S	M	NA	NA	NA	NA	0.7171	0.17808423748444335	0
178	E	T	M	NA	NA	NA	NA	0.8371	0.12672324971939639	0
178	E	V	M	NA	NA	0.838	27.9	0.8742	0.04902446720869442	0
178	E	W	M	NA	NA	NA	NA	0.9946	-0.41312049550387886	0
178	E	Y	M	NA	NA	NA	NA	0.9703	1.1586140699909175	0
179	N	A	M	NA	NA	NA	NA	0.7012	-0.9364603270532511	0
179	N	C	M	NA	NA	NA	NA	0.7835	-0.9634003925490877	0
179	N	D	M	NA	NA	0.589	26.4	0.9637	-0.06462360137392659	0
179	N	E	M	NA	NA	NA	NA	0.9767	-0.3286961918283904	0
179	N	F	M	NA	NA	NA	NA	0.9838	0.6605526611644879	0
179	N	G	M	NA	NA	NA	NA	0.9141	0.04030029027839191	0
179	N	H	M	NA	NA	0.602	24.4	0.8916	-1.2056260352101908	0
179	N	I	M	NA	NA	0.84	26.9	0.7288	-0.26364917323070425	0
179	N	K	M	Uncertain significance	not provided	0.54	1.6885	0.9946	-0.30404771506450423	0
179	N	L	M	NA	NA	NA	NA	0.8509	-1.1631496407495845	0
179	N	M	M	NA	NA	NA	NA	0.8367	-0.6113238472851529	0
179	N	P	M	NA	NA	NA	NA	0.9975	-0.24841175726854642	0
179	N	Q	M	NA	NA	NA	NA	0.95	-1.519605172606147	0
179	N	R	M	NA	NA	NA	NA	0.9902	-0.1754899501736101	0
179	N	S	M	NA	NA	0.489	25.1	0.5724	-0.05445052853012065	0
179	N	T	M	NA	NA	0.603	26.1	0.7656	0.06884760622740871	0
179	N	V	M	NA	NA	NA	NA	0.6833	0.7914049343538738	0
179	N	W	M	NA	NA	NA	NA	0.9963	0.11999708138689237	0
179	N	Y	M	NA	NA	0.856	27.9	0.9082	-0.7449021818771262	0
180	A	C	M	NA	NA	NA	NA	0.8613	-1.4641834683519728	0
180	A	D	M	NA	NA	NA	NA	0.9968	0.7771421346053924	0
180	A	E	M	NA	NA	0.819	26.2	0.9947	-0.21463343083962047	0
180	A	F	M	NA	NA	NA	NA	0.9841	-0.5330278224847581	0
180	A	G	M	NA	NA	0.669	26.1	0.4556	-0.6793027599642291	0
180	A	H	M	NA	NA	NA	NA	0.98740000000000006	0.29847707143260827	0
180	A	I	M	NA	NA	NA	NA	0.987	-0.2707659770350184	0
180	A	K	M	NA	NA	NA	NA	0.9987	-0.7268053291796244	0
180	A	L	M	NA	NA	NA	NA	0.9699	0.5372056431968767	0
180	A	M	M	NA	NA	NA	NA	0.9711	-0.7766364052201413	0
180	A	N	M	NA	NA	NA	NA	0.9824	0.1712496057208869	0
180	A	P	M	Likely benign	Autism spectrum disorder	0.684	28.7	0.9992	1.4102636412367802	0
180	A	Q	M	NA	NA	NA	NA	0.9805	0.11532443614278853	0
180	A	R	M	NA	NA	NA	NA	0.993	-0.6019647046418841	0
180	A	S	M	Uncertain significance	not provided|not specified	0.418	22.7	0.1525	-0.3606036249214654	0
180	A	T	M	Uncertain significance	not provided	0.645	28.9	0.8846	-0.6250580433111058	0
180	A	V	M	Uncertain significance	not provided	0.655	26.4	0.9386	-0.2983122576156113	0
180	A	W	M	NA	NA	NA	NA	0.9986	-0.20324330830429999	0
180	A	Y	M	NA	NA	NA	NA	0.9908	-0.7339344047868552	0
181	S	A	M	NA	NA	0.191	19.46	0.0541	0.5689980147088843	0
181	S	C	M	NA	NA	0.346	27.3	0.0789	-0.6288459540321645	0
181	S	D	M	NA	NA	NA	NA	0.4551	-0.29438735375623776	0
181	S	E	M	NA	NA	NA	NA	0.4631	-0.7255502705156852	0
181	S	F	M	NA	NA	0.401	25.4	0.1692	-0.23798827264399885	0
181	S	G	M	NA	NA	NA	NA	0.0753	-0.787715914720303	0
181	S	H	M	NA	NA	NA	NA	0.3676	-0.016934077074759468	0
181	S	I	M	NA	NA	NA	NA	0.1286	-2.1568823974082347	0
181	S	K	M	NA	NA	NA	NA	0.6921	0.4563022278995331	0
181	S	L	M	NA	NA	NA	NA	0.0629	-0.11456510541191905	0
181	S	M	M	NA	NA	NA	NA	0.0937	0.060584142012910666	0
181	S	N	M	NA	NA	NA	NA	0.1079	-0.9573828439390513	0
181	S	P	M	NA	NA	0.442	23.7	0.8507	-0.3091342753204348	0
181	S	Q	M	NA	NA	NA	NA	0.3831	0.015697499882915078	0
181	S	R	M	NA	NA	NA	NA	0.6611	-1.2141408215711946	0
181	S	T	M	NA	NA	0.239	19.92	0.0588	0.6495159423404586	0
181	S	V	M	NA	NA	NA	NA	0.1112	-1.2429108654764804	0
181	S	W	M	NA	NA	NA	NA	0.4862	-0.04224532658757163	0
181	S	Y	M	NA	NA	0.406	27	0.2474	-0.0526762229393619	0
182	Q	A	M	NA	NA	NA	NA	0.2457	-0.1958712521622469	0
182	Q	C	M	NA	NA	NA	NA	0.5818	0.4269786371047629	0
182	Q	D	M	NA	NA	NA	NA	0.7899	-0.6648792580623779	0
182	Q	E	M	NA	NA	0.392	23.9	0.1827	-0.46429675967514994	0
182	Q	F	M	NA	NA	NA	NA	0.6692	-1.2232314948951182	0
182	Q	G	M	NA	NA	NA	NA	0.475	-0.34831228031399536	0
182	Q	H	M	Uncertain significance	not provided|Hereditary cancer-predisposing syndrome	0.596	22.9	0.3869	0.107493047712962	0
182	Q	I	M	NA	NA	NA	NA	0.2952	-0.7988501965681671	0
182	Q	K	M	NA	NA	0.555	24.9	0.2669	0.5174986076976601	0
182	Q	L	M	NA	NA	0.532	24.7	0.0934	0.5139564182407026	0
182	Q	M	M	NA	NA	NA	NA	0.2338	-0.32289913016122446	0
182	Q	N	M	NA	NA	NA	NA	0.4714	-0.3724671052569061	0
182	Q	P	M	NA	NA	0.774	27.5	0.9524	1.231097239661726	0
182	Q	R	M	NA	NA	0.585	26.4	0.2938	0.20914690986221846	0
182	Q	S	M	NA	NA	NA	NA	0.3334	-0.15451546889514	0
182	Q	T	M	NA	NA	NA	NA	0.2462	0.14970653317010227	0
182	Q	V	M	NA	NA	NA	NA	0.1891	-0.481225477438279	0
182	Q	W	M	NA	NA	NA	NA	0.8246	-0.6899331115625473	0
182	Q	Y	M	NA	NA	NA	NA	0.6309	0.04280275853130244	0
183	P	A	M	NA	NA	0.208	21.6	0.053	-0.8409910509496739	0
183	P	C	M	NA	NA	NA	NA	0.228	-1.2087817671644197	0
183	P	D	M	NA	NA	NA	NA	0.2117	-0.28032477312350956	0
183	P	E	M	NA	NA	NA	NA	0.1403	-1.6384358441355968	0
183	P	F	M	NA	NA	NA	NA	0.3292	-1.339517134138949	0
183	P	G	M	NA	NA	NA	NA	0.1547	-1.4777937731523723	0
183	P	H	M	NA	NA	0.236	24.5	0.1348	0.7531540310228704	0
183	P	I	M	NA	NA	NA	NA	0.1649	-1.8362511259311893	0
183	P	K	M	NA	NA	NA	NA	0.168	-0.18999257490551785	0
183	P	L	M	Uncertain significance	Hereditary cancer-predisposing syndrome	0.329	23.3	0.0831	-0.6131070369985583	0
183	P	M	M	NA	NA	NA	NA	0.1331	-0.2895484665167878	0
183	P	N	M	NA	NA	NA	NA	0.1136	0.28391799468210493	0
183	P	Q	M	NA	NA	NA	NA	0.0851	-0.7195169489116833	0
183	P	R	M	NA	NA	0.206	24.5	0.1572	-1.3204945760902032	0
183	P	S	M	Uncertain significance	not provided	0.198	22.2	0.0719	0.09940413268792382	0
183	P	T	M	NA	NA	0.206	22.2	0.0642	-0.2828588294540967	0
183	P	V	M	NA	NA	NA	NA	0.112	-0.340556161908221	0
183	P	W	M	NA	NA	NA	NA	0.5244	0.020878075665361623	0
183	P	Y	M	NA	NA	NA	NA	0.3186	0.151481877395904	0
184	E	A	M	NA	NA	0.874	28.6	0.5484	-0.6899616960878453	0
184	E	C	M	NA	NA	NA	NA	0.957	-0.06705341351932703	0
184	E	D	M	Uncertain significance	not provided	0.4445	20.5	0.3549	0.16471573749810653	0
184	E	F	M	NA	NA	NA	NA	0.9907	-0.42931067562513664	0
184	E	G	M	NA	NA	0.914	26.7	0.7933	-0.7052604164579901	0
184	E	H	M	NA	NA	NA	NA	0.9669	-2.202063066143936	0
184	E	I	M	NA	NA	NA	NA	0.8074	-1.291831541724397	0
184	E	K	M	Uncertain significance	not provided|Hereditary cancer-predisposing syndrome	0.756	33	0.9196	0.29094946083748796	0
184	E	L	M	NA	NA	NA	NA	0.8929	0.5307133568080972	0
184	E	M	M	NA	NA	NA	NA	0.8934	-0.9129589937413958	0
184	E	N	M	NA	NA	NA	NA	0.7794	-0.3209151429654961	0
184	E	P	M	NA	NA	NA	NA	0.9327	-0.009474049459946347	0
184	E	Q	M	Uncertain significance	Hereditary cancer-predisposing syndrome	0.656	31	0.6226	-1.1596907841600954	0
184	E	R	M	NA	NA	NA	NA	0.9394	-1.1712563503059308	0
184	E	S	M	NA	NA	NA	NA	0.666	-2.0941446669297297	0
184	E	T	M	NA	NA	NA	NA	0.6645	-2.1676690194557833	0
184	E	V	M	NA	NA	0.865	26.5	0.5819	0.14602140551758203	0
184	E	W	M	NA	NA	NA	NA	0.9973	-0.5667550680992758	0
184	E	Y	M	NA	NA	NA	NA	0.985	-1.5350714143425652	0
185	V	A	M	NA	NA	0.324	23	0.2354	-0.7928010771216385	0
185	V	C	M	NA	NA	NA	NA	0.5483	-0.9343680897568886	0
185	V	D	M	NA	NA	NA	NA	0.5278	-2.1740876319692366	0
185	V	E	M	NA	NA	0.383	23.2	0.4135	-0.0014350002467640732	0
185	V	F	M	NA	NA	NA	NA	0.1927	-1.8901436446079225	0
185	V	G	M	NA	NA	0.581	24.4	0.3833	-0.6041058526532199	0
185	V	H	M	NA	NA	NA	NA	0.5454	-1.5396657762224735	0
185	V	I	M	NA	NA	NA	NA	0.0669	-0.8898784424240718	0
185	V	K	M	NA	NA	NA	NA	0.5544	-1.4140509652116466	0
185	V	L	M	NA	NA	0.297	23.4	0.164	-1.0683319078670497	0
185	V	M	M	Uncertain significance	Hereditary cancer-predisposing syndrome|not provided	0.315	24.4	0.1108	0.24452975758450932	0
185	V	N	M	NA	NA	NA	NA	0.2239	-1.1558459539647559	0
185	V	P	M	NA	NA	NA	NA	0.9806	-0.8895009864308101	0
185	V	Q	M	NA	NA	NA	NA	0.3284	-4.046515769065772	0
185	V	R	M	NA	NA	NA	NA	0.5506	-0.725167582438448	0
185	V	S	M	NA	NA	NA	NA	0.2358	-2.9253985261855524	0
185	V	T	M	NA	NA	NA	NA	0.1925	-1.8398804060990632	0
185	V	W	M	NA	NA	NA	NA	0.8338	-1.1934741792020838	0
185	V	Y	M	NA	NA	NA	NA	0.514	0.14961788101242823	0
186	L	A	M	NA	NA	NA	NA	0.9784	-1.0044895934819877	0
186	L	C	M	NA	NA	NA	NA	0.9788	-2.4869313620392783	0
186	L	D	M	NA	NA	NA	NA	0.9995	-2.5331590089792577	0
186	L	E	M	NA	NA	NA	NA	0.9981	-1.6460920741336549	0
186	L	F	M	NA	NA	NA	NA	0.8732	-2.8070720440792263	0
186	L	G	M	NA	NA	NA	NA	0.996	-1.0396935457225256	0
186	L	H	M	NA	NA	NA	NA	0.9901	-0.8643082953178863	0
186	L	I	M	NA	NA	NA	NA	0.8051	0.7471301992780066	0
186	L	K	M	NA	NA	NA	NA	0.9935	-2.4809111895884906	0
186	L	M	M	NA	NA	0.834	25.8	0.69	0.12823949015691882	0
186	L	N	M	NA	NA	NA	NA	0.9943	-0.2939874360102304	0
186	L	P	M	Uncertain significance	Hereditary cancer-predisposing syndrome|not provided	0.975	33	0.9936	0.2150579757593854	0
186	L	Q	M	NA	NA	0.968	32	0.9906	-1.7699066682609104	0
186	L	R	M	NA	NA	0.951	32	0.9862	-1.5134387620773055	0
186	L	S	M	NA	NA	NA	NA	0.9946	-2.192450960487709	0
186	L	T	M	NA	NA	NA	NA	0.9786	-1.5291510494689178	0
186	L	V	M	NA	NA	0.865	25.5	0.8302	-0.43596716844639954	0
186	L	W	M	NA	NA	NA	NA	0.9758	-1.6644103122678555	0
186	L	Y	M	NA	NA	NA	NA	0.9623	-2.0636394279178587	0
187	V	A	M	NA	NA	0.894	29.9	0.9788	-0.5027317164162614	0
187	V	C	M	NA	NA	NA	NA	0.974	-1.8170339231415311	0
187	V	D	M	NA	NA	0.956	33	0.9999	0.7816831747196067	0
187	V	E	M	NA	NA	NA	NA	0.9997	-0.7897399127828231	0
187	V	F	M	Uncertain significance	not provided|Hereditary cancer-predisposing syndrome	0.891	33	0.9946	-1.3336082625171408	0
187	V	G	M	NA	NA	0.964	33	0.9952	-0.5408193449102124	0
187	V	H	M	NA	NA	NA	NA	0.9998	-1.1141398485888765	0
187	V	I	M	NA	NA	0.386	24.1	0.2006	-0.8628447916459423	0
187	V	K	M	NA	NA	NA	NA	0.9997	-0.2692513312059884	0
187	V	L	M	NA	NA	0.814	31	0.9612	-1.1024087556117728	0
187	V	M	M	NA	NA	NA	NA	0.9864	0.06443920542055828	0
187	V	N	M	NA	NA	NA	NA	0.9995	-2.104354399511102	0
187	V	P	M	NA	NA	NA	NA	0.999	0.6095722218999592	0
187	V	Q	M	NA	NA	NA	NA	0.9991	-2.457938106010759	0
187	V	R	M	NA	NA	NA	NA	0.999	-0.20220954026376647	0
187	V	S	M	NA	NA	NA	NA	0.9938	-1.2730144330471038	0
187	V	T	M	NA	NA	NA	NA	0.9808	-1.3156511474604171	0
187	V	W	M	NA	NA	NA	NA	0.9999	-2.665380865690245	0
187	V	Y	M	NA	NA	NA	NA	0.9994	-2.2265309024385607	0
188	P	A	M	NA	NA	0.965	29.2	0.9725	0.13806652759334218	0
188	P	C	M	NA	NA	NA	NA	0.9985	-1.2291358897766804	0
188	P	D	M	NA	NA	NA	NA	0.9999	-1.3054470621966359	0
188	P	E	M	NA	NA	NA	NA	0.9998	-1.4099455385645987	0
188	P	F	M	NA	NA	NA	NA	1	-1.762772507148684	0
188	P	G	M	NA	NA	NA	NA	0.9969	0.2797543935779435	0
188	P	H	M	NA	NA	0.977	32	0.9997	1.4119511340434614	0
188	P	I	M	NA	NA	NA	NA	0.9997	-1.2201131936712957	0
188	P	K	M	NA	NA	NA	NA	0.9999	-1.0106275647093503	0
188	P	L	M	NA	NA	0.975	32	0.9967	0.06242823966822375	0
188	P	M	M	NA	NA	NA	NA	0.9997	-0.7008106623655681	0
188	P	N	M	NA	NA	NA	NA	0.9998	0.22940986853685852	0
188	P	Q	M	NA	NA	NA	NA	0.9996	-0.9456855785430407	0
188	P	R	M	NA	NA	0.986	32	0.9996	-0.4476866908017677	0
188	P	S	M	Uncertain significance	not provided	0.956	31	0.9972	0.3081272650948561	0
188	P	T	M	NA	NA	0.968	29.7	0.9979	0.9070751842473932	0
188	P	V	M	NA	NA	NA	NA	0.9984	-1.8672668503863776	0
188	P	W	M	NA	NA	NA	NA	1	-1.435185023216131	0
188	P	Y	M	NA	NA	NA	NA	0.9999	-1.6636608732723182	0
189	I	A	M	NA	NA	NA	NA	0.9953	-1.5851926144934658	0
189	I	C	M	NA	NA	NA	NA	0.992	-0.2817756925517584	0
189	I	D	M	NA	NA	NA	NA	1	-1.0286516062775841	0
189	I	E	M	NA	NA	NA	NA	0.9999	-0.5518816710092054	0
189	I	F	M	NA	NA	0.95	29.4	0.9954	-0.6181532667108061	0
189	I	G	M	NA	NA	NA	NA	0.9998	-1.5206334381545257	0
189	I	H	M	NA	NA	NA	NA	1	0.1529075591497171	0
189	I	K	M	NA	NA	NA	NA	0.9999	0.21216715554235696	0
189	I	L	M	NA	NA	0.818	27.3	0.6858	0.22185832406017134	0
189	I	M	M	Uncertain significance	Hereditary cancer-predisposing syndrome	0.842	24.5	0.9109	-0.5874883699113751	0
189	I	N	M	NA	NA	0.953	33	0.9998	0.38475527567624307	0
189	I	P	M	NA	NA	NA	NA	0.9998	-0.11310341569635961	0
189	I	Q	M	NA	NA	NA	NA	0.9999	-1.307743600674387	0
189	I	R	M	NA	NA	NA	NA	0.9999	-1.0443525919638725	0
189	I	S	M	NA	NA	0.927	29	0.999	-0.15530850016735595	0
189	I	T	M	Uncertain significance	Hereditary cancer-predisposing syndrome	0.961	32	0.9951	0.48576676009308867	0
189	I	V	M	Uncertain significance	not provided	0.645	24	0.0848	-0.08735895013415074	0
189	I	W	M	NA	NA	NA	NA	1	-0.5610617712873008	0
189	I	Y	M	NA	NA	NA	NA	0.9999	-1.5626976088044888	0
190	R	A	M	NA	NA	NA	NA	0.9994	-1.0294650612122436	0
190	R	C	M	NA	NA	NA	NA	0.9918	-0.025962564622981403	0
190	R	D	M	NA	NA	NA	NA	0.9998	-0.14559265683516467	0
190	R	E	M	NA	NA	NA	NA	0.999	0.07753197936375916	0
190	R	F	M	NA	NA	NA	NA	0.9995	-0.22425418328042557	0
190	R	G	M	NA	NA	0.824	28.5	0.9988	-0.25008519971396737	0
190	R	H	M	NA	NA	NA	NA	0.9859	0.023546999360632037	0
190	R	I	M	NA	NA	NA	NA	0.9988	-2.432525340446488	0
190	R	K	M	NA	NA	NA	NA	0.9787	-1.6775861204047713	0
190	R	L	M	NA	NA	0.941	34	0.9972	1.1638680605596177	0
190	R	M	M	NA	NA	NA	NA	0.9998	0.028010730909542425	0
190	R	N	M	NA	NA	NA	NA	0.9997	-0.7188429986071172	0
190	R	P	M	NA	NA	0.947	34	0.9996	-0.049416102500346504	0
190	R	Q	M	NA	NA	0.822	34	0.9914	0.6074500953760043	0
190	R	S	M	NA	NA	NA	NA	0.9994	-0.5422191026174391	0
190	R	T	M	NA	NA	NA	NA	0.9995	-0.16070243832720565	0
190	R	V	M	NA	NA	NA	NA	0.9987	-1.5021101575614855	0
190	R	W	M	Conflicting classifications of pathogenicity	Hereditary cancer-predisposing syndrome|Autism spectrum disorder|Schwannomatosis 1|not provided	0.907	33	0.9964	0.47573938144667394	0
190	R	Y	M	NA	NA	NA	NA	0.9987	-0.21044807035260193	0
191	L	A	M	NA	NA	NA	NA	0.9936	1.211574757906614	0
191	L	C	M	NA	NA	NA	NA	0.9829	-0.8453818209594867	0
191	L	D	M	NA	NA	NA	NA	1	-0.03490965197780044	0
191	L	E	M	NA	NA	NA	NA	0.9997	1.5251557154715787	0
191	L	F	M	NA	NA	NA	NA	0.9799	-0.8964372388559397	0
191	L	G	M	NA	NA	NA	NA	0.9995	0.805980626390749	0
191	L	H	M	NA	NA	NA	NA	0.9996	0.4835147313109034	0
191	L	I	M	NA	NA	NA	NA	0.2987	-1.4801971982669178	0
191	L	K	M	NA	NA	NA	NA	0.9996	0.13496148072024738	0
191	L	M	M	NA	NA	0.688	24.2	0.6205	0.12775794135863205	0
191	L	N	M	NA	NA	NA	NA	0.9996	-0.1253372217443129	0
191	L	P	M	NA	NA	0.927	33	0.9998	0.9245284952584042	0
191	L	Q	M	NA	NA	0.946	33	0.9993	0.7071020944176779	0
191	L	R	M	NA	NA	0.93	33	0.9993	0.9799341869123779	0
191	L	S	M	NA	NA	NA	NA	0.9996	0.1443175137100295	0
191	L	T	M	NA	NA	NA	NA	0.994	-0.11555710689939938	0
191	L	V	M	NA	NA	0.685	24.5	0.4808	0.1481576221136185	0
191	L	W	M	NA	NA	NA	NA	0.9986	0.44912963547210005	0
191	L	Y	M	NA	NA	NA	NA	0.9988	0.050811171262832966	0
192	D	A	M	NA	NA	0.913	32	0.997	-0.4536723535660507	0
192	D	C	M	NA	NA	NA	NA	0.9998	-0.7247265795014021	0
192	D	E	M	NA	NA	0.552	23.2	0.9704	0.0439942585802966	0
192	D	F	M	NA	NA	NA	NA	0.9993	-0.7308113727372298	0
192	D	G	M	NA	NA	0.927	28.4	0.9977	0.6159375965396803	0
192	D	H	M	NA	NA	0.936	33	0.9991	0.42980065734921546	0
192	D	I	M	NA	NA	NA	NA	0.9995	-1.0370944052142945	0
192	D	K	M	NA	NA	NA	NA	0.9998	-0.1844783371987217	0
192	D	L	M	NA	NA	NA	NA	0.9982	-0.997498710103928	0
192	D	M	M	NA	NA	NA	NA	0.9998	-0.8385085277128653	0
192	D	N	M	NA	NA	0.559	33	0.9916	0.7989300898211762	0
192	D	P	M	NA	NA	NA	NA	0.9998	-1.1140854861627971	0
192	D	Q	M	NA	NA	NA	NA	0.9991	-0.26951568686134675	0
192	D	R	M	NA	NA	NA	NA	0.9995	-0.6123511721421191	0
192	D	S	M	NA	NA	NA	NA	0.9948	-1.4067815610882004	0
192	D	T	M	NA	NA	NA	NA	0.999	-1.2745099344909108	0
192	D	V	M	NA	NA	0.934	32	0.9981	0.7927804733327457	0
192	D	W	M	NA	NA	NA	NA	0.9999	-0.5037370572276192	0
192	D	Y	M	NA	NA	0.932	33	0.9972	0.8265386963040371	0
193	M	A	M	NA	NA	NA	NA	0.9819	-0.6890925328286328	0
193	M	C	M	NA	NA	NA	NA	0.9599	-0.306832459954451	0
193	M	D	M	NA	NA	NA	NA	0.9999	-0.9294499908654195	0
193	M	E	M	NA	NA	NA	NA	0.998	-1.5138990713842695	0
193	M	F	M	NA	NA	NA	NA	0.8946	-0.18530543149788856	0
193	M	G	M	NA	NA	NA	NA	0.9977	-0.6644502315454069	0
193	M	H	M	NA	NA	NA	NA	0.9988	-2.307189145050217	0
193	M	I	M	Uncertain significance	not provided	0.39	24.366666666666667	0.8294	-0.18456265379482542	0
193	M	K	M	NA	NA	0.914	30	0.9941	-0.8376674288749237	0
193	M	L	M	NA	NA	0.325	23.5	0.4907	0.5084315065749593	0
193	M	N	M	NA	NA	NA	NA	0.9983	-0.46069250257211447	0
193	M	P	M	NA	NA	NA	NA	0.9999	-2.641159667341606	0
193	M	Q	M	NA	NA	NA	NA	0.987	-2.853232110107201	0
193	M	R	M	NA	NA	0.915	33	0.995	-1.1854511962210146	0
193	M	S	M	NA	NA	NA	NA	0.9937	-0.35910254665150165	0
193	M	T	M	Uncertain significance	not provided	0.898	28.4	0.9666	-0.20044192205513245	0
193	M	V	M	Uncertain significance	Hereditary cancer-predisposing syndrome	0.52	24.7	0.3688	-0.6310730194145143	0
193	M	W	M	NA	NA	NA	NA	0.9969	-0.14824852164875602	0
193	M	Y	M	NA	NA	NA	NA	0.9951	-2.5592653781507817	0
194	E	A	M	NA	NA	0.928	29.6	0.993	-3.5156726139045	0
194	E	C	M	NA	NA	NA	NA	0.9996	-8.722136541945003	0
194	E	D	M	Uncertain significance	not provided	0.4085	20.799999999999997	0.6757	-1.911483381352167	0
194	E	F	M	NA	NA	NA	NA	0.9998	-0.458817195626988	0
194	E	G	M	NA	NA	0.928	33	0.9939	-1.7932486373281047	0
194	E	H	M	NA	NA	NA	NA	0.9994	-3.0189743180207596	0
194	E	I	M	NA	NA	NA	NA	0.9985	-1.516107101977026	0
194	E	K	M	NA	NA	0.893	33	0.999	-0.5859688947793733	0
194	E	L	M	NA	NA	NA	NA	0.9989	-2.0358154904301187	0
194	E	M	M	NA	NA	NA	NA	0.9988	-3.80757116846834	0
194	E	N	M	NA	NA	NA	NA	0.9908	-7.270256051770299	0
194	E	P	M	NA	NA	NA	NA	0.9999	-3.6844188427598215	0
194	E	Q	M	NA	NA	0.678	32	0.9921	0.0022972806551973812	0
194	E	R	M	NA	NA	NA	NA	0.9988	-3.0698694351025404	0
194	E	S	M	NA	NA	NA	NA	0.994	-2.3174788920141034	0
194	E	T	M	NA	NA	NA	NA	0.9963	-2.782381528803766	0
194	E	V	M	NA	NA	0.948	32	0.9949	-0.49451674873337936	0
194	E	W	M	NA	NA	NA	NA	0.9999	-2.402538206348651	0
194	E	Y	M	NA	NA	NA	NA	0.9994	-0.9739853738428246	0
195	I	A	M	NA	NA	NA	NA	0.8118	0.046686079640119504	0
195	I	C	M	NA	NA	NA	NA	0.9098	-3.7028842788777343	0
195	I	D	M	NA	NA	NA	NA	0.9961	-0.7229261618025127	0
195	I	E	M	NA	NA	NA	NA	0.9886	-0.18227614706168302	0
195	I	F	M	Uncertain significance	Hereditary cancer-predisposing syndrome|not provided	0.494	25.6	0.2879	-1.6546003210734066	0
195	I	G	M	NA	NA	NA	NA	0.9783	-1.7909051709685433	0
195	I	H	M	NA	NA	NA	NA	0.9597	-1.2010456041483422	0
195	I	K	M	NA	NA	NA	NA	0.9833	-1.0826922436018078	0
195	I	L	M	NA	NA	0.401	23.3	0.1714	2.3153940824867467	0
195	I	M	M	Uncertain significance	not provided	0.518	2.613	0.1546	-0.28022280097894064	0
195	I	N	M	NA	NA	0.715	30	0.92490000000000006	0.216835169585958	0
195	I	P	M	NA	NA	NA	NA	0.9968	-0.4749531398282174	0
195	I	Q	M	NA	NA	NA	NA	0.9674	-1.0140312273274756	0
195	I	R	M	NA	NA	NA	NA	0.9692	-1.9221452833260593	0
195	I	S	M	NA	NA	0.653	29.9	0.8976	1.224018973842538	0
195	I	T	M	NA	NA	0.625	25.8	0.7559	-0.1943448490389298	0
195	I	V	M	NA	NA	0.24	22.8	0.1573	-0.9172395413190234	0
195	I	W	M	NA	NA	NA	NA	0.8968	-0.8410235449341459	0
195	I	Y	M	NA	NA	NA	NA	0.813	0.014898863130711149	0
196	D	A	M	NA	NA	0.62	26.4	0.8162	-2.8387475130664748	0
196	D	C	M	NA	NA	NA	NA	0.9616	-2.910763797731979	0
196	D	E	M	NA	NA	0.208	5.862	0.1278	0.17295985161625704	0
196	D	F	M	NA	NA	NA	NA	0.99	-1.065093580080387	0
196	D	G	M	NA	NA	0.557	26.6	0.7341	-1.2154871702038466	0
196	D	H	M	NA	NA	0.679	27.7	0.9652	-0.7014243948001132	0
196	D	I	M	Uncertain significance	not provided	NA	NA	0.9839	-2.7643879995108716	0
196	D	K	M	NA	NA	NA	NA	0.9745	-1.5193815256140912	0
196	D	L	M	NA	NA	NA	NA	0.9593	-1.3101102729537026	0
196	D	M	M	NA	NA	NA	NA	0.9842	-0.9318997506683325	0
196	D	N	M	NA	NA	0.362	29.8	0.6143	-1.5459886651281116	0
196	D	P	M	NA	NA	NA	NA	0.9915	-0.8122205476677677	0
196	D	Q	M	NA	NA	NA	NA	0.9106	-1.2050623233656017	0
196	D	R	M	NA	NA	NA	NA	0.9735	0.3489407674220838	0
196	D	S	M	NA	NA	NA	NA	0.7145	-0.8938685978034226	0
196	D	T	M	NA	NA	NA	NA	0.9269	-3.236201765448206	0
196	D	V	M	NA	NA	0.825	29.9	0.9476	-0.697873872479476	0
196	D	W	M	NA	NA	NA	NA	0.9974	-3.183175674913391	0
196	D	Y	M	NA	NA	0.799	33	0.9505	-0.6578195948916691	0
197	G	A	M	NA	NA	0.625	32	0.8774	0.45951619556120493	0
197	G	C	M	NA	NA	NA	NA	0.9206	-2.0191807395627617	0
197	G	D	M	NA	NA	NA	NA	0.9889	-1.0305781857712821	0
197	G	E	M	NA	NA	0.752	32	0.9931	-1.1275842158549412	0
197	G	F	M	NA	NA	NA	NA	0.9939	-2.5752680851555825	0
197	G	H	M	NA	NA	NA	NA	0.9783	1.5137669488492795	0
197	G	I	M	NA	NA	NA	NA	0.9927	0.8281689511680745	0
197	G	K	M	NA	NA	NA	NA	0.9959	-4.489620327134112	0
197	G	L	M	NA	NA	NA	NA	0.9862	-0.9059298278877596	0
197	G	M	M	NA	NA	NA	NA	0.9856	-1.350391102433897	0
197	G	N	M	NA	NA	NA	NA	0.8175	-1.7593764808999572	0
197	G	P	M	NA	NA	NA	NA	0.9994	-2.9779391621374303	0
197	G	Q	M	NA	NA	NA	NA	0.9648	-2.0195845892875086	0
197	G	R	M	NA	NA	0.713	33	0.9901	0.6356102554779097	0
197	G	S	M	NA	NA	NA	NA	0.5266	-3.1459396835933475	0
197	G	T	M	NA	NA	NA	NA	0.9085	0.3623710650972425	0
197	G	V	M	NA	NA	0.801	32	0.9842	0.9469727735857958	0
197	G	W	M	NA	NA	0.869	34	0.9927	2.6605345064688195	0
197	G	Y	M	NA	NA	NA	NA	0.9904	-1.5799631493226327	0
198	Q	A	M	NA	NA	NA	NA	0.5168	-1.1644597622392534	0
198	Q	C	M	NA	NA	NA	NA	0.8374	-1.9034724681870925	0
198	Q	D	M	NA	NA	NA	NA	0.9811	-0.6278711119704946	0
198	Q	E	M	NA	NA	0.447	23.7	0.5358	0.7446919124423297	0
198	Q	F	M	NA	NA	NA	NA	0.8501	0.3485621571081116	0
198	Q	G	M	NA	NA	NA	NA	0.8	-2.487341685971955	0
198	Q	H	M	NA	NA	0.319	20.700000000000003	0.5937	-0.6407779153753607	0
198	Q	I	M	NA	NA	NA	NA	0.413	-0.32531779954297096	0
198	Q	K	M	NA	NA	0.443	23.9	0.757	1.2130792428042545	0
198	Q	L	M	NA	NA	0.532	24	0.2752	-1.8391988097057057	0
198	Q	M	M	NA	NA	NA	NA	0.3595	-0.6425622289931857	0
198	Q	N	M	NA	NA	NA	NA	0.5681	-1.6648377600233353	0
198	Q	P	M	NA	NA	0.713	27	0.9775	-0.6838036803498899	0
198	Q	R	M	Uncertain significance	Hereditary cancer-predisposing syndrome	0.544	23.8	0.7727	1.0973412108836786	0
198	Q	S	M	NA	NA	NA	NA	0.5177	-1.3800658640894936	0
198	Q	T	M	NA	NA	NA	NA	0.4138	-0.1510654495532887	0
198	Q	V	M	NA	NA	NA	NA	0.2787	-0.6022053325186129	0
198	Q	W	M	NA	NA	NA	NA	0.9451	-1.2610479557847087	0
198	Q	Y	M	NA	NA	NA	NA	0.8463	-0.37906851474236825	0
199	K	A	M	NA	NA	NA	NA	0.9976	-2.7888916188256463	0
199	K	C	M	NA	NA	NA	NA	0.9976	-0.7079763205525944	0
199	K	D	M	NA	NA	NA	NA	0.9995	2.0807979917573327	0
199	K	E	M	Uncertain significance	Inborn genetic diseases	0.914	32	0.9992	0.5671918568350391	0
199	K	F	M	NA	NA	NA	NA	0.9989	-0.40600529834805044	0
199	K	G	M	NA	NA	NA	NA	0.9968	-0.7393516622450074	0
199	K	H	M	NA	NA	NA	NA	0.9731	-0.4171997751057016	0
199	K	I	M	NA	NA	NA	NA	0.9961	1.9404967199462826	0
199	K	L	M	NA	NA	NA	NA	0.9941	1.1063316970492023	0
199	K	M	M	NA	NA	0.929	32	0.992	0.368296872519965	0
199	K	N	M	NA	NA	0.74	25.85	0.9987	0.4615156154668038	0
199	K	P	M	NA	NA	NA	NA	0.9979	-2.216850769288082	0
199	K	Q	M	NA	NA	0.885	31	0.9877	-0.6622305683384434	0
199	K	R	M	NA	NA	0.632	24.2	0.2966	0.4051304911982734	0
199	K	S	M	NA	NA	NA	NA	0.9991	-2.2744948433410075	0
199	K	T	M	NA	NA	0.911	31	0.9942	1.6758025101574967	0
199	K	V	M	NA	NA	NA	NA	0.9916	-0.09902063209826104	0
199	K	W	M	NA	NA	NA	NA	0.999	-1.0594157833376128	0
199	K	Y	M	NA	NA	NA	NA	0.996	-0.5497014656530428	0
200	L	A	M	NA	NA	NA	NA	0.997	-2.8934396530906388	0
200	L	C	M	NA	NA	NA	NA	0.9932	-0.6336280445047023	0
200	L	D	M	NA	NA	NA	NA	1	-1.3834629262943987	0
200	L	E	M	NA	NA	NA	NA	0.9998	-2.7767442398145548	0
200	L	F	M	NA	NA	NA	NA	0.9575	-3.2970283127577558	0
200	L	G	M	NA	NA	NA	NA	0.9992	-3.4722958907958974	0
200	L	H	M	NA	NA	NA	NA	0.9994	0.3929900594494352	0
200	L	I	M	NA	NA	NA	NA	0.6857	-1.0320877433355227	0
200	L	K	M	NA	NA	NA	NA	0.9994	-0.33177910096177865	0
200	L	M	M	NA	NA	0.802	24.4	0.8466	1.3466338747319093	0
200	L	N	M	NA	NA	NA	NA	0.9998	-0.8354842986467166	0
200	L	P	M	NA	NA	0.951	33	0.9999	1.35974681097378	0
200	L	Q	M	NA	NA	0.942	32	0.9994	-1.1588575934267555	0
200	L	R	M	Uncertain significance	not provided	0.955	32	0.9989	0.9090824385719407	0
200	L	S	M	NA	NA	NA	NA	0.9999	0.28090147878610355	0
200	L	T	M	NA	NA	NA	NA	0.9989	-2.1702264369015483	0
200	L	V	M	NA	NA	0.779	33	0.759	-0.6552540217004662	0
200	L	W	M	NA	NA	NA	NA	0.9967	0.42836843038052175	0
200	L	Y	M	NA	NA	NA	NA	0.9899	-0.46251929295466176	0
201	R	A	M	NA	NA	NA	NA	0.9996	-0.8326012167347715	0
201	R	C	M	NA	NA	NA	NA	0.9954	-1.1939989078789865	0
201	R	D	M	NA	NA	NA	NA	0.9999	-0.6265262000525025	0
201	R	E	M	NA	NA	NA	NA	0.999	-0.2507001366591208	0
201	R	F	M	NA	NA	NA	NA	0.9998	-0.9090366390078073	0
201	R	G	M	NA	NA	0.828	26.6	0.9988	0.37069170202963975	0
201	R	H	M	NA	NA	NA	NA	0.9909	-0.38787237601973273	0
201	R	I	M	NA	NA	NA	NA	0.9994	-0.9488085574763763	0
201	R	K	M	NA	NA	NA	NA	0.977	-1.7460672764414835	0
201	R	L	M	NA	NA	0.923	33	0.9988	0.022339115038410545	0
201	R	M	M	NA	NA	NA	NA	0.9999	-0.7239140768665848	0
201	R	N	M	NA	NA	NA	NA	0.9997	-3.183813635690768	0
201	R	P	M	NA	NA	0.94	34	0.9999	-0.22622680408871665	0
201	R	Q	M	Likely pathogenic	Intellectual disability, autosomal dominant 15	0.825	33	0.9934	1.3381929467117653	0
201	R	S	M	NA	NA	NA	NA	0.9996	-1.0848462108784547	0
201	R	T	M	NA	NA	NA	NA	0.9995	-1.9673796397705623	0
201	R	V	M	NA	NA	NA	NA	0.9991	-0.8185762420898204	0
201	R	W	M	NA	NA	NA	NA	0.9971	-0.7516992368646558	0
201	R	Y	M	NA	NA	NA	NA	0.9993	-1.0002066852950486	0
202	D	A	M	NA	NA	0.952	32	0.9984	-0.6472056493432432	0
202	D	C	M	NA	NA	NA	NA	0.9996	1.0445830187191503	0
202	D	E	M	NA	NA	0.718	7.6225	0.9924	-0.10000608987135304	0
202	D	F	M	NA	NA	NA	NA	0.9997	1.0863915400175443	0
202	D	G	M	NA	NA	0.933	32	0.9975	0.5276676163116824	0
202	D	H	M	NA	NA	0.92	29	0.999	-0.018979223357018845	0
202	D	I	M	NA	NA	NA	NA	0.9998	-1.1192816495749742	0
202	D	K	M	NA	NA	NA	NA	0.9996	-0.46610101919729185	0
202	D	L	M	NA	NA	NA	NA	0.9985	0.3336463343936337	0
202	D	M	M	NA	NA	NA	NA	0.9999	-0.8334810628743974	0
202	D	N	M	NA	NA	0.823	32	0.9975	0.6898986945383607	0
202	D	P	M	NA	NA	NA	NA	1	-0.014916184864741111	0
202	D	Q	M	NA	NA	NA	NA	0.9996	-0.6222346979638158	0
202	D	R	M	NA	NA	NA	NA	0.9995	-2.0998229066565717	0
202	D	S	M	NA	NA	NA	NA	0.998	-0.5954077113649043	0
202	D	T	M	NA	NA	NA	NA	0.9995	0.6128457822806734	0
202	D	V	M	NA	NA	0.944	33	0.999	0.7576281440077327	0
202	D	W	M	NA	NA	NA	NA	0.9999	-0.35052966592910456	0
202	D	Y	M	NA	NA	0.941	33	0.9977	0.8486671342463945	0
203	A	C	M	NA	NA	NA	NA	0.3768	-0.337688948840493	0
203	A	D	M	NA	NA	0.647	26.7	0.9922	0.08351814842042055	0
203	A	E	M	NA	NA	NA	NA	0.9859	-1.8346982361000888	0
203	A	F	M	NA	NA	NA	NA	0.9168	-1.5598363746390824	0
203	A	G	M	NA	NA	0.484	25.6	0.5081	-2.0904448543604293	0
203	A	H	M	NA	NA	NA	NA	0.9584	-2.349648674191199	0
203	A	I	M	NA	NA	NA	NA	0.8755	0.431888714966558	0
203	A	K	M	NA	NA	NA	NA	0.9963	-1.7322123759434689	0
203	A	L	M	NA	NA	NA	NA	0.7883	0.47852044407254846	0
203	A	M	M	NA	NA	NA	NA	0.7007	-0.9669795176415555	0
203	A	N	M	NA	NA	NA	NA	0.8353	-0.20194408034418349	0
203	A	P	M	NA	NA	0.517	27.6	0.9965	-0.3977956029219928	0
203	A	Q	M	NA	NA	NA	NA	0.9264	-0.5587475588148921	0
203	A	R	M	NA	NA	NA	NA	0.986	-2.095768862498116	0
203	A	S	M	NA	NA	0.235	23.6	0.1522	-0.16367871466074285	0
203	A	T	M	Conflicting classifications of pathogenicity	Rhabdoid tumor predisposition syndrome 2|Hereditary cancer-predisposing syndrome|not provided|Schwannomatosis 1|Rhabdoid tumor predisposition syndrome 1	0.275	22.8	0.1446	-0.5070817341337059	0
203	A	V	M	NA	NA	0.313	25.6	0.5405	-0.16664610824783027	0
203	A	W	M	NA	NA	NA	NA	0.9935	-0.6871496930281209	0
203	A	Y	M	NA	NA	NA	NA	0.9622	-1.623731349173538	0
204	F	A	M	NA	NA	NA	NA	0.999	-1.9751004077113292	0
204	F	C	M	NA	NA	0.918	29.5	0.9912	-1.8111054877692123	0
204	F	D	M	NA	NA	NA	NA	1	-0.6069849135422534	0
204	F	E	M	NA	NA	NA	NA	1	-1.3065235838964582	0
204	F	G	M	NA	NA	NA	NA	0.9996	-1.4094345307786977	0
204	F	H	M	NA	NA	NA	NA	0.9996	-1.308338007258039	0
204	F	I	M	NA	NA	0.883	32	0.9767	-0.48926822093427524	0
204	F	K	M	NA	NA	NA	NA	1	-0.9806078646112983	0
204	F	L	M	NA	NA	0.8026666666666666	27.4	0.9926	-0.5237493401749795	0
204	F	M	M	NA	NA	NA	NA	0.9803	-0.7489137665034624	0
204	F	N	M	NA	NA	NA	NA	0.9999	-0.9814298331598468	0
204	F	P	M	NA	NA	NA	NA	1	-1.4558735900538946	0
204	F	Q	M	NA	NA	NA	NA	0.9999	-0.8552160446499394	0
204	F	R	M	NA	NA	NA	NA	0.9999	0.1602839053081013	0
204	F	S	M	NA	NA	0.94	34	0.9997	0.4919966368325253	0
204	F	T	M	NA	NA	NA	NA	0.9996	-0.9323073138318054	0
204	F	V	M	NA	NA	0.891	32	0.9651	-0.17281339385089192	0
204	F	W	M	NA	NA	NA	NA	0.9905	0.11392193762824115	0
204	F	Y	M	NA	NA	0.924	32	0.9767	-0.40727402725780004	0
205	T	A	M	NA	NA	0.724	28.5	0.6632	-0.1534549188246188	0
205	T	C	M	NA	NA	NA	NA	0.4395	-1.2883481971867394	0
205	T	D	M	NA	NA	NA	NA	0.9988	-1.0322540858460234	0
205	T	E	M	NA	NA	NA	NA	0.9976	-0.8013845786712227	0
205	T	F	M	NA	NA	NA	NA	0.9895	-1.3120909316717173	0
205	T	G	M	NA	NA	NA	NA	0.9337	-1.0085107256763084	0
205	T	H	M	NA	NA	NA	NA	0.9918	-1.7880378504011203	0
205	T	I	M	Uncertain significance	not provided	0.767	30	0.7632	0.18347678265294437	0
205	T	K	M	NA	NA	NA	NA	0.9981	-1.1007328898970405	0
205	T	L	M	NA	NA	NA	NA	0.3079	-1.468217699891152	0
205	T	M	M	NA	NA	NA	NA	0.4665	-0.9563867254133475	0
205	T	N	M	NA	NA	0.714	29.5	0.9266	-1.7799002151208827	0
205	T	P	M	NA	NA	0.819	28.1	0.9603	0.7890839707295	0
205	T	Q	M	NA	NA	NA	NA	0.9837	-1.435331552763157	0
205	T	R	M	NA	NA	NA	NA	0.9959	-1.6537378820242754	0
205	T	S	M	Uncertain significance	not provided	0.648	25.3	0.7068	0.0956149699799227	0
205	T	V	M	NA	NA	NA	NA	0.3673	-2.4869924633344036	0
205	T	W	M	NA	NA	NA	NA	0.9993	-1.4780457935446207	0
205	T	Y	M	NA	NA	NA	NA	0.9963	-1.1163008474312677	0
206	W	A	M	NA	NA	NA	NA	0.9997	-1.8081368990708624	0
206	W	C	M	NA	NA	0.916	34	0.9995	-0.47580031956315216	0
206	W	D	M	NA	NA	NA	NA	1	0.21116267310359627	0
206	W	E	M	NA	NA	NA	NA	1	-0.02670691610046494	0
206	W	F	M	NA	NA	NA	NA	0.8886	-3.9792778814208942	0
206	W	G	M	NA	NA	0.93	33	0.9989	0.3321547436112212	0
206	W	H	M	NA	NA	NA	NA	0.9996	-0.863812669371913	0
206	W	I	M	NA	NA	NA	NA	0.9984	-3.437876260731498	0
206	W	K	M	NA	NA	NA	NA	1	-0.2292213130293595	0
206	W	L	M	NA	NA	0.852	29.9	0.9948	-0.15936626296528808	0
206	W	M	M	NA	NA	NA	NA	0.9991	-0.5617852825855603	0
206	W	N	M	NA	NA	NA	NA	1	0.01727968549932772	0
206	W	P	M	NA	NA	NA	NA	1	-0.37425911761106445	0
206	W	Q	M	NA	NA	NA	NA	1	-0.8847307886377498	0
206	W	R	M	Uncertain significance	not provided	0.932	32.5	1	-0.013801952894437503	0
206	W	S	M	NA	NA	0.902	34	0.9996	-0.9025950609480409	0
206	W	T	M	NA	NA	NA	NA	0.9998	-0.8262729321762636	0
206	W	V	M	NA	NA	NA	NA	0.9979	0.27564496266026883	0
206	W	Y	M	NA	NA	NA	NA	0.9626	-0.14448498511231056	0
207	N	A	M	NA	NA	NA	NA	0.9969	-5.1870228761140655	0
207	N	C	M	NA	NA	NA	NA	0.9844	-1.6686344743634147	0
207	N	D	M	NA	NA	0.715	26.6	0.9651	-0.3715279123023281	0
207	N	E	M	NA	NA	NA	NA	0.9985	-0.882905126395775	0
207	N	F	M	NA	NA	NA	NA	0.9996	0.16898553891072837	0
207	N	G	M	NA	NA	NA	NA	0.9949	-2.4386346235970784	0
207	N	H	M	NA	NA	0.855	27	0.9762	-0.32378054896036934	0
207	N	I	M	NA	NA	0.907	32	0.9984	0.08828792718177819	0
207	N	K	M	NA	NA	0.766	23.9	0.9994	-0.9074729625610506	0
207	N	L	M	NA	NA	NA	NA	0.997	-2.363837846566592	0
207	N	M	M	NA	NA	NA	NA	0.998	-0.7427818544492397	0
207	N	P	M	NA	NA	NA	NA	0.9989	-2.3003573506992767	0
207	N	Q	M	NA	NA	NA	NA	0.9983	-1.9326326968616088	0
207	N	R	M	NA	NA	NA	NA	0.9988	0.17182346812373306	0
207	N	S	M	Uncertain significance	Intellectual disability, autosomal dominant 15|Hereditary cancer-predisposing syndrome|not provided	0.781	25.2	0.9209	-0.41527060223472867	0
207	N	T	M	NA	NA	0.872	29.9	0.9938	-0.4360555173992614	0
207	N	V	M	NA	NA	NA	NA	0.9971	-1.2592756302987296	0
207	N	W	M	NA	NA	NA	NA	0.9998	-1.858726622205676	0
207	N	Y	M	NA	NA	0.962	36	0.9954	-0.7242885266994058	0
208	M	A	M	NA	NA	NA	NA	0.47	-1.3350724223644825	0
208	M	C	M	NA	NA	NA	NA	0.6989	-3.03033442880076	0
208	M	D	M	NA	NA	NA	NA	0.9943	1.6836254889232047	0
208	M	E	M	NA	NA	NA	NA	0.874	-3.7912246312913656	0
208	M	F	M	NA	NA	NA	NA	0.7086	-7.550830433049247	0
208	M	G	M	NA	NA	NA	NA	0.8499	-4.677232208937847	0
208	M	H	M	NA	NA	NA	NA	0.8457	-1.7080992434227684	0
208	M	I	M	NA	NA	0.445	26.166666666666668	0.5039	0.28926904979438095	0
208	M	K	M	NA	NA	0.471	21.4	0.2099	-2.745335327792671	0
208	M	L	M	NA	NA	0.373	24.6	0.1547	-0.8447359700884358	0
208	M	N	M	NA	NA	NA	NA	0.9096	-0.34388864055474094	0
208	M	P	M	NA	NA	NA	NA	0.9912	-2.463602994642039	0
208	M	Q	M	NA	NA	NA	NA	0.3224	-2.8958894839233746	0
208	M	R	M	NA	NA	0.445	23	0.3074	1.564500852355966	0
208	M	S	M	NA	NA	NA	NA	0.6843	2.0387199212488336	0
208	M	T	M	NA	NA	0.465	25	0.4526	-0.09619126151861687	0
208	M	V	M	Uncertain significance	not provided|Hereditary cancer-predisposing syndrome	0.462	24.7	0.1174	1.1259490982682907	0
208	M	W	M	NA	NA	NA	NA	0.9412	-0.6400925783685663	0
208	M	Y	M	NA	NA	NA	NA	0.8903	-1.917104634782378	0
209	N	A	M	NA	NA	NA	NA	0.4703	2.2826071872441096	0
209	N	C	M	NA	NA	NA	NA	0.2805	-0.22266605399059303	0
209	N	D	M	NA	NA	0.809	31	0.5643	0.20016497879072775	0
209	N	E	M	NA	NA	NA	NA	0.7519	0.5072670391209493	0
209	N	F	M	NA	NA	NA	NA	0.5722	0.8525150319029674	0
209	N	G	M	NA	NA	NA	NA	0.3645	2.7813239657497837	0
209	N	H	M	NA	NA	0.626	27.7	0.0903	0.11956325065699935	0
209	N	I	M	NA	NA	0.868	34	0.8397	0.3980346116121741	0
209	N	K	M	Uncertain significance	not provided	0.627	23.85	0.6522	1.0082001271847814	0
209	N	L	M	NA	NA	NA	NA	0.557	0.8632837676000351	0
209	N	M	M	NA	NA	NA	NA	0.5861	0.24411897509864217	0
209	N	P	M	NA	NA	NA	NA	0.9902	1.511469528012569	0
209	N	Q	M	NA	NA	NA	NA	0.4434	-0.44631801674361726	0
209	N	R	M	NA	NA	NA	NA	0.5632	0.7746241133390566	0
209	N	S	M	NA	NA	0.489	28.7	0.1396	-1.1284886437611017	0
209	N	T	M	NA	NA	0.749	33	0.4029	1.4274536731514758	0
209	N	V	M	NA	NA	NA	NA	0.7314	1.6291147757313664	0
209	N	W	M	NA	NA	NA	NA	0.8075	-4.007960254753265	0
209	N	Y	M	NA	NA	0.835	36	0.2063	-1.79185741737512	0
210	E	A	M	NA	NA	0.948	33	0.9938	0.49182722431439174	0
210	E	C	M	NA	NA	NA	NA	0.9952	0.6194730264321012	0
210	E	D	M	Uncertain significance	not provided|Hereditary cancer-predisposing syndrome	0.542	25.2	0.8689	0.44178533330712444	0
210	E	F	M	NA	NA	NA	NA	0.9999	-1.7703587836898018	0
210	E	G	M	NA	NA	0.943	33	0.9702	-0.5638556928378488	0
210	E	H	M	NA	NA	NA	NA	0.9993	-1.540882570793661	0
210	E	I	M	NA	NA	NA	NA	0.9997	-0.34260333604148163	0
210	E	K	M	NA	NA	0.923	35	0.9977	2.0738365706785884	0
210	E	L	M	NA	NA	NA	NA	0.9996	0.3766499808127612	0
210	E	M	M	NA	NA	NA	NA	0.9995	0.10076063962415147	0
210	E	N	M	NA	NA	NA	NA	0.9958	-1.3178988353306824	0
210	E	P	M	NA	NA	NA	NA	0.9997	-0.14653734302355023	0
210	E	Q	M	NA	NA	0.811	35	0.9838	-2.173803150470386	0
210	E	R	M	NA	NA	NA	NA	0.9969	0.19412414391072738	0
210	E	S	M	NA	NA	NA	NA	0.9918	-1.0490892346382608	0
210	E	T	M	NA	NA	NA	NA	0.9976	0.6606744426709197	0
210	E	V	M	NA	NA	0.96	34	0.9987	0.4276977679957882	0
210	E	W	M	NA	NA	NA	NA	0.9999	-0.03917531827742521	0
210	E	Y	M	NA	NA	NA	NA	0.9996	-0.873247878745497	0
211	K	A	M	NA	NA	NA	NA	0.6622	0.36140662164954396	0
211	K	C	M	NA	NA	NA	NA	0.8132	-1.6482071885311425	0
211	K	D	M	NA	NA	NA	NA	0.8398	-0.015296806121300355	0
211	K	E	M	NA	NA	0.526	24.1	0.5369	1.0793860274385407	0
211	K	F	M	NA	NA	NA	NA	0.9549	-0.9181471461340447	0
211	K	G	M	NA	NA	NA	NA	0.6666	-0.8665714375367002	0
211	K	H	M	NA	NA	NA	NA	0.4531	-1.054239016367664	0
211	K	I	M	NA	NA	NA	NA	0.757	1.1730543627050203	0
211	K	L	M	NA	NA	NA	NA	0.6587	-2.1543371585624045	0
211	K	M	M	NA	NA	0.756	28.3	0.4918	-0.9811030185429445	0
211	K	N	M	NA	NA	0.373	22.55	0.6454	-0.12851789849340403	0
211	K	P	M	NA	NA	NA	NA	0.9287	0.9303775155246354	0
211	K	Q	M	NA	NA	0.4	26.2	0.1897	1.652531816152214	0
211	K	R	M	Uncertain significance	Rhabdoid tumor predisposition syndrome 1	0.391	26.6	0.1067	1.0514954592997594	0
211	K	S	M	NA	NA	NA	NA	0.6406	-0.3087138707371233	0
211	K	T	M	NA	NA	0.478	22.9	0.2926	-0.23044794603242638	0
211	K	V	M	NA	NA	NA	NA	0.6419	2.3853177249405437	0
211	K	W	M	NA	NA	NA	NA	0.951	0.27131508353806594	0
211	K	Y	M	NA	NA	NA	NA	0.889	0.05080606858201697	0
212	L	A	M	NA	NA	NA	NA	0.6282	-8.211931007145472	0
212	L	C	M	NA	NA	NA	NA	0.7331	0.251129000844905	0
212	L	D	M	NA	NA	NA	NA	0.9725	-2.504189295308852	0
212	L	E	M	NA	NA	NA	NA	0.8745	-0.7237917794652751	0
212	L	F	M	NA	NA	0.705	23.549999999999997	0.4865	-0.3857716857895399	0
212	L	G	M	NA	NA	NA	NA	0.8904	-1.7236513745945292	0
212	L	H	M	NA	NA	NA	NA	0.7223	-1.1972151556418211	0
212	L	I	M	NA	NA	NA	NA	0.1894	0.1666393200582012	0
212	L	K	M	NA	NA	NA	NA	0.9166	-1.1581161068014991	0
212	L	M	M	NA	NA	0.548	23.5	0.1676	-0.3146665518567348	0
212	L	N	M	NA	NA	NA	NA	0.7166	-1.0014201743660849	0
212	L	P	M	NA	NA	NA	NA	0.9861	-0.6132022034426354	0
212	L	Q	M	NA	NA	NA	NA	0.548	-2.829967480961364	0
212	L	R	M	NA	NA	NA	NA	0.8707	-0.9554655494536858	0
212	L	S	M	NA	NA	0.79	29.8	0.7316	-0.29327834066286257	0
212	L	T	M	NA	NA	NA	NA	0.5092	-1.3849818450115927	0
212	L	V	M	Uncertain significance	not provided	0.515	23.8	0.2179	-0.1028811971069562	0
212	L	W	M	NA	NA	0.864	31	0.7867	0.11294392846848544	0
212	L	Y	M	NA	NA	NA	NA	0.7644	-0.17190487255735948	0
213	M	A	M	NA	NA	NA	NA	0.8819	-2.193272051789272	0
213	M	C	M	NA	NA	NA	NA	0.9071	-1.4619210962161768	0
213	M	D	M	NA	NA	NA	NA	0.9989	-1.1527349376528404	0
213	M	E	M	NA	NA	NA	NA	0.99	0.5212105417717271	0
213	M	F	M	NA	NA	NA	NA	0.8039	-0.46593335673460734	0
213	M	G	M	NA	NA	NA	NA	0.9839	-1.0657953609581543	0
213	M	H	M	NA	NA	NA	NA	0.9873	4.292184408376121	0
213	M	I	M	NA	NA	0.403	23.066666666666663	0.3469	1.6739782918769452	0
213	M	K	M	NA	NA	0.838	26	0.981	-0.2764459520585755	0
213	M	L	M	Uncertain significance	not provided	0.398	23.799999999999997	0.1592	0.49083188492616525	0
213	M	N	M	NA	NA	NA	NA	0.9742	2.0695818147893976	0
213	M	P	M	NA	NA	NA	NA	0.9964	-0.6756257551617755	0
213	M	R	M	NA	NA	0.862	26.7	0.9836	-1.640846012370412	0
213	M	S	M	NA	NA	NA	NA	0.9322	0.9982213382139309	0
213	M	T	M	NA	NA	0.561	24.7	0.7041	0.7289971146259928	0
213	M	V	M	NA	NA	0.422	23.5	0.1202	0.20290812519544532	0
213	M	W	M	NA	NA	NA	NA	0.9888	0.39119364747176977	0
213	M	Y	M	NA	NA	NA	NA	0.9794	-5.296029116226201	0
214	T	A	M	NA	NA	0.761	27.2	0.3315	0.015378354056083676	0
214	T	C	M	NA	NA	NA	NA	0.8151	-4.340792842540165	0
214	T	D	M	NA	NA	NA	NA	0.8635	-3.1327068220144874	0
214	T	E	M	NA	NA	NA	NA	0.883	-0.7716449378708019	0
214	T	F	M	NA	NA	NA	NA	0.9153	-3.38182985470805	0
214	T	G	M	NA	NA	NA	NA	0.4992	-1.3513810825307568	0
214	T	H	M	NA	NA	NA	NA	0.743	0.6540530722456843	0
214	T	I	M	NA	NA	NA	NA	0.9056	-0.37250962765523576	0
214	T	K	M	NA	NA	0.736	32	0.8629	-0.0125601603693761	0
214	T	L	M	NA	NA	NA	NA	0.5045	-1.0270887768019596	0
214	T	M	M	Conflicting classifications of pathogenicity	Ovarian cancer|not provided|Hereditary cancer-predisposing syndrome	0.825	33	0.3682	0.43058242370732736	0
214	T	N	M	NA	NA	NA	NA	0.3324	-0.5848857495027061	0
214	T	P	M	NA	NA	0.857	29.3	0.5609	0.5742601388122818	0
214	T	Q	M	NA	NA	NA	NA	0.6679	0.31213047039122077	0
214	T	R	M	Uncertain significance	Hereditary cancer-predisposing syndrome|not provided|Rhabdoid tumor predisposition syndrome 1	0.839	31	0.8787	0.6283541001555399	0
214	T	S	M	NA	NA	0.384	22.5	0.1341	0.3549162883166884	0
214	T	V	M	NA	NA	NA	NA	0.7716	-0.019755606720764596	0
214	T	W	M	NA	NA	NA	NA	0.9858	-0.20545894804473985	0
214	T	Y	M	NA	NA	NA	NA	0.8974	-1.8904729778988163	0
215	P	A	M	NA	NA	0.813	26.9	0.5192	1.2353482717357802	0
215	P	C	M	NA	NA	NA	NA	0.9604	-2.8906457270577732	0
215	P	D	M	NA	NA	NA	NA	0.9994	-2.5252767677487213	0
215	P	E	M	NA	NA	NA	NA	0.9968	-1.4984809292049999	0
215	P	F	M	NA	NA	NA	NA	0.9924	3.4594487346467506	0
215	P	G	M	NA	NA	NA	NA	0.9823	2.328750788419537	0
215	P	H	M	NA	NA	0.905	33	0.9881	1.4211395895135859	0
215	P	I	M	NA	NA	NA	NA	0.9064	0.4291722152962627	0
215	P	K	M	NA	NA	NA	NA	0.9991	0.5056614948320045	0
215	P	L	M	NA	NA	0.778	34	0.827	0.0636295871509096	0
215	P	M	M	NA	NA	NA	NA	0.957	-3.6307863800072893	0
215	P	N	M	NA	NA	NA	NA	0.9966	-0.9663769527353689	0
215	P	Q	M	NA	NA	NA	NA	0.9907	1.3606172395278795	0
215	P	R	M	NA	NA	0.876	33	0.9973	1.4203572539091107	0
215	P	S	M	Uncertain significance	Hereditary cancer-predisposing syndrome	0.926	32	0.9169	-0.28236921759360656	0
215	P	T	M	NA	NA	0.793	27.6	0.8214	-0.9762528018400144	0
215	P	V	M	NA	NA	NA	NA	0.7317	-12.43692470345615	0
215	P	W	M	NA	NA	NA	NA	0.9974	-6.778926505769281	0
215	P	Y	M	NA	NA	NA	NA	0.9961	-0.5476168785594965	0
216	E	A	M	NA	NA	0.896	35	0.9361	-1.5266847106588064	0
216	E	C	M	NA	NA	NA	NA	0.9974	-7.732563792805498	0
216	E	D	M	NA	NA	0.67	33.5	0.604	0.6931789049544684	0
216	E	F	M	NA	NA	NA	NA	0.9982	-1.5836517714286282	0
216	E	G	M	NA	NA	0.903	35	0.9509	-3.646220205400652	0
216	E	H	M	NA	NA	NA	NA	0.994	-8.82877541481949	0
216	E	I	M	NA	NA	NA	NA	0.984	-4.078740858537306	0
216	E	K	M	NA	NA	0.892	34	0.9825	0.5479285011827382	0
216	E	L	M	NA	NA	NA	NA	0.9841	-2.0157968474673194	0
216	E	M	M	NA	NA	NA	NA	0.9909	-2.1538654407122086	0
216	E	N	M	NA	NA	NA	NA	0.9653	-0.930182826684194	0
216	E	P	M	NA	NA	NA	NA	0.9969	0.9496529707838299	0
216	E	Q	M	NA	NA	0.703	33	0.8958	-0.8281643650473575	0
216	E	R	M	NA	NA	NA	NA	0.985	-0.32044597230759886	0
216	E	S	M	NA	NA	NA	NA	0.9543	1.0390814725099369	0
216	E	T	M	NA	NA	NA	NA	0.9685	0.2651649595618446	0
216	E	V	M	NA	NA	0.918	35	0.9576	-2.9717023459839362	0
216	E	W	M	NA	NA	NA	NA	0.9994	-1.957935227735617	0
216	E	Y	M	NA	NA	NA	NA	0.9964	-1.2117219922813132	0
217	M	A	M	NA	NA	NA	NA	0.5732	-0.7990011336440814	0
217	M	C	M	NA	NA	NA	NA	0.924	-0.8240080242851222	0
217	M	D	M	NA	NA	NA	NA	0.9764	-0.6683052454402422	0
217	M	E	M	NA	NA	NA	NA	0.8575	-1.8457273168991273	0
217	M	F	M	NA	NA	NA	NA	0.731	0.20923679270093132	0
217	M	G	M	NA	NA	NA	NA	0.8771	-0.9433503989488297	0
217	M	H	M	NA	NA	NA	NA	0.8555	1.4661926482765724	0
217	M	I	M	NA	NA	0.474	27.233333333333334	0.4532	-0.3984251721362735	0
217	M	K	M	NA	NA	0.481	23.8	0.6911	-0.48647672357906663	0
217	M	L	M	NA	NA	0.427	25.85	0.2042	0.1929114079693695	0
217	M	N	M	NA	NA	NA	NA	0.747	0.008491095258313042	0
217	M	P	M	NA	NA	NA	NA	0.9977	1.1369296743643078	0
217	M	Q	M	NA	NA	NA	NA	0.4209	0.41022631823477934	0
217	M	R	M	NA	NA	0.463	26	0.7746	2.55447239722007	0
217	M	S	M	NA	NA	NA	NA	0.665	-0.49123710371095036	0
217	M	T	M	NA	NA	0.54	23.3	0.4495	0.7485024191834189	0
217	M	V	M	NA	NA	0.504	22.6	0.1665	0.5460880757634188	0
217	M	W	M	NA	NA	NA	NA	0.968	0.3953576362553867	0
217	M	Y	M	NA	NA	NA	NA	0.9033	-1.457430186972487	0
218	F	A	M	NA	NA	NA	NA	0.9982	0.36619461066606673	0
218	F	C	M	NA	NA	0.979	33	0.9947	-0.4184645250056402	0
218	F	D	M	NA	NA	NA	NA	0.9999	1.407504521092052	0
218	F	E	M	NA	NA	NA	NA	0.9999	-1.225541927040053	0
218	F	G	M	NA	NA	NA	NA	0.9994	-3.5409040285677347	0
218	F	H	M	NA	NA	NA	NA	0.9986	-1.1125845874662965	0
218	F	I	M	NA	NA	0.915	26.5	0.9802	-1.153947035767061	0
218	F	K	M	NA	NA	NA	NA	0.9999	-0.9515086437458968	0
218	F	L	M	Uncertain significance	not provided|Hereditary cancer-predisposing syndrome	0.8196666666666667	23.133333333333333	0.9969	-0.2157114046300831	0
218	F	M	M	NA	NA	NA	NA	0.9875	-0.08364699326805954	0
218	F	N	M	NA	NA	NA	NA	0.9997	-1.2339151841812706	0
218	F	P	M	NA	NA	NA	NA	1	0.7547120734489245	0
218	F	Q	M	NA	NA	NA	NA	0.9997	-2.4180010699340038	0
218	F	R	M	NA	NA	NA	NA	0.9997	-0.9705549620192264	0
218	F	S	M	NA	NA	0.97	33	0.9996	0.02487031228456199	0
218	F	T	M	NA	NA	NA	NA	0.9991	-0.589772153919404	0
218	F	V	M	Uncertain significance	not provided	0.921	29.7	0.9677	0.4303579180993291	0
218	F	W	M	NA	NA	NA	NA	0.9835	-0.034938262518038575	0
218	F	Y	M	NA	NA	0.893	31	0.8939	0.3340858895494322	0
219	S	A	M	NA	NA	0.17	20.2	0.0444	-1.1558805299771842	0
219	S	C	M	NA	NA	NA	NA	0.2637	-0.036486030450407325	0
219	S	D	M	NA	NA	NA	NA	0.9977	-0.23565087306386187	0
219	S	E	M	NA	NA	NA	NA	0.9978	-0.6990399971498431	0
219	S	F	M	NA	NA	NA	NA	0.9926	0.16438895914971408	0
219	S	G	M	NA	NA	NA	NA	0.1162	-0.923714365330762	0
219	S	H	M	NA	NA	NA	NA	0.996	-0.6544011459566134	0
219	S	I	M	NA	NA	NA	NA	0.9811	-0.4749034938295572	0
219	S	K	M	NA	NA	NA	NA	0.9998	0.3611435688192376	0
219	S	L	M	NA	NA	0.647	29.2	0.9091	-0.1981204308875767	0
219	S	M	M	NA	NA	NA	NA	0.9548	-0.5879319695853816	0
219	S	N	M	NA	NA	NA	NA	0.9805	-0.5450324348237168	0
219	S	P	M	NA	NA	0.524	26.2	0.9906	0.506353301976792	0
219	S	Q	M	NA	NA	NA	NA	0.9935	0.01351359792764556	0
219	S	R	M	NA	NA	NA	NA	0.9989	-0.753244054304323	0
219	S	T	M	NA	NA	0.32	24.7	0.5781	-0.25908357462062637	0
219	S	V	M	NA	NA	NA	NA	0.9108	0.3936555260676439	0
219	S	W	M	NA	NA	NA	NA	0.9979	-1.3370362715493733	0
219	S	Y	M	NA	NA	NA	NA	0.9956	0.36604909384335826	0
220	E	A	M	NA	NA	0.74	29.4	0.9348	0.44858920817482706	0
220	E	C	M	NA	NA	NA	NA	0.9964	3.0647327764343375	0
220	E	D	M	NA	NA	0.603	23.299999999999997	0.9313	0.7636125060950438	0
220	E	F	M	NA	NA	NA	NA	0.999	0.44967115516497613	0
220	E	G	M	NA	NA	0.844	34	0.9385	-0.5332551014386135	0
220	E	H	M	NA	NA	NA	NA	0.9937	-2.525736509916137	0
220	E	I	M	NA	NA	NA	NA	0.99	-0.955557224469098	0
220	E	K	M	NA	NA	0.588	29	0.9697	0.34505869200131495	0
220	E	L	M	NA	NA	NA	NA	0.9927	-1.7861292384840697	0
220	E	M	M	NA	NA	NA	NA	0.9876	-1.1984116927410944	0
220	E	N	M	NA	NA	NA	NA	0.9831	1.768675306416796	0
220	E	P	M	NA	NA	NA	NA	0.9998	-0.36104369960819394	0
220	E	Q	M	NA	NA	0.492	25.1	0.8011	-0.43462765447241536	0
220	E	R	M	NA	NA	NA	NA	0.9725	-0.10727226409547927	0
220	E	S	M	NA	NA	NA	NA	0.9401	-0.19498427597451717	0
220	E	T	M	NA	NA	NA	NA	0.9648	-1.1908962543901216	0
220	E	V	M	NA	NA	0.859	33	0.9697	0.5748706484826653	0
220	E	W	M	NA	NA	NA	NA	0.9996	0.25602006332582733	0
220	E	Y	M	NA	NA	NA	NA	0.9977	-0.7297734019709736	0
221	I	A	M	NA	NA	NA	NA	0.9426	-2.203588096096397	0
221	I	C	M	NA	NA	NA	NA	0.9609	-2.8008447912656225	0
221	I	D	M	NA	NA	NA	NA	0.9981	-0.2005538702648282	0
221	I	E	M	NA	NA	NA	NA	0.9943	-1.816709871581354	0
221	I	F	M	NA	NA	0.751	28.6	0.8444	-0.39708274316775916	0
221	I	G	M	NA	NA	NA	NA	0.9894	0.4787120197175838	0
221	I	H	M	NA	NA	NA	NA	0.9919	-0.9686890067491558	0
221	I	K	M	NA	NA	NA	NA	0.9944	-0.40326624722990845	0
221	I	L	M	NA	NA	0.342	23.4	0.3702	0.3479249619779291	0
221	I	M	M	NA	NA	0.558	22.5	0.382	-0.24784573777241214	0
221	I	N	M	NA	NA	0.719	29.3	0.9367	-0.24393677646204365	0
221	I	P	M	NA	NA	NA	NA	0.9994	-1.8642371862461746	0
221	I	Q	M	NA	NA	NA	NA	0.9889	-1.243242185507076	0
221	I	R	M	NA	NA	NA	NA	0.9923	-0.4948570160045767	0
221	I	S	M	NA	NA	0.683	29.1	0.9493	0.39591541470933106	0
221	I	T	M	Uncertain significance	Hereditary cancer-predisposing syndrome	0.563	23.6	0.8822	1.041199030599713	0
221	I	V	M	NA	NA	0.337	21.8	0.1516	0.9860824887822986	0
221	I	W	M	NA	NA	NA	NA	0.9962	1.075507059491375	0
221	I	Y	M	NA	NA	NA	NA	0.9804	-0.8825040955528407	0
222	L	A	M	NA	NA	NA	NA	0.976	1.153984642591677	0
222	L	C	M	NA	NA	NA	NA	0.9846	-1.157815752387169	0
222	L	D	M	NA	NA	NA	NA	0.9999	-2.8696757110505935	0
222	L	E	M	NA	NA	NA	NA	0.9987	-1.2678882097470736	0
222	L	F	M	NA	NA	0.758	28.4	0.8533	0.2670313894127837	0
222	L	G	M	NA	NA	NA	NA	0.9988	-0.2124108353960379	0
222	L	H	M	NA	NA	0.934	32	0.9958	-0.01574972354878551	0
222	L	I	M	NA	NA	0.678	28	0.3663	3.1145469214032984	0
222	L	K	M	NA	NA	NA	NA	0.9986	-0.6853918098609215	0
222	L	M	M	NA	NA	NA	NA	0.3654	-1.1430102987791373	0
222	L	N	M	NA	NA	NA	NA	0.9982	0.7990196114832427	0
222	L	P	M	Uncertain significance	not provided	0.94	33	0.9999	1.9764902334709507	0
222	L	Q	M	NA	NA	NA	NA	0.9901	-1.1837862585561092	0
222	L	R	M	NA	NA	0.952	33	0.9975	2.870465397000306	0
222	L	S	M	NA	NA	NA	NA	0.9934	-1.2385523528565048	0
222	L	T	M	NA	NA	NA	NA	0.9321	-1.7905137558477406	0
222	L	V	M	Uncertain significance	not provided	0.714	28.8	0.5121	2.0960810776393917	0
222	L	W	M	NA	NA	NA	NA	0.9939	-2.4083827579313195	0
222	L	Y	M	NA	NA	NA	NA	0.9922	-1.5197829110502719	0
223	C	A	M	NA	NA	NA	NA	0.8645	-2.3358882750278136	0
223	C	D	M	NA	NA	NA	NA	0.9999	1.554514230629158	0
223	C	E	M	NA	NA	NA	NA	0.9999	1.000599653696462	0
223	C	F	M	NA	NA	0.901	33	0.9989	-0.9605861520535517	0
223	C	G	M	NA	NA	0.927	32	0.9095	-0.001102147896914929	0
223	C	H	M	NA	NA	NA	NA	0.9999	-1.4223137692860515	0
223	C	I	M	NA	NA	NA	NA	0.9917	-0.25486769694296096	0
223	C	K	M	NA	NA	NA	NA	1	-3.117281032636193	0
223	C	L	M	NA	NA	NA	NA	0.9845	-0.35203020171341215	0
223	C	M	M	NA	NA	NA	NA	0.9965	-3.7147210317578643	0
223	C	N	M	NA	NA	NA	NA	0.9994	2.6631200157054997	0
223	C	P	M	NA	NA	NA	NA	0.9999	-0.4784872188539334	0
223	C	Q	M	NA	NA	NA	NA	0.9998	-0.11533742234942725	0
223	C	R	M	NA	NA	0.922	32	0.9996	1.2092212742008575	0
223	C	S	M	NA	NA	0.926	30.6	0.9422	-0.7727241257336243	0
223	C	T	M	NA	NA	NA	NA	0.9671	0.3115770877573205	0
223	C	V	M	NA	NA	NA	NA	0.9419	0.2264946737518827	0
223	C	W	M	NA	NA	0.769	24.6	0.9999	1.5674837765906604	0
223	C	Y	M	Uncertain significance	not provided|Hereditary cancer-predisposing syndrome	0.896	33	0.9998	1.3559987756322278	0
224	D	A	M	NA	NA	0.674	29.5	0.9649	-1.3142264414309721	0
224	D	C	M	NA	NA	NA	NA	0.9958	-0.9409363859743152	0
224	D	E	M	NA	NA	0.368	13.825	0.7582	0.3652049653217043	0
224	D	F	M	NA	NA	NA	NA	0.9949	-1.9981687196898121	0
224	D	G	M	NA	NA	0.727	26.5	0.9686	1.6305025070353771	0
224	D	H	M	NA	NA	0.711	33	0.9831	1.3548537252918358	0
224	D	I	M	NA	NA	NA	NA	0.9945	-0.8805913189089765	0
224	D	K	M	NA	NA	NA	NA	0.9947	0.5407654026449569	0
224	D	L	M	NA	NA	NA	NA	0.9888	-1.0557334622315815	0
224	D	M	M	NA	NA	NA	NA	0.9972	-1.1597395423812173	0
224	D	N	M	NA	NA	0.514	33	0.8752	0.037839203951832934	0
224	D	P	M	NA	NA	NA	NA	0.9998	-3.2689018138694803	0
224	D	Q	M	NA	NA	NA	NA	0.9823	-1.993609622735549	0
224	D	R	M	NA	NA	NA	NA	0.9901	-1.1736379113532527	0
224	D	S	M	NA	NA	NA	NA	0.9184	-0.8427442954323053	0
224	D	T	M	NA	NA	NA	NA	0.9814	-2.0795302983869988	0
224	D	V	M	NA	NA	0.814	32	0.9852	-0.0660096211577359	0
224	D	W	M	NA	NA	NA	NA	0.9987	-0.0843529275937207	0
224	D	Y	M	NA	NA	0.853	34	0.9739	2.4651771463971515	0
225	D	A	M	NA	NA	0.967	32	0.9987	0.9387087164690072	0
225	D	C	M	NA	NA	NA	NA	0.9998	-0.6618343677640964	0
225	D	E	M	NA	NA	0.79	22.7	0.9882	0.1906003665109235	0
225	D	F	M	NA	NA	NA	NA	0.9998	0.12923787371879725	0
225	D	G	M	NA	NA	0.964	32	0.9985	-0.4947125784896283	0
225	D	H	M	NA	NA	0.964	33	0.9989	0.24454282937172817	0
225	D	I	M	NA	NA	NA	NA	0.9997	1.0193439640614388	0
225	D	K	M	NA	NA	NA	NA	0.9996	-0.9330537796068359	0
225	D	L	M	NA	NA	NA	NA	0.9993	-1.2799657451080417	0
225	D	M	M	NA	NA	NA	NA	0.9999	-0.3929715806990804	0
225	D	N	M	Uncertain significance	Hereditary cancer-predisposing syndrome|not provided	0.789	33	0.9948	0.9139723276602919	0
225	D	P	M	NA	NA	NA	NA	0.9999	1.2036537334824589	0
225	D	Q	M	NA	NA	NA	NA	0.9995	-1.376599920228493	0
225	D	R	M	NA	NA	NA	NA	0.9992	-1.3279148758000248	0
225	D	S	M	NA	NA	NA	NA	0.9958	-0.4738982896972524	0
225	D	T	M	NA	NA	NA	NA	0.9991	-1.7834009617737574	0
225	D	V	M	NA	NA	0.96	32	0.9991	0.16354313675515586	0
225	D	W	M	NA	NA	NA	NA	0.9999	-1.9021007554612581	0
225	D	Y	M	Uncertain significance	not provided|Rhabdoid tumor predisposition syndrome 1|Hereditary cancer-predisposing syndrome	0.918	33	0.998	1.0675579275734097	0
226	L	A	M	NA	NA	NA	NA	0.9878	0.5544379500478239	0
226	L	C	M	NA	NA	NA	NA	0.9886	0.34359477004838235	0
226	L	D	M	NA	NA	NA	NA	0.9998	-0.15952962878213256	0
226	L	E	M	NA	NA	NA	NA	0.9982	0.03260704959989924	0
226	L	F	M	NA	NA	NA	NA	0.9654	-0.21688338629887965	0
226	L	G	M	NA	NA	NA	NA	0.9976	-0.34359621415886155	0
226	L	H	M	NA	NA	NA	NA	0.9965	0.14809966755723208	0
226	L	I	M	NA	NA	NA	NA	0.7948	0.7357356995758996	0
226	L	K	M	NA	NA	NA	NA	0.9981	-0.31770948746053806	0
226	L	M	M	NA	NA	0.659	23.4	0.668	1.1488476965441825	0
226	L	N	M	NA	NA	NA	NA	0.9967	0.48603373854983084	0
226	L	P	M	NA	NA	0.941	33	0.9999	1.0503999571803047	0
226	L	Q	M	NA	NA	0.951	33	0.9944	0.7127551114352708	0
226	L	R	M	NA	NA	0.921	33	0.9949	0.4714568587811417	0
226	L	S	M	NA	NA	NA	NA	0.9978	0.0578289138122829	0
226	L	T	M	NA	NA	NA	NA	0.9906	0.7192503772439364	0
226	L	V	M	NA	NA	0.796	23.5	0.8888	0.23051099035919562	0
226	L	W	M	NA	NA	NA	NA	0.9946	-0.045743358133080725	0
226	L	Y	M	NA	NA	NA	NA	0.9943	-0.09662766223204577	0
227	D	A	M	NA	NA	0.746	32	0.8966	0.10174772462106059	0
227	D	C	M	NA	NA	NA	NA	0.9837	-0.8125719598466583	0
227	D	E	M	NA	NA	0.392	17.77	0.5668	0.7020317350095384	0
227	D	F	M	NA	NA	NA	NA	0.9891	0.023542963361610485	0
227	D	G	M	NA	NA	0.713	32	0.8345	0.3707105604010631	0
227	D	H	M	NA	NA	0.817	33	0.9793	0.6494214809093339	0
227	D	I	M	NA	NA	NA	NA	0.9888	0.055072671910584646	0
227	D	K	M	NA	NA	NA	NA	0.9928	0.11282580328463351	0
227	D	L	M	NA	NA	NA	NA	0.9628	0.8169530540486089	0
227	D	M	M	NA	NA	NA	NA	0.9898	0.10369949794697358	0
227	D	N	M	NA	NA	0.522	28.1	0.7915	0.07467800589328133	0
227	D	P	M	NA	NA	NA	NA	0.9986	0.17808898580338706	0
227	D	Q	M	NA	NA	NA	NA	0.9621	-0.9853758136780262	0
227	D	R	M	NA	NA	NA	NA	0.9877	0.20287184876631803	0
227	D	S	M	NA	NA	NA	NA	0.8218	0.11501300224871444	0
227	D	T	M	NA	NA	NA	NA	0.9716	0.6896151325842105	0
227	D	V	M	NA	NA	0.886	33	0.9641	0.6765130002036692	0
227	D	W	M	NA	NA	NA	NA	0.9985	0.5080603662888772	0
227	D	Y	M	NA	NA	0.849	34	0.9473	0.7668810724928583	0
228	L	A	M	NA	NA	NA	NA	0.9895	0.7365047799390704	0
228	L	C	M	NA	NA	NA	NA	0.9762	0.2234366332025623	0
228	L	D	M	NA	NA	NA	NA	0.9999	0.28996727341333306	0
228	L	E	M	NA	NA	NA	NA	0.9991	0.07634129535524548	0
228	L	F	M	NA	NA	0.81	27.9	0.9306	0.7075633749071513	0
228	L	G	M	NA	NA	NA	NA	0.9985	0.40857654882540545	0
228	L	H	M	NA	NA	NA	NA	0.9979	-0.873625874672799	0
228	L	I	M	NA	NA	NA	NA	0.3549	0.05783289220799254	0
228	L	K	M	NA	NA	NA	NA	0.9984	-0.6239506929619887	0
228	L	M	M	Uncertain significance	not provided	0.756	23.1	0.6144	0.715504971667564	0
228	L	N	M	NA	NA	NA	NA	0.9986	-0.28619766644347794	0
228	L	P	M	NA	NA	NA	NA	0.9997	0.5551350000612574	0
228	L	Q	M	NA	NA	NA	NA	0.9964	-0.8074081491262208	0
228	L	R	M	NA	NA	NA	NA	0.9967	2.231423493685221	0
228	L	S	M	NA	NA	0.967	33	0.9986	0.3784415453090971	0
228	L	T	M	NA	NA	NA	NA	0.9908	-0.3039261674295156	0
228	L	V	M	NA	NA	0.748	23	0.602	0.37389187899170295	0
228	L	W	M	NA	NA	0.953	33	0.9952	0.15856576324842508	0
228	L	Y	M	NA	NA	NA	NA	0.9949	-0.4276807913103151	0
229	N	A	M	NA	NA	NA	NA	0.2783	-0.7062735072628585	0
229	N	C	M	NA	NA	NA	NA	0.3517	-0.6305832696847002	0
229	N	D	M	NA	NA	0.358	25.7	0.5835	1.1647399210287848	0
229	N	E	M	NA	NA	NA	NA	0.8984	0.24487900668785445	0
229	N	F	M	NA	NA	NA	NA	0.8337	1.1635303527299854	0
229	N	G	M	NA	NA	NA	NA	0.4308	0.07793406565045369	0
229	N	H	M	NA	NA	0.508	27.9	0.2194	0.14858073515328463	0
229	N	I	M	NA	NA	0.508	28.8	0.4291	-0.5905865180568364	0
229	N	K	M	NA	NA	0.189	21.6	0.9111	0.17964296198756508	0
229	N	L	M	NA	NA	NA	NA	0.3272	0.9368228531718562	0
229	N	M	M	NA	NA	NA	NA	0.4694	-0.059114310642098905	0
229	N	P	M	NA	NA	NA	NA	0.1929	0.20857285031694273	0
229	N	Q	M	NA	NA	NA	NA	0.5977	-0.4520478889667986	0
229	N	R	M	NA	NA	NA	NA	0.9274	0.3928010788121301	0
229	N	S	M	NA	NA	0.233	22.7	0.0776	0.5100729673829391	0
229	N	T	M	NA	NA	0.371	23.6	0.2258	-0.39198128240952035	0
229	N	V	M	NA	NA	NA	NA	0.3675	0.3822034601372765	0
229	N	W	M	NA	NA	NA	NA	0.9592	0.2949948043163809	0
229	N	Y	M	NA	NA	0.623	31	0.5134	0.5070064265081848	0
230	P	A	M	NA	NA	0.545	23.4	0.2068	-0.07472146872215435	0
230	P	C	M	NA	NA	NA	NA	0.8494	-0.4308208141618809	0
230	P	D	M	NA	NA	NA	NA	0.987	-0.057099806043777554	0
230	P	E	M	NA	NA	NA	NA	0.9553	0.9783825052170252	0
230	P	F	M	NA	NA	NA	NA	0.9621	1.5009293911171238	0
230	P	G	M	NA	NA	NA	NA	0.7324	-0.9578193934189674	0
230	P	H	M	NA	NA	NA	NA	0.8079	1.145605270293116	0
230	P	I	M	NA	NA	NA	NA	0.7843	0.0638992854464851	0
230	P	K	M	NA	NA	NA	NA	0.9756	0.4143598566079695	0
230	P	L	M	Uncertain significance	not provided|Hereditary cancer-predisposing syndrome	0.557	28.2	0.599	1.3627626522876848	0
230	P	M	M	NA	NA	NA	NA	0.802	-0.7063110669039242	0
230	P	N	M	NA	NA	NA	NA	0.8566	0.6548523546624198	0
230	P	Q	M	Uncertain significance	not provided	0.671	29.8	0.7346	2.0190648826746043	0
230	P	R	M	NA	NA	0.645	31	0.9316	-0.004267589672424021	0
230	P	S	M	NA	NA	0.553	23.8	0.3849	0.6926677363807208	0
230	P	T	M	Uncertain significance	Hereditary cancer-predisposing syndrome	0.565	23.5	0.3339	0.1345015060640808	0
230	P	V	M	NA	NA	NA	NA	0.5821	0.09923502621655089	0
230	P	W	M	NA	NA	NA	NA	0.9895	-0.17051546260862005	0
230	P	Y	M	NA	NA	NA	NA	0.9611	-1.1243604388905135	0
231	L	A	M	NA	NA	NA	NA	0.2287	-2.204007634424313	0
231	L	C	M	NA	NA	NA	NA	0.6674	-1.515848370389409	0
231	L	D	M	NA	NA	NA	NA	0.941	-0.6100620576779571	0
231	L	E	M	NA	NA	NA	NA	0.8123	-2.5635806257481466	0
231	L	F	M	NA	NA	NA	NA	0.2646	-1.8849839649312328	0
231	L	G	M	NA	NA	NA	NA	0.5459	-1.7836934464107377	0
231	L	H	M	NA	NA	NA	NA	0.5486	-2.6368847066451635	0
231	L	I	M	NA	NA	NA	NA	0.0858	-1.6300293845868943	0
231	L	K	M	NA	NA	NA	NA	0.8362	-0.7873599614748752	0
231	L	M	M	NA	NA	0.316	21.6	0.0925	0.906679911728862	0
231	L	N	M	NA	NA	NA	NA	0.4141	-2.7204475763103613	0
231	L	P	M	NA	NA	0.48	24.4	0.5252	0.38436295474217863	0
231	L	Q	M	NA	NA	0.459	32	0.3242	-1.579393493743688	0
231	L	R	M	NA	NA	0.492	26.6	0.7931	-2.573337464527575	0
231	L	S	M	NA	NA	NA	NA	0.3021	-1.8866739573770972	0
231	L	T	M	NA	NA	NA	NA	0.2489	-1.0912341609592469	0
231	L	V	M	NA	NA	0.304	17.96	0.0761	-0.24867650525134644	0
231	L	W	M	NA	NA	NA	NA	0.7145	-0.0605127048093476	0
231	L	Y	M	NA	NA	NA	NA	0.6615	-2.6012833774019786	0
232	T	A	M	NA	NA	0.209	20.4	0.0533	2.159678527206764	0
232	T	C	M	NA	NA	NA	NA	0.2802	-1.4248784678827737	0
232	T	D	M	NA	NA	NA	NA	0.8159	-1.5499057737406932	0
232	T	E	M	NA	NA	NA	NA	0.8207	-1.2664603597053437	0
232	T	F	M	NA	NA	NA	NA	0.3185	0.14562959171137574	0
232	T	G	M	NA	NA	NA	NA	0.1411	-3.3026978898880515	0
232	T	H	M	NA	NA	NA	NA	0.3932	-0.8618959664213502	0
232	T	I	M	NA	NA	NA	NA	0.1589	-1.2489181651374568	0
232	T	K	M	NA	NA	0.406	25.3	0.8472	-0.8491093422400113	0
232	T	L	M	NA	NA	NA	NA	0.0797	-2.7411503776113544	0
232	T	M	M	Conflicting classifications of pathogenicity	not provided|Hereditary cancer-predisposing syndrome|Rhabdoid tumor predisposition syndrome 1	0.302	29.8	0.0757	0.08762301480504779	0
232	T	N	M	NA	NA	NA	NA	0.0981	-1.61061830354203	0
232	T	P	M	NA	NA	0.398	21.9	0.1108	0.24213302776644202	0
232	T	Q	M	NA	NA	NA	NA	0.4094	-2.383246244716326	0
232	T	R	M	NA	NA	0.449	25.3	0.8374	-0.5162963054422863	0
232	T	S	M	NA	NA	0.244	19.66	0.0781	-0.057040340932465794	0
232	T	V	M	NA	NA	NA	NA	0.1028	-2.497190549839889	0
232	T	W	M	NA	NA	NA	NA	0.803	-0.5346299216772635	0
232	T	Y	M	NA	NA	NA	NA	0.4693	-1.2715468016292952	0
233	F	A	M	NA	NA	NA	NA	0.9975	-1.2065140596055521	0
233	F	C	M	NA	NA	0.785	32	0.9883	-0.6407651366249759	0
233	F	D	M	NA	NA	NA	NA	0.9999	-0.6433538703635332	0
233	F	E	M	NA	NA	NA	NA	0.9999	0.1875236237953104	0
233	F	G	M	NA	NA	NA	NA	0.999	-2.2285921809813116	0
233	F	H	M	NA	NA	NA	NA	0.9945	-2.5345867089264886	0
233	F	I	M	NA	NA	0.648	28.7	0.9915	0.8327035602147511	0
233	F	K	M	NA	NA	NA	NA	0.9999	-1.235515360394279	0
233	F	L	M	NA	NA	0.5986666666666667	23.333333333333332	0.9989	1.3628318741157437	0
233	F	M	M	NA	NA	NA	NA	0.9916	-2.1413224855861306	0
233	F	N	M	NA	NA	NA	NA	0.999	0.7388729551218493	0
233	F	P	M	NA	NA	NA	NA	1	-0.886523041339088	0
233	F	Q	M	NA	NA	NA	NA	0.9996	-2.0623874429739573	0
233	F	R	M	NA	NA	NA	NA	0.9994	-0.5838870509682994	0
233	F	S	M	NA	NA	0.826	32	0.9979	0.784370246669229	0
233	F	T	M	NA	NA	NA	NA	0.9988	-1.2774112871008194	0
233	F	V	M	NA	NA	0.763	29.1	0.9803	1.18302129493453	0
233	F	W	M	NA	NA	NA	NA	0.961	-1.761987043307654	0
233	F	Y	M	Uncertain significance	not provided	0.598	29	0.7889	-2.2668502828912884	0
234	V	A	M	NA	NA	0.505	25.4	0.5895	0.00931221883460423	0
234	V	C	M	NA	NA	NA	NA	0.9016	-1.508592965545062	0
234	V	D	M	NA	NA	NA	NA	0.9974	-1.8318817915665104	0
234	V	E	M	NA	NA	0.78	31	0.9822	-0.10647350206728884	0
234	V	F	M	NA	NA	NA	NA	0.864	-0.4791422095790694	0
234	V	G	M	NA	NA	0.769	29.7	0.8023	0.8170790887355809	0
234	V	H	M	NA	NA	NA	NA	0.9899	-0.8036332089494526	0
234	V	I	M	NA	NA	NA	NA	0.1	0.12046712699312712	0
234	V	K	M	NA	NA	NA	NA	0.9903	-1.140986323492674	0
234	V	L	M	Uncertain significance	Rhabdoid tumor predisposition syndrome 1|not provided	0.49	24.6	0.6552	-0.11409712614949011	0
234	V	M	M	NA	NA	0.586	32	0.6413	0.5174423152836534	0
234	V	N	M	NA	NA	NA	NA	0.9671	1.219610580047976	0
234	V	P	M	NA	NA	NA	NA	0.9923	-0.6173157827627295	0
234	V	Q	M	NA	NA	NA	NA	0.9411	-0.7893060542580701	0
234	V	R	M	NA	NA	NA	NA	0.9812	-1.040531351143438	0
234	V	S	M	NA	NA	NA	NA	0.7298	-1.022732583987383	0
234	V	T	M	NA	NA	NA	NA	0.6639	-0.38237549060415865	0
234	V	W	M	NA	NA	NA	NA	0.998	-0.6908997601905899	0
234	V	Y	M	NA	NA	NA	NA	0.9872	-1.1579107009865255	0
235	P	A	M	NA	NA	0.521	25	0.3802	-0.44926399420638663	0
235	P	C	M	NA	NA	NA	NA	0.967	-1.9188941722992645	0
235	P	D	M	NA	NA	NA	NA	0.9669	-0.14878252643150125	0
235	P	E	M	NA	NA	NA	NA	0.9332	-0.2103718907075677	0
235	P	F	M	NA	NA	NA	NA	0.9812	0.1821107460208453	0
235	P	G	M	NA	NA	NA	NA	0.6205	-0.7081013531042492	0
235	P	H	M	NA	NA	NA	NA	0.8242	-1.2826353337561023	0
235	P	I	M	NA	NA	NA	NA	0.9424	1.438837051844628	0
235	P	K	M	NA	NA	NA	NA	0.9724	-0.7080728159935519	0
235	P	L	M	NA	NA	0.731	32	0.7224	0.13723941644676424	0
235	P	M	M	NA	NA	NA	NA	0.9005	0.8391118495732043	0
235	P	N	M	NA	NA	NA	NA	0.7552	-2.585814602109133	0
235	P	Q	M	NA	NA	0.514	26.3	0.6694	0.7665052883595789	0
235	P	R	M	NA	NA	0.635	27	0.9475	0.6388039652193512	0
235	P	S	M	NA	NA	0.562	28.6	0.4345	-0.7844986361333692	0
235	P	T	M	NA	NA	0.609	28.7	0.4552	0.9010136738840929	0
235	P	V	M	NA	NA	NA	NA	0.8276	-2.0455450445342063	0
235	P	W	M	NA	NA	NA	NA	0.9933	-1.2098850400478511	0
235	P	Y	M	NA	NA	NA	NA	0.9779	-1.6088677331338865	0
236	A	C	M	NA	NA	NA	NA	0.7982	-1.4500061203461303	0
236	A	D	M	NA	NA	0.769	32	0.9953	0.5064698698617408	0
236	A	E	M	NA	NA	NA	NA	0.9867	-0.40947796024132743	0
236	A	F	M	NA	NA	NA	NA	0.9058	-0.7446877363156713	0
236	A	G	M	NA	NA	0.672	29.8	0.5044	-1.042869368632657	0
236	A	H	M	NA	NA	NA	NA	0.9637	-1.2497798394754676	0
236	A	I	M	NA	NA	NA	NA	0.7794	-1.3819869630148691	0
236	A	K	M	NA	NA	NA	NA	0.997	-2.252608832700343	0
236	A	L	M	NA	NA	NA	NA	0.5138	-1.1671875858275953	0
236	A	M	M	NA	NA	NA	NA	0.6361	-0.6200667237358941	0
236	A	N	M	NA	NA	NA	NA	0.8466	-0.0016604742853807697	0
236	A	P	M	Uncertain significance	not provided	0.647	25.9	0.8156	-0.349181220489911	0
236	A	Q	M	NA	NA	NA	NA	0.9104	-0.384480866605	0
236	A	R	M	NA	NA	NA	NA	0.994	0.5157344097179429	0
236	A	S	M	NA	NA	0.51	31	0.2343	-0.7525824151849074	0
236	A	T	M	NA	NA	0.565	33	0.4389	0.1992689622996219	0
236	A	V	M	NA	NA	0.632	29.4	0.4745	0.12827481595933787	0
236	A	W	M	NA	NA	NA	NA	0.9958	-1.3629635848631207	0
236	A	Y	M	NA	NA	NA	NA	0.9667	-1.4517333089430267	0
237	I	A	M	NA	NA	NA	NA	0.8906	-0.7902932200146473	0
237	I	C	M	NA	NA	NA	NA	0.9771	-0.7338076928542399	0
237	I	D	M	NA	NA	NA	NA	0.9999	0.18750318877604716	0
237	I	E	M	NA	NA	NA	NA	0.9995	-0.3007410312079816	0
237	I	F	M	NA	NA	0.875	28.8	0.9755	-0.508573116132907	0
237	I	G	M	NA	NA	NA	NA	0.9976	-1.186483229544594	0
237	I	H	M	NA	NA	NA	NA	0.9997	-0.49360192928406704	0
237	I	K	M	NA	NA	NA	NA	0.9996	0.804186571260192	0
237	I	L	M	NA	NA	0.791	28.4	0.642	-0.7741872729907955	0
237	I	M	M	NA	NA	0.698	17.02	0.6653	-1.1608829663578442	0
237	I	N	M	NA	NA	0.948	32	0.9981	0.5573101514051906	0
237	I	P	M	NA	NA	NA	NA	0.9992	0.7413663990769179	0
237	I	Q	M	NA	NA	NA	NA	0.9992	0.38313042853359514	0
237	I	R	M	NA	NA	NA	NA	0.9992	0.46505857497492586	0
237	I	S	M	Uncertain significance	not provided|Intellectual disability, autosomal dominant 15	0.947	33	0.9851	-1.231270325577501	0
237	I	T	M	NA	NA	0.947	29.6	0.8516	0.17185837410760393	0
237	I	V	M	NA	NA	0.658	24.4	0.0571	0.8146402905178077	0
237	I	W	M	NA	NA	NA	NA	0.9998	0.6561010533068533	0
237	I	Y	M	NA	NA	NA	NA	0.9994	-0.5094342082551264	0
238	A	C	M	NA	NA	NA	NA	0.6525	-0.5661076728670315	0
238	A	D	M	NA	NA	0.826	31	0.9961	-0.07929835292308084	0
238	A	E	M	NA	NA	NA	NA	0.9828	0.5292518422172983	0
238	A	F	M	NA	NA	NA	NA	0.9626	-0.3968550633850932	0
238	A	G	M	NA	NA	0.685	28	0.4593	-1.0119049133987499	0
238	A	H	M	NA	NA	NA	NA	0.9792	-0.8174994629824716	0
238	A	I	M	NA	NA	NA	NA	0.8119	-1.0923539505840871	0
238	A	K	M	NA	NA	NA	NA	0.9972	-0.04763819088596816	0
238	A	L	M	NA	NA	NA	NA	0.895	-0.4237168232705044	0
238	A	M	M	NA	NA	NA	NA	0.8523	-1.3677898488272446	0
238	A	N	M	NA	NA	NA	NA	0.9464	0.4580177790573994	0
238	A	P	M	NA	NA	0.722	29.1	0.9989	0.34666209842055734	0
238	A	Q	M	NA	NA	NA	NA	0.9379	-0.7272237290562729	0
238	A	R	M	NA	NA	NA	NA	0.9913	0.21052582272903114	0
238	A	S	M	Uncertain significance	Rhabdoid tumor predisposition syndrome 2	0.3	24.2	0.107	0.5267736608727275	0
238	A	T	M	Conflicting classifications of pathogenicity	Hereditary cancer-predisposing syndrome|not provided	0.459	25.6	0.2986	0.5434150996174354	0
238	A	V	M	Uncertain significance	not provided	0.441	24	0.4612	-0.16139252010540264	0
238	A	W	M	NA	NA	NA	NA	0.9979	1.0062261799149326	0
238	A	Y	M	NA	NA	NA	NA	0.9836	-0.06940501650393421	0
239	S	A	M	NA	NA	0.335	22.2	0.057	-1.6825167493343685	0
239	S	C	M	NA	NA	0.638	28.4	0.1659	-0.23795219732503686	0
239	S	D	M	NA	NA	NA	NA	0.909	0.9985588438564438	0
239	S	E	M	NA	NA	NA	NA	0.9262	-0.24995325624281134	0
239	S	F	M	NA	NA	0.672	29.5	0.3765	0.6076544357362019	0
239	S	G	M	NA	NA	NA	NA	0.0791	-0.8948698921249223	0
239	S	H	M	NA	NA	NA	NA	0.7089	-1.2969045926956957	0
239	S	I	M	NA	NA	NA	NA	0.3022	0.032635602098769985	0
239	S	K	M	NA	NA	NA	NA	0.9821	0.42004851617012284	0
239	S	L	M	NA	NA	NA	NA	0.1045	-0.5619946329614687	0
239	S	M	M	NA	NA	NA	NA	0.1482	-0.342986804513193	0
239	S	N	M	NA	NA	NA	NA	0.1745	-0.32528920414162155	0
239	S	P	M	NA	NA	0.622	29.5	0.973	-0.01333490816916183	0
239	S	Q	M	NA	NA	NA	NA	0.6974	-0.4700297427747773	0
239	S	R	M	NA	NA	NA	NA	0.9808	-1.907830119701193	0
239	S	T	M	NA	NA	0.345	22.5	0.0791	-0.2010301122048377	0
239	S	V	M	NA	NA	NA	NA	0.2232	-1.0447894414219496	0
239	S	W	M	NA	NA	NA	NA	0.8192	-0.305821711151412	0
239	S	Y	M	NA	NA	0.613	28	0.5449	0.3837975625316058	0
240	A	C	M	NA	NA	NA	NA	0.6404	-0.4115698812551165	0
240	A	D	M	NA	NA	0.862	31	0.992	-0.11095285984373454	0
240	A	E	M	NA	NA	NA	NA	0.9848	-0.5782899958780754	0
240	A	F	M	NA	NA	NA	NA	0.9523	-0.8128597296941132	0
240	A	G	M	Uncertain significance	Rhabdoid tumor predisposition syndrome 1	0.629	28.6	0.42	0.43462524072967057	0
240	A	H	M	NA	NA	NA	NA	0.9619	-1.036792214349654	0
240	A	I	M	NA	NA	NA	NA	0.9328	1.0459531808322162	0
240	A	K	M	NA	NA	NA	NA	0.9984	-0.16179001310426033	0
240	A	L	M	NA	NA	NA	NA	0.8057	-0.9944994003055597	0
240	A	M	M	NA	NA	NA	NA	0.7748	-1.0005111586471054	0
240	A	N	M	NA	NA	NA	NA	0.7734	-1.575832283504164	0
240	A	P	M	NA	NA	0.838	33	0.9995	0.6161132324423453	0
240	A	Q	M	NA	NA	NA	NA	0.9207	-0.42242477928642974	0
240	A	R	M	NA	NA	NA	NA	0.9956	-1.117521026533228	0
240	A	S	M	NA	NA	0.313	23	0.0992	0.4684991471092986	0
240	A	T	M	NA	NA	0.58	29.9	0.4085	0.28364011523210947	0
240	A	V	M	NA	NA	0.73	29.8	0.7198	0.10022584326882177	0
240	A	W	M	NA	NA	NA	NA	0.9973	-3.0260130239834693	0
240	A	Y	M	NA	NA	NA	NA	0.9806	-1.8796076595085267	0
241	I	A	M	NA	NA	NA	NA	0.985	-0.7545499153041825	0
241	I	C	M	NA	NA	NA	NA	0.9852	-0.610359822422925	0
241	I	D	M	NA	NA	NA	NA	1	0.30874563161414054	0
241	I	E	M	NA	NA	NA	NA	0.9997	-0.5162869351035713	0
241	I	F	M	NA	NA	0.941	29.9	0.928	0.0943289970105019	0
241	I	G	M	NA	NA	NA	NA	0.9996	-1.2016559199716754	0
241	I	H	M	NA	NA	NA	NA	0.9998	0.279198442328812	0
241	I	K	M	NA	NA	NA	NA	0.9997	-0.9182683209523917	0
241	I	L	M	NA	NA	0.753	28.3	0.5077	-0.22399809544710655	0
241	I	M	M	NA	NA	0.771	24.1	0.3873	-0.3684771704493936	0
241	I	N	M	NA	NA	0.956	33	0.9995	1.1117157404275455	0
241	I	P	M	NA	NA	NA	NA	0.9999	1.3996797892839872	0
241	I	Q	M	NA	NA	NA	NA	0.9993	-0.27340874072422094	0
241	I	R	M	NA	NA	NA	NA	0.9995	1.4100676992658436	0
241	I	S	M	NA	NA	0.938	33	0.9968	-0.026068602301104138	0
241	I	T	M	NA	NA	0.962	29.4	0.9912	0.24775231862652336	0
241	I	V	M	Uncertain significance	not provided	0.643	24.2	0.1638	0.5758121671831918	0
241	I	W	M	NA	NA	NA	NA	0.9996	-0.8676603263911973	0
241	I	Y	M	NA	NA	NA	NA	0.9988	0.3474132962451226	0
242	R	A	M	NA	NA	NA	NA	0.9558	0.505716790662398	0
242	R	C	M	NA	NA	NA	NA	0.5631	-1.111669272120766	0
242	R	D	M	NA	NA	NA	NA	0.9886	0.9136817468923897	0
242	R	E	M	NA	NA	NA	NA	0.9245	-0.927536571043684	0
242	R	F	M	NA	NA	NA	NA	0.9611	-1.7694404552834266	0
242	R	G	M	NA	NA	0.69	26.4	0.893	-0.2930394657210129	0
242	R	H	M	NA	NA	NA	NA	0.2574	0.22899639036453645	0
242	R	I	M	NA	NA	0.831	33	0.9204	-0.030612658604718845	0
242	R	K	M	NA	NA	0.401	24.3	0.2409	-0.1270162653214234	0
242	R	L	M	NA	NA	NA	NA	0.8618	-3.8379625627992158	0
242	R	M	M	NA	NA	NA	NA	0.9263	0.7125599884865466	0
242	R	N	M	NA	NA	NA	NA	0.9549	-1.4884499777988707	0
242	R	P	M	NA	NA	NA	NA	0.9992	-2.627200696421829	0
242	R	Q	M	NA	NA	NA	NA	0.2978	-0.18005985104723232	0
242	R	S	M	NA	NA	0.549	22.5	0.9499	-0.14880631547468975	0
242	R	T	M	NA	NA	0.761	32	0.914	-1.4738036141825588	0
242	R	V	M	NA	NA	NA	NA	0.9306	-2.1997893869968133	0
242	R	W	M	NA	NA	NA	NA	0.7245	-2.4751404840186932	0
242	R	Y	M	NA	NA	NA	NA	0.8682	-2.1125395382653154	0
243	Q	A	M	NA	NA	NA	NA	0.1961	-1.4862406927367289	0
243	Q	C	M	NA	NA	NA	NA	0.82	-1.963995491579393	0
243	Q	D	M	NA	NA	NA	NA	0.8862	-1.4632068055417098	0
243	Q	E	M	NA	NA	0.265	26.5	0.4027	-0.31444297798211784	0
243	Q	F	M	NA	NA	NA	NA	0.8435	0.9270429222501193	0
243	Q	G	M	NA	NA	NA	NA	0.2649	-1.5062890488478027	0
243	Q	H	M	NA	NA	0.597	24.1	0.392	0.24953499574058335	0
243	Q	I	M	NA	NA	NA	NA	0.5528	-1.5781851751214453	0
243	Q	K	M	NA	NA	0.481	25.3	0.694	-0.4561002181204068	0
243	Q	L	M	NA	NA	0.713	28.6	0.1693	-1.5371719972848537	0
243	Q	M	M	NA	NA	NA	NA	0.2934	-1.8487072724568931	0
243	Q	N	M	NA	NA	NA	NA	0.2445	-2.399102229609812	0
243	Q	P	M	NA	NA	0.869	31	0.9711	-0.186147701867292	0
243	Q	R	M	NA	NA	0.556	28.1	0.7563	-0.33882185508192386	0
243	Q	S	M	NA	NA	NA	NA	0.1461	-2.6594522027980374	0
243	Q	T	M	NA	NA	NA	NA	0.1405	-0.07621252040768967	0
243	Q	V	M	NA	NA	NA	NA	0.3679	-0.3340046087621651	0
243	Q	W	M	NA	NA	NA	NA	0.9427	-1.8186222103604948	0
243	Q	Y	M	NA	NA	NA	NA	0.7792	-2.2460169743271665	0
244	Q	A	M	NA	NA	NA	NA	0.8945	-0.7815773406614416	0
244	Q	C	M	NA	NA	NA	NA	0.9984	-0.7612446100783341	0
244	Q	D	M	NA	NA	NA	NA	0.9977	-1.430637100582434	0
244	Q	E	M	NA	NA	0.891	28.5	0.9134	-0.5352682370453687	0
244	Q	F	M	NA	NA	NA	NA	0.9995	-3.7876149557824914	0
244	Q	G	M	NA	NA	NA	NA	0.9108	0.30513244965852604	0
244	Q	H	M	NA	NA	0.873	23.700000000000003	0.996	0.48116633212888876	0
244	Q	I	M	NA	NA	NA	NA	0.9975	-1.2651184087937175	0
244	Q	K	M	NA	NA	0.927	30	0.9922	-0.1975328415685703	0
244	Q	L	M	Uncertain significance	not provided	0.941	31	0.9919	1.6622268300339924	0
244	Q	M	M	NA	NA	NA	NA	0.9645	-1.905903231164824	0
244	Q	N	M	NA	NA	NA	NA	0.9493	-3.1061494455955847	0
244	Q	P	M	NA	NA	0.914	32	0.9996	-0.20555510743451003	0
244	Q	R	M	NA	NA	0.876	29.8	0.9953	0.7120261661022572	0
244	Q	S	M	NA	NA	NA	NA	0.8713	-2.4950890440298066	0
244	Q	T	M	NA	NA	NA	NA	0.9575	-5.069130799611551	0
244	Q	V	M	NA	NA	NA	NA	0.9927	-1.992843066197294	0
244	Q	W	M	NA	NA	NA	NA	0.9999	-1.810965115995413	0
244	Q	Y	M	NA	NA	NA	NA	0.9996	-1.881101550945522	0
245	I	A	M	NA	NA	NA	NA	0.3624	-2.8404084595378603	0
245	I	C	M	NA	NA	NA	NA	0.7977	0.033269658031525734	0
245	I	D	M	NA	NA	NA	NA	0.9963	0.5545279968762219	0
245	I	E	M	NA	NA	NA	NA	0.9695	-1.7803724911885803	0
245	I	F	M	NA	NA	0.928	28.9	0.8133	-0.6243273667816434	0
245	I	G	M	NA	NA	NA	NA	0.9098	0.9358568769703964	0
245	I	H	M	NA	NA	NA	NA	0.9817	-1.2184907402650444	0
245	I	K	M	NA	NA	NA	NA	0.9498	-1.0237478838750453	0
245	I	L	M	NA	NA	0.387	22.3	0.1135	-0.9844705157342315	0
245	I	M	M	NA	NA	0.647	15.35	0.1182	-0.7871260446427368	0
245	I	N	M	NA	NA	0.929	32	0.9172	-1.3921447960068933	0
245	I	P	M	NA	NA	NA	NA	0.9948	-0.44129376094997824	0
245	I	Q	M	NA	NA	NA	NA	0.9093	-0.2982106075739337	0
245	I	R	M	NA	NA	NA	NA	0.9293	-1.358279712029068	0
245	I	S	M	NA	NA	0.909	32	0.7097	-1.5742316531715552	0
245	I	T	M	Uncertain significance	Hereditary cancer-predisposing syndrome	0.904	26.2	0.1542	0.602096543998826	0
245	I	V	M	Uncertain significance	Hereditary cancer-predisposing syndrome	0.469	22.4	0.0679	0.33671348364974624	0
245	I	W	M	NA	NA	NA	NA	0.9896	-1.5865658771957243	0
245	I	Y	M	NA	NA	NA	NA	0.9839	-0.8372918103770071	0
246	E	A	M	NA	NA	0.741	25.8	0.551	0.16130216158196042	0
246	E	C	M	NA	NA	NA	NA	0.9697	-0.9122588429317768	0
246	E	D	M	NA	NA	0.337	17.939999999999998	0.0967	-0.5701153830131317	0
246	E	F	M	NA	NA	NA	NA	0.9803	-0.8362258158499085	0
246	E	G	M	NA	NA	0.859	32	0.5997	-0.2828971430824426	0
246	E	H	M	NA	NA	NA	NA	0.9267	-1.127203513398247	0
246	E	I	M	NA	NA	NA	NA	0.8837	-1.5402213829757758	0
246	E	K	M	Uncertain significance	not provided|Hereditary cancer-predisposing syndrome	0.691	29.8	0.8833	0.4539291119214913	0
246	E	L	M	NA	NA	NA	NA	0.8699	-0.8845044008109073	0
246	E	M	M	NA	NA	NA	NA	0.917	-1.8989654337103672	0
246	E	N	M	NA	NA	NA	NA	0.5708	-1.6224857065386313	0
246	E	P	M	NA	NA	NA	NA	0.9959	-0.904837017261281	0
246	E	Q	M	NA	NA	0.437	26.5	0.5853	-0.89803921658233	0
246	E	R	M	NA	NA	NA	NA	0.921	-0.8517621814283369	0
246	E	S	M	NA	NA	NA	NA	0.5197	-0.5829971834386855	0
246	E	T	M	NA	NA	NA	NA	0.6962	-1.6225466765793697	0
246	E	V	M	NA	NA	0.864	31	0.77	-0.6042987993544938	0
246	E	W	M	NA	NA	NA	NA	0.9959	-1.7101384488301927	0
246	E	Y	M	NA	NA	NA	NA	0.959	-1.4528219858108562	0
247	S	A	M	NA	NA	0.356	21	0.0601	-0.7229978916257416	0
247	S	C	M	NA	NA	0.613	29.8	0.1302	-0.5292971235657995	0
247	S	D	M	NA	NA	NA	NA	0.9013	-1.55207603252292	0
247	S	E	M	NA	NA	NA	NA	0.9372	-1.1800672127718081	0
247	S	F	M	NA	NA	0.666	31	0.468	0.2317629525852234	0
247	S	G	M	NA	NA	NA	NA	0.0832	-0.7497053866392144	0
247	S	H	M	NA	NA	NA	NA	0.7747	-0.46457856032183686	0
247	S	I	M	NA	NA	NA	NA	0.3299	-0.05919929588476536	0
247	S	K	M	NA	NA	NA	NA	0.9869	-1.197233614507659	0
247	S	L	M	NA	NA	NA	NA	0.1364	-1.214819571484753	0
247	S	M	M	NA	NA	NA	NA	0.1788	-1.3988607455708069	0
247	S	N	M	NA	NA	NA	NA	0.1687	-1.0199726880995725	0
247	S	P	M	NA	NA	0.58	29.6	0.9763	0.23273197668974194	0
247	S	Q	M	NA	NA	NA	NA	0.7974	-0.30937994812297676	0
247	S	R	M	NA	NA	NA	NA	0.9842	-0.7647806385558282	0
247	S	T	M	NA	NA	0.343	24.4	0.0943	-1.5089862602943103	0
247	S	V	M	NA	NA	NA	NA	0.2583	-1.3364469484647779	0
247	S	W	M	NA	NA	NA	NA	0.8391	0.24653604553979602	0
247	S	Y	M	NA	NA	0.675	29.4	0.5693	0.4743465646254419	0
248	Y	A	M	NA	NA	NA	NA	0.8108	-1.5439741501542534	0
248	Y	C	M	Uncertain significance	not provided|Hereditary cancer-predisposing syndrome	0.736	26.2	0.2789	-0.5683188705958624	0
248	Y	D	M	NA	NA	0.94	32	0.939	-0.7804408755337348	0
248	Y	E	M	NA	NA	NA	NA	0.9736	-1.1351893142762615	0
248	Y	F	M	NA	NA	0.329	21.9	0.057	-0.9566405462745919	0
248	Y	G	M	NA	NA	NA	NA	0.8547	-0.6136362246472027	0
248	Y	H	M	Uncertain significance	Hereditary cancer-predisposing syndrome	0.547	23.2	0.3348	0.003948919156747693	0
248	Y	I	M	NA	NA	NA	NA	0.8402	-1.1435365980898244	0
248	Y	K	M	NA	NA	NA	NA	0.9769	-1.1733740618628805	0
248	Y	L	M	NA	NA	NA	NA	0.8066	-0.9498783525089234	0
248	Y	M	M	NA	NA	NA	NA	0.8546	0.5902814575906984	0
248	Y	N	M	NA	NA	0.916	27	0.5834	-0.5791397931833051	0
248	Y	P	M	NA	NA	NA	NA	0.9907	-1.4641486871620426	0
248	Y	Q	M	NA	NA	NA	NA	0.889	-1.846452567906578	0
248	Y	R	M	NA	NA	NA	NA	0.9333	-1.9295310561656347	0
248	Y	S	M	NA	NA	0.731	24.5	0.5274	0.26901587489605194	0
248	Y	T	M	NA	NA	NA	NA	0.8234	0.6200598803805435	0
248	Y	V	M	NA	NA	NA	NA	0.735	-0.38084841372108824	0
248	Y	W	M	NA	NA	NA	NA	0.4368	-1.3065456101717023	0
249	P	A	M	NA	NA	0.42	23.5	0.2119	-0.35833472287997026	0
249	P	C	M	NA	NA	NA	NA	0.782	-0.8788257286005661	0
249	P	D	M	NA	NA	NA	NA	0.8952	-1.527933523134445	0
249	P	E	M	NA	NA	NA	NA	0.7716	-0.4715723584816395	0
249	P	F	M	NA	NA	NA	NA	0.9277	-1.012734309876392	0
249	P	G	M	NA	NA	NA	NA	0.5753	-0.41784636774698253	0
249	P	H	M	NA	NA	0.532	28.8	0.5698	1.0963327860491416	0
249	P	I	M	NA	NA	NA	NA	0.7714	-0.9987870642304644	0
249	P	K	M	NA	NA	NA	NA	0.8324	-0.5948220555153783	0
249	P	L	M	NA	NA	0.613	28.8	0.5546	-1.2398983770348233	0
249	P	M	M	NA	NA	NA	NA	0.7487	-0.1606696718332603	0
249	P	N	M	NA	NA	NA	NA	0.6118	-0.5879403862932966	0
249	P	Q	M	NA	NA	NA	NA	0.3985	0.04905600578854108	0
249	P	R	M	NA	NA	0.538	28.8	0.7247	-0.012177056747623538	0
249	P	S	M	Uncertain significance	not provided	0.483	25.3	0.2613	-1.286709550374339	0
249	P	T	M	NA	NA	0.43	23.7	0.2439	0.31669281504000707	0
249	P	V	M	NA	NA	NA	NA	0.54990000000000006	-0.19332726994225283	0
249	P	W	M	NA	NA	NA	NA	0.9717	-1.0519492544278617	0
249	P	Y	M	NA	NA	NA	NA	0.9199	-3.1608667060877225	0
250	T	A	M	Uncertain significance	not provided|Hereditary cancer-predisposing syndrome	0.28	22.7	0.0615	0.20055292780853196	0
250	T	C	M	NA	NA	NA	NA	0.2946	-0.5919453253442412	0
250	T	D	M	NA	NA	NA	NA	0.5476	-0.6312062752035793	0
250	T	E	M	NA	NA	NA	NA	0.4553	-0.9161109096435132	0
250	T	F	M	NA	NA	NA	NA	0.3351	-1.1300141918952136	0
250	T	G	M	NA	NA	NA	NA	0.1296	-0.6182759865929608	0
250	T	H	M	NA	NA	NA	NA	0.3253	-0.7136625230253028	0
250	T	I	M	NA	NA	NA	NA	0.1962	-0.8757095815130549	0
250	T	K	M	NA	NA	0.333	22.3	0.4091	-0.5306005470666788	0
250	T	L	M	NA	NA	NA	NA	0.0995	-0.6151581392225066	0
250	T	M	M	Conflicting classifications of pathogenicity	Hereditary cancer-predisposing syndrome|not provided|Rhabdoid tumor predisposition syndrome 1	0.192	23.1	0.092	0.19392704696680174	0
250	T	N	M	NA	NA	NA	NA	0.1254	-0.8204998780806917	0
250	T	P	M	NA	NA	0.401	24.9	0.1	0.18552944117152387	0
250	T	Q	M	NA	NA	NA	NA	0.2674	-0.32769200344923505	0
250	T	R	M	NA	NA	0.332	22.5	0.3961	-0.5079733997363313	0
250	T	S	M	NA	NA	0.233	22.1	0.0814	-0.6433114126228396	0
250	T	V	M	NA	NA	NA	NA	0.1163	-1.2118740894530942	0
250	T	W	M	NA	NA	NA	NA	0.7025	-1.7179862404526256	0
250	T	Y	M	NA	NA	NA	NA	0.436	-0.4344651952801904	0
251	D	A	M	NA	NA	0.452	24	0.4022	-0.7976214773492302	0
251	D	C	M	NA	NA	NA	NA	0.8611	0.17144340426085933	0
251	D	E	M	NA	NA	0.2	20.45	0.1648	-0.5045665280431471	0
251	D	F	M	NA	NA	NA	NA	0.8723	-0.022798392960481757	0
251	D	G	M	NA	NA	0.621	26.3	0.3989	0.5132248438815609	0
251	D	H	M	NA	NA	0.465	32	0.703	-0.9146549938287547	0
251	D	I	M	NA	NA	NA	NA	0.7	-0.20367741849604076	0
251	D	K	M	NA	NA	NA	NA	0.8411	-0.8236091814996068	0
251	D	L	M	NA	NA	NA	NA	0.7244	-0.6726063170341274	0
251	D	M	M	NA	NA	NA	NA	0.8633	-1.3976563338116692	0
251	D	N	M	NA	NA	0.288	27.2	0.2271	-0.024366165879942336	0
251	D	P	M	NA	NA	NA	NA	0.8782	-1.0300408327245925	0
251	D	Q	M	NA	NA	NA	NA	0.6725	-2.0367806234542543	0
251	D	R	M	NA	NA	NA	NA	0.8685	0.30415334516916115	0
251	D	S	M	NA	NA	NA	NA	0.2776	-0.8018585586757236	0
251	D	T	M	NA	NA	NA	NA	0.4623	0.09936685130421707	0
251	D	V	M	NA	NA	0.608	28.9	0.4815	-0.27875473556475855	0
251	D	W	M	NA	NA	NA	NA	0.982	-0.9563181390791324	0
251	D	Y	M	NA	NA	0.512	33	0.6515	0.7381039673213394	0
252	S	A	M	NA	NA	NA	NA	0.0813	-1.0629286428198699	0
252	S	C	M	NA	NA	0.464	27.5	0.1067	2.0910408804628022e-4	0
252	S	D	M	NA	NA	NA	NA	0.4391	-0.2433159096094371	0
252	S	E	M	NA	NA	NA	NA	0.6342	-0.5421924128648394	0
252	S	F	M	NA	NA	NA	NA	0.3188	-0.43108243097113647	0
252	S	G	M	Uncertain significance	Hereditary cancer-predisposing syndrome|not provided	0.215	23.1	0.0796	0.6860625199475183	0
252	S	H	M	NA	NA	NA	NA	0.4101	-1.9671452621334207	0
252	S	I	M	NA	NA	0.364	24.2	0.2025	0.06912302338139437	0
252	S	K	M	NA	NA	NA	NA	0.805	-0.8112649935507364	0
252	S	L	M	NA	NA	NA	NA	0.1217	-0.48476903083535905	0
252	S	M	M	NA	NA	NA	NA	0.1974	-1.238187486986146	0
252	S	N	M	Uncertain significance	Hereditary cancer-predisposing syndrome|not provided	0.344	22.6	0.0955	0.6829471547056212	0
252	S	P	M	NA	NA	NA	NA	0.2292	-1.2334514893928477	0
252	S	Q	M	NA	NA	NA	NA	0.5636	-0.7292913286387603	0
252	S	R	M	NA	NA	0.435	21.7	0.7819	0.7872613154230781	0
252	S	T	M	NA	NA	0.288	23.3	0.0693	0.03215346421532246	0
252	S	V	M	NA	NA	NA	NA	0.1659	-0.22967278225779397	0
252	S	W	M	NA	NA	NA	NA	0.5876	0.34159457033370577	0
252	S	Y	M	NA	NA	NA	NA	0.3302	0.04689578170379591	0
253	I	A	M	NA	NA	NA	NA	0.5319	-2.007830388174708	0
253	I	C	M	NA	NA	NA	NA	0.7828	-1.0631050065622594	0
253	I	D	M	NA	NA	NA	NA	0.9378	-1.7596074675039304	0
253	I	E	M	NA	NA	NA	NA	0.9119	-0.5582617882467955	0
253	I	F	M	NA	NA	0.279	22.1	0.2319	0.6606934596361334	0
253	I	G	M	NA	NA	NA	NA	0.817	-2.0964352266069177	0
253	I	H	M	NA	NA	NA	NA	0.8198	0.1704665997751066	0
253	I	K	M	NA	NA	NA	NA	0.9081	-2.8334129968870303	0
253	I	L	M	NA	NA	0.114	20.5	0.0677	0.26933815934191346	0
253	I	M	M	Uncertain significance	not provided	0.23	22.2	0.1376	-0.9354365050224622	0
253	I	N	M	NA	NA	0.504	29.5	0.671	-0.11985228882874888	0
253	I	P	M	NA	NA	NA	NA	0.6878	0.6673011771547748	0
253	I	Q	M	NA	NA	NA	NA	0.8154	-0.9773932567532574	0
253	I	R	M	NA	NA	NA	NA	0.8592	-1.8294603137805248	0
253	I	S	M	NA	NA	0.415	26.1	0.6183	-1.1875162430422206	0
253	I	T	M	Uncertain significance	Hereditary cancer-predisposing syndrome|not provided	0.378	23.8	0.6389	0.5829168024178294	0
253	I	V	M	NA	NA	0.115	20.4	0.0952	0.35402108308384966	0
253	I	W	M	NA	NA	NA	NA	0.8499	-0.6258513846685922	0
253	I	Y	M	NA	NA	NA	NA	0.7266	-1.5800909727433012	0
254	L	A	M	NA	NA	NA	NA	0.4417	0.409111337392837	0
254	L	C	M	NA	NA	NA	NA	0.7526	-1.0017404942680275	0
254	L	D	M	NA	NA	NA	NA	0.9341	-1.6373260899082822	0
254	L	E	M	NA	NA	NA	NA	0.7508	0.7802296005927216	0
254	L	F	M	NA	NA	NA	NA	0.3129	-0.45517652038965417	0
254	L	G	M	NA	NA	NA	NA	0.7607	-0.6292156139697666	0
254	L	H	M	NA	NA	NA	NA	0.6724	0.3095737380841888	0
254	L	I	M	NA	NA	NA	NA	0.1494	-0.9391613213825717	0
254	L	K	M	NA	NA	NA	NA	0.7782	1.0375504111928489	0
254	L	M	M	NA	NA	0.487	23.4	0.1544	1.9664678895860452	0
254	L	N	M	NA	NA	NA	NA	0.7456	-0.5174973993159315	0
254	L	P	M	NA	NA	0.657	26.4	0.669	0.510114219105334	0
254	L	Q	M	NA	NA	0.736	31	0.4897	0.3037922702925349	0
254	L	R	M	NA	NA	0.76	32	0.7007	-0.390715885816489	0
254	L	S	M	NA	NA	NA	NA	0.5774	-0.7893759235753997	0
254	L	T	M	NA	NA	NA	NA	0.3728	0.34571393346820334	0
254	L	V	M	NA	NA	0.356	21.1	0.1607	-0.5593818540980074	0
254	L	W	M	NA	NA	NA	NA	0.611	-1.7037678742434788	0
254	L	Y	M	NA	NA	NA	NA	0.7426	-0.6866368165173744	0
255	E	A	M	NA	NA	0.413	24	0.1533	1.2088180306460707	0
255	E	C	M	NA	NA	NA	NA	0.6862	-1.7029662021179672	0
255	E	D	M	Uncertain significance	not provided	0.193	17.66	0.0646	0.06283316315545781	0
255	E	F	M	NA	NA	NA	NA	0.7455	-1.320383860926892	0
255	E	G	M	NA	NA	0.393	24.9	0.1486	-0.2838409645683086	0
255	E	H	M	NA	NA	NA	NA	0.44	-1.00614386613644	0
255	E	I	M	NA	NA	NA	NA	0.3708	-2.368364400940996	0
255	E	K	M	NA	NA	0.364	25.3	0.3454	1.3460888180821788	0
255	E	L	M	NA	NA	NA	NA	0.3751	-2.8332399136418984	0
255	E	M	M	NA	NA	NA	NA	0.4944	-1.7615272358576015	0
255	E	N	M	NA	NA	NA	NA	0.1848	-2.6106404883323573	0
255	E	P	M	NA	NA	NA	NA	0.5236	-2.7297603672802118	0
255	E	Q	M	NA	NA	0.308	24.9	0.188	-0.03468754210623574	0
255	E	R	M	NA	NA	NA	NA	0.4672	-0.2744382198280927	0
255	E	S	M	NA	NA	NA	NA	0.1449	-1.5425397801336682	0
255	E	T	M	NA	NA	NA	NA	0.1948	-0.22036048254623541	0
255	E	V	M	NA	NA	0.439	24.2	0.2384	-1.610587702521757	0
255	E	W	M	NA	NA	NA	NA	0.8829	-0.4972333127068271	0
255	E	Y	M	NA	NA	NA	NA	0.617	-0.6619031223809153	0
256	D	A	M	NA	NA	0.276	24.3	0.1869	-0.07089756763292529	0
256	D	C	M	NA	NA	NA	NA	0.5564	0.5965731413367692	0
256	D	E	M	NA	NA	0.178	14.855	0.0768	0.5878492672031768	0
256	D	F	M	NA	NA	NA	NA	0.6147	-0.6139263781346858	0
256	D	G	M	Uncertain significance	not provided	0.313	23.9	0.1453	1.1509978706815631	0
256	D	H	M	NA	NA	0.379	27.8	0.3691	-0.2736847581701265	0
256	D	I	M	NA	NA	NA	NA	0.3608	0.9029900040090004	0
256	D	K	M	NA	NA	NA	NA	0.4506	-0.27255547591656754	0
256	D	L	M	NA	NA	NA	NA	0.3592	-0.3684644805952515	0
256	D	M	M	NA	NA	NA	NA	0.4931	-0.7995751693299479	0
256	D	N	M	NA	NA	0.231	25.2	0.1114	1.5237872359227649	0
256	D	P	M	NA	NA	NA	NA	0.5367	-1.4940267998606422	0
256	D	Q	M	NA	NA	NA	NA	0.2756	0.5505287071410498	0
256	D	R	M	NA	NA	NA	NA	0.5518	-0.5733866070771944	0
256	D	S	M	NA	NA	NA	NA	0.136	-1.6732890412024037	0
256	D	T	M	NA	NA	NA	NA	0.2014	-1.327324447545827	0
256	D	V	M	NA	NA	0.36	25.9	0.2308	-0.20923167377434074	0
256	D	W	M	NA	NA	NA	NA	0.8872	0.6701496931623391	0
256	D	Y	M	NA	NA	0.451	27.9	0.363	1.5681358717974816	0
257	Q	A	M	NA	NA	NA	NA	0.1383	-0.7445837226778096	0
257	Q	C	M	NA	NA	NA	NA	0.5378	-0.029822848710019	0
257	Q	D	M	NA	NA	NA	NA	0.4776	-0.579120480154052	0
257	Q	E	M	NA	NA	0.298	23	0.1515	-0.665010034188378	0
257	Q	F	M	NA	NA	NA	NA	0.6672	-1.9147303417079418	0
257	Q	G	M	NA	NA	NA	NA	0.2145	-0.297810971207817	0
257	Q	H	M	Uncertain significance	not provided	0.374	18.19	0.2311	-0.1141665694183909	0
257	Q	I	M	NA	NA	NA	NA	0.3006	-0.7549891228898373	0
257	Q	K	M	Uncertain significance	not provided	0.395	25.1	0.2694	1.6044843993263322	0
257	Q	L	M	NA	NA	0.425	25.3	0.1536	-0.6738866460003432	0
257	Q	M	M	NA	NA	NA	NA	0.2836	-1.6544738742340337	0
257	Q	N	M	NA	NA	NA	NA	0.1831	-0.09310156967194827	0
257	Q	P	M	NA	NA	0.554	25.7	0.2273	1.4051602563334418	0
257	Q	R	M	NA	NA	0.51	25.4	0.2861	0.3217184663884677	0
257	Q	S	M	NA	NA	NA	NA	0.1327	-0.7268220059204689	0
257	Q	T	M	NA	NA	NA	NA	0.1146	-0.3578876162032032	0
257	Q	V	M	NA	NA	NA	NA	0.1836	-1.1354594403003415	0
257	Q	W	M	NA	NA	NA	NA	0.7971	-0.7158244643268754	0
257	Q	Y	M	NA	NA	NA	NA	0.5594	-2.1233313820652597	0
258	S	A	M	NA	NA	0.12	22.5	0.0592	-1.552820378537659	0
258	S	C	M	NA	NA	NA	NA	0.0834	-1.6064612833350709	0
258	S	D	M	NA	NA	NA	NA	0.2969	1.2420467538207083	0
258	S	E	M	NA	NA	NA	NA	0.3427	-1.1915919890959104	0
258	S	F	M	NA	NA	NA	NA	0.1792	0.04507158115603073	0
258	S	G	M	NA	NA	NA	NA	0.0757	-0.3341357450647997	0
258	S	H	M	NA	NA	NA	NA	0.2398	-0.3936065998685724	0
258	S	I	M	NA	NA	NA	NA	0.1365	-0.9012897972232928	0
258	S	K	M	NA	NA	NA	NA	0.4071	-0.19557208325914255	0
258	S	L	M	NA	NA	0.255	26.2	0.0799	0.4658578866908063	0
258	S	M	M	NA	NA	NA	NA	0.1051	-0.6888287877529893	0
258	S	N	M	NA	NA	NA	NA	0.0923	-0.9938318695324552	0
258	S	P	M	Uncertain significance	Hereditary cancer-predisposing syndrome	0.252	23.6	0.1088	1.1924375751260454	0
258	S	Q	M	NA	NA	NA	NA	0.2834	-1.702927225477937	0
258	S	R	M	NA	NA	NA	NA	0.4481	-0.8519950773709568	0
258	S	T	M	NA	NA	0.15	20.3	0.0535	-0.461711572244841	0
258	S	V	M	NA	NA	NA	NA	0.1147	0.10413482554573228	0
258	S	W	M	NA	NA	NA	NA	0.3638	-1.7209754507566934	0
258	S	Y	M	NA	NA	NA	NA	0.1926	-0.47884495813628286	0
259	D	A	M	NA	NA	0.881	32	0.9912	-0.3717541937133034	0
259	D	C	M	NA	NA	NA	NA	0.996	1.070757796309802	0
259	D	E	M	NA	NA	0.546	23.3	0.9356	0.07816150172205838	0
259	D	F	M	NA	NA	NA	NA	0.9988	0.4497119922932443	0
259	D	G	M	NA	NA	0.926	32	0.9782	0.8317987586552424	0
259	D	H	M	NA	NA	0.92	33	0.9957	-0.5741312453446428	0
259	D	I	M	NA	NA	NA	NA	0.9987	-0.04513112142003539	0
259	D	K	M	NA	NA	NA	NA	0.998	-0.643539399512872	0
259	D	L	M	NA	NA	NA	NA	0.9963	-0.3489078025835777	0
259	D	M	M	NA	NA	NA	NA	0.9993	-0.13914128612324872	0
259	D	N	M	NA	NA	0.746	32	0.925	0.8327862457880022	0
259	D	P	M	NA	NA	NA	NA	0.9968	0.4969872398339277	0
259	D	Q	M	NA	NA	NA	NA	0.9967	-1.173980329984861	0
259	D	R	M	NA	NA	NA	NA	0.9968	-0.8540716062892068	0
259	D	S	M	NA	NA	NA	NA	0.9707	0.6649807820255198	0
259	D	T	M	NA	NA	NA	NA	0.9929	-1.9558777268242267	0
259	D	V	M	NA	NA	0.938	32	0.9957	0.6853803481461983	0
259	D	W	M	NA	NA	NA	NA	0.9996	-2.523887406993869	0
259	D	Y	M	NA	NA	0.912	33	0.9935	1.932357203150075	0
260	Q	A	M	NA	NA	NA	NA	0.5584	0.34505940284335734	0
260	Q	C	M	NA	NA	NA	NA	0.9321	-0.18195216848853177	0
260	Q	D	M	NA	NA	NA	NA	0.9834	-0.8875926706590662	0
260	Q	E	M	NA	NA	0.543	27.1	0.5134	0.5218088664151502	0
260	Q	F	M	NA	NA	NA	NA	0.9842	-0.14870200838062766	0
260	Q	G	M	NA	NA	NA	NA	0.8081	-0.7214380885790554	0
260	Q	H	M	NA	NA	0.461	20.9	0.8868	0.16170955370400564	0
260	Q	I	M	NA	NA	NA	NA	0.847	-0.259005823667225	0
260	Q	K	M	NA	NA	0.583	28.2	0.775	1.5296718523691597	0
260	Q	L	M	NA	NA	0.596	25.8	0.5919	-0.1675258871944928	0
260	Q	M	M	NA	NA	NA	NA	0.6387	-1.561466332716566	0
260	Q	N	M	NA	NA	NA	NA	0.7852	-1.0405724855883385	0
260	Q	P	M	NA	NA	0.816	29.8	0.9863	0.11638626751477138	0
260	Q	R	M	NA	NA	0.584	25.1	0.8008	0.5451053011077017	0
260	Q	S	M	NA	NA	NA	NA	0.5738	-1.465143993443757	0
260	Q	T	M	NA	NA	NA	NA	0.4052	0.40831534993937685	0
260	Q	V	M	NA	NA	NA	NA	0.6879	-0.4479284299310552	0
260	Q	W	M	NA	NA	NA	NA	0.9938	-1.7806952263891591	0
260	Q	Y	M	NA	NA	NA	NA	0.9807	-0.7559902320097094	0
261	R	A	M	NA	NA	NA	NA	0.9994	0.2474696474627977	0
261	R	C	M	Uncertain significance	Hereditary cancer-predisposing syndrome|Rhabdoid tumor predisposition syndrome 1|not provided	0.914	34	0.9942	-0.5883352973319363	0
261	R	D	M	NA	NA	NA	NA	0.9996	-0.027843988151762117	0
261	R	E	M	NA	NA	NA	NA	0.9969	-0.8048879284528716	0
261	R	F	M	NA	NA	NA	NA	0.9999	-1.2597593049073939	0
261	R	G	M	NA	NA	0.872	32	0.9989	-0.18911542248850977	0
261	R	H	M	Uncertain significance	not provided|Hereditary cancer-predisposing syndrome	0.816	33	0.9863	-0.08321682448193299	0
261	R	I	M	NA	NA	NA	NA	0.999	-0.9190370074904257	0
261	R	K	M	NA	NA	NA	NA	0.9741	-0.796065571038703	0
261	R	L	M	NA	NA	0.89	33	0.9963	0.35810174142929774	0
261	R	M	M	NA	NA	NA	NA	0.9997	-0.2964924910202681	0
261	R	N	M	NA	NA	NA	NA	0.9994	-0.08640046726449874	0
261	R	P	M	NA	NA	0.915	33	0.9994	-0.8175231604432995	0
261	R	Q	M	NA	NA	NA	NA	0.9925	0.02222801259144594	0
261	R	S	M	Uncertain significance	Hereditary cancer-predisposing syndrome	0.854	28.9	0.9998	0.6969029928256678	0
261	R	T	M	NA	NA	NA	NA	0.9996	-0.5354246047478131	0
261	R	V	M	NA	NA	NA	NA	0.9985	-2.1606172863179136	0
261	R	W	M	NA	NA	NA	NA	0.9974	-0.5156326391865039	0
261	R	Y	M	NA	NA	NA	NA	0.9991	-1.7837654968290162	0
262	V	A	M	NA	NA	0.794	24.7	0.9159	-0.20452042322694944	0
262	V	C	M	NA	NA	NA	NA	0.9539	-0.0036000890610797323	0
262	V	D	M	NA	NA	0.96	31	0.9994	-0.940231420927315	0
262	V	E	M	NA	NA	NA	NA	0.9982	-0.7878142576304543	0
262	V	F	M	NA	NA	0.901	31	0.9829	-0.15501138042839616	0
262	V	G	M	NA	NA	0.953	29.7	0.9542	-0.43918934115042785	0
262	V	H	M	NA	NA	NA	NA	0.9993	-1.0908936310481194	0
262	V	I	M	Uncertain significance	not provided|Hereditary cancer-predisposing syndrome	0.365	26.2	0.2444	0.15911309241725408	0
262	V	K	M	NA	NA	NA	NA	0.9991	-2.7087837753764026	0
262	V	L	M	NA	NA	0.791	28.8	0.9687	0.6123441348180352	0
262	V	M	M	NA	NA	NA	NA	0.9662	-1.5806697585650094	0
262	V	N	M	NA	NA	NA	NA	0.9958	-0.9913274966222879	0
262	V	P	M	NA	NA	NA	NA	0.9992	-1.199687989161458	0
262	V	Q	M	NA	NA	NA	NA	0.9972	1.1084289185459075	0
262	V	R	M	NA	NA	NA	NA	0.9974	-0.5577428700118611	0
262	V	S	M	NA	NA	NA	NA	0.9692	-0.2903668127454554	0
262	V	T	M	NA	NA	NA	NA	0.9299	-0.8352298754392513	0
262	V	W	M	NA	NA	NA	NA	0.9998	-0.8263492306313773	0
262	V	Y	M	NA	NA	NA	NA	0.9983	-0.9823122756326061	0
263	I	A	M	NA	NA	NA	NA	0.8402	-1.6274195717024489	0
263	I	C	M	NA	NA	NA	NA	0.9262	-0.5838124948125466	0
263	I	D	M	NA	NA	NA	NA	0.9958	-1.6604266358286464	0
263	I	E	M	NA	NA	NA	NA	0.98740000000000006	-1.7036487736627026	0
263	I	F	M	NA	NA	0.801	27.1	0.7984	0.01980438967729753	0
263	I	G	M	NA	NA	NA	NA	0.973	0.15287641300133692	0
263	I	H	M	NA	NA	NA	NA	0.9788	-0.05996942446987415	0
263	I	K	M	NA	NA	NA	NA	0.9784	-1.9220586804984907	0
263	I	L	M	NA	NA	0.384	22.4	0.2223	0.49738398082938307	0
263	I	M	M	NA	NA	0.569	21	0.2851	-0.12310056763238789	0
263	I	N	M	NA	NA	0.806	28.6	0.8638	-0.04109791570806166	0
263	I	P	M	NA	NA	NA	NA	0.9712	-0.41778661628178665	0
263	I	Q	M	NA	NA	NA	NA	0.9538	-0.8214121204077756	0
263	I	R	M	NA	NA	NA	NA	0.9719	0.6119450316168729	0
263	I	S	M	NA	NA	0.883	28.7	0.8718	-0.7747461848032564	0
263	I	T	M	Uncertain significance	Hereditary cancer-predisposing syndrome	0.711	23	0.5769	0.0882277624049867	0
263	I	V	M	Uncertain significance	not provided|Hereditary cancer-predisposing syndrome	0.326	21.2	0.0835	-0.5699386542876637	0
263	I	W	M	NA	NA	NA	NA	0.9935	-0.827598336818525	0
263	I	Y	M	NA	NA	NA	NA	0.9803	-1.7596363010455347	0
264	I	A	M	NA	NA	NA	NA	0.9804	-3.401488173621246	0
264	I	C	M	NA	NA	NA	NA	0.9406	-3.0583858094661815	0
264	I	D	M	NA	NA	NA	NA	0.9999	-1.3777255918874969	0
264	I	E	M	NA	NA	NA	NA	0.9995	-1.3951086305548768	0
264	I	F	M	Uncertain significance	not provided	0.884	27.2	0.9515	-1.2889368436508757	0
264	I	G	M	NA	NA	NA	NA	0.9983	-0.4962869225141825	0
264	I	H	M	NA	NA	NA	NA	0.9994	0.0036404172380435362	0
264	I	K	M	NA	NA	NA	NA	0.9994	-1.4366754468670218	0
264	I	L	M	Uncertain significance	not provided	0.491	22.2	0.2036	-0.7884954448477602	0
264	I	M	M	NA	NA	0.761	21.2	0.5122	-2.4388469581608936	0
264	I	N	M	NA	NA	0.961	29.6	0.9971	-1.4480102536989894	0
264	I	P	M	NA	NA	NA	NA	0.9992	-1.16234206064539	0
264	I	Q	M	NA	NA	NA	NA	0.9984	-1.3852676305223148	0
264	I	R	M	NA	NA	NA	NA	0.999	0.7080243948917588	0
264	I	S	M	NA	NA	0.95	29.9	0.994	-2.276905796158557	0
264	I	T	M	NA	NA	0.923	27.4	0.9774	1.3536646222321178	0
264	I	V	M	Uncertain significance	not provided|Hereditary cancer-predisposing syndrome	0.406	21.6	0.1016	0.0716161549639043	0
264	I	W	M	NA	NA	NA	NA	0.9996	-1.2555748663989126	0
264	I	Y	M	NA	NA	NA	NA	0.9984	-2.1259928480359913	0
265	K	A	M	NA	NA	NA	NA	0.9959	-1.242220721868345	0
265	K	C	M	NA	NA	NA	NA	0.9918	-1.341038703221172	0
265	K	D	M	NA	NA	NA	NA	0.9987	-1.0596842598370917	0
265	K	E	M	NA	NA	0.812	29.5	0.9974	0.6510585059787668	0
265	K	F	M	NA	NA	NA	NA	0.9981	-1.2128635531822556	0
265	K	G	M	NA	NA	NA	NA	0.9949	-1.6847202315789866	0
265	K	H	M	NA	NA	NA	NA	0.918	-1.7408730471442133	0
265	K	I	M	NA	NA	NA	NA	0.9967	-2.4326513821815134	0
265	K	L	M	NA	NA	NA	NA	0.9882	-0.3791210089814395	0
265	K	M	M	NA	NA	0.909	34	0.9922	-2.443219530035075	0
265	K	N	M	NA	NA	0.536	35	0.9958	0.2636967326062523	0
265	K	P	M	NA	NA	NA	NA	0.9974	-0.8461687086811148	0
265	K	Q	M	NA	NA	0.659	26.1	0.9375	-1.8718969734701685	0
265	K	R	M	NA	NA	0.577	25.6	0.2212	-0.8739210198563092	0
265	K	S	M	NA	NA	NA	NA	0.9954	-0.9425476199037252	0
265	K	T	M	NA	NA	0.821	32	0.9894	-0.7146888272015043	0
265	K	V	M	NA	NA	NA	NA	0.9935	-3.4227911340540333	0
265	K	W	M	NA	NA	NA	NA	0.9971	-1.7966178414892089	0
265	K	Y	M	NA	NA	NA	NA	0.9926	-1.5403526017670592	0
266	L	A	M	NA	NA	NA	NA	0.9953	-0.9158289332921066	0
266	L	C	M	NA	NA	NA	NA	0.9838	-0.8300087119101123	0
266	L	D	M	NA	NA	NA	NA	0.9999	1.2378615718931574	0
266	L	E	M	NA	NA	NA	NA	0.9996	-0.12334364780374651	0
266	L	F	M	NA	NA	NA	NA	0.9837	-0.7494799627453802	0
266	L	G	M	NA	NA	NA	NA	0.9991	1.0657649347567744	0
266	L	H	M	NA	NA	NA	NA	0.9993	-3.0766203365541376	0
266	L	I	M	NA	NA	NA	NA	0.6159	-2.9663097842394794	0
266	L	K	M	NA	NA	NA	NA	0.9996	-0.8489843402363507	0
266	L	M	M	NA	NA	0.761	25.6	0.7553	0.8332690312327319	0
266	L	N	M	NA	NA	NA	NA	0.999	-2.089899561700586	0
266	L	P	M	NA	NA	0.98	33	0.9998	-0.8223895804414443	0
266	L	Q	M	NA	NA	0.959	37	0.9991	-1.7255391155852606	0
266	L	R	M	NA	NA	0.981	33	0.9993	0.8826031870766653	0
266	L	S	M	NA	NA	NA	NA	0.9996	-0.11712565939911881	0
266	L	T	M	NA	NA	NA	NA	0.9957	-1.8757049246140385	0
266	L	V	M	NA	NA	0.709	23.8	0.7794	-4.326209309932076	0
266	L	W	M	NA	NA	NA	NA	0.9987	-2.94570446026221	0
266	L	Y	M	NA	NA	NA	NA	0.9981	-3.808617493004815	0
267	N	A	M	NA	NA	NA	NA	0.9827	-1.5236266504013396	0
267	N	C	M	NA	NA	NA	NA	0.9796	-2.122945842777825	0
267	N	D	M	NA	NA	0.578	27.4	0.9843	0.017131992100772764	0
267	N	E	M	NA	NA	NA	NA	0.9987	-0.991033052358399	0
267	N	F	M	NA	NA	NA	NA	0.997	-3.892138378152767	0
267	N	G	M	NA	NA	NA	NA	0.9794	-1.8481592743051671	0
267	N	H	M	NA	NA	0.792	27.1	0.9656	-2.865084855658912	0
267	N	I	M	NA	NA	0.852	29.2	0.9919	-1.7590045161931467	0
267	N	K	M	NA	NA	0.629	22.5	0.999	-0.6143734624374976	0
267	N	L	M	NA	NA	NA	NA	0.978	-2.174409327362272	0
267	N	M	M	NA	NA	NA	NA	0.9916	-3.5592433841494704	0
267	N	P	M	NA	NA	NA	NA	0.9943	-1.041044048918494	0
267	N	Q	M	NA	NA	NA	NA	0.9954	-1.0524560136142254	0
267	N	R	M	NA	NA	NA	NA	0.9975	-3.1327404659790217	0
267	N	S	M	NA	NA	0.678	26.5	0.7785	-0.12738001465126053	0
267	N	T	M	NA	NA	0.752	28.1	0.9669	-2.1745682486595164	0
267	N	V	M	NA	NA	NA	NA	0.9871	-4.645697926163991	0
267	N	W	M	NA	NA	NA	NA	0.999	-1.7857998209614165	0
267	N	Y	M	NA	NA	0.885	29.1	0.9875	-2.1131253325617965	0
268	I	A	M	NA	NA	NA	NA	0.9794	-0.7727131186261555	0
268	I	C	M	NA	NA	NA	NA	0.9729	-1.2376332998105748	0
268	I	D	M	NA	NA	NA	NA	0.9998	-1.2827817321483352	0
268	I	E	M	NA	NA	NA	NA	0.9993	-2.605066229879487	0
268	I	F	M	NA	NA	0.947	29	0.9794	-0.7609396131219827	0
268	I	G	M	NA	NA	NA	NA	0.9978	-2.0054869224668748	0
268	I	H	M	NA	NA	NA	NA	0.9991	-0.45973172057261946	0
268	I	K	M	NA	NA	NA	NA	0.9993	-0.76274454160033	0
268	I	L	M	NA	NA	0.585	23.4	0.5524	-0.8189143087884525	0
268	I	M	M	NA	NA	0.779	25.4	0.7599	-1.9085697532408288	0
268	I	N	M	NA	NA	0.942	32	0.9927	-1.1992156379332188	0
268	I	P	M	NA	NA	NA	NA	0.9995	-0.8321160312589321	0
268	I	Q	M	NA	NA	NA	NA	0.9986	-0.5568230431298952	0
268	I	R	M	NA	NA	NA	NA	0.9988	-1.3418847930267386	0
268	I	S	M	NA	NA	0.947	32	0.9842	-1.4942422599676524	0
268	I	T	M	NA	NA	0.942	29.3	0.904	-0.4166467623041282	0
268	I	V	M	NA	NA	0.373	22.5	0.1622	-0.4597045120027586	0
268	I	W	M	NA	NA	NA	NA	0.9997	-2.2616266344661495	0
268	I	Y	M	NA	NA	NA	NA	0.9982	-1.5494201650654515	0
269	H	A	M	NA	NA	NA	NA	0.9937	-0.8262389808067345	0
269	H	C	M	NA	NA	NA	NA	0.9524	-2.085522981845011	0
269	H	D	M	NA	NA	0.695	28.9	0.9991	0.2907323460466087	0
269	H	E	M	NA	NA	NA	NA	0.9995	-1.9010676545233482	0
269	H	F	M	NA	NA	NA	NA	0.9817	-1.897237636658011	0
269	H	G	M	NA	NA	NA	NA	0.9977	-0.06238253051845294	0
269	H	I	M	NA	NA	NA	NA	0.9959	-3.327661384599233	0
269	H	K	M	NA	NA	NA	NA	0.9996	-1.1194853768827184	0
269	H	L	M	NA	NA	0.739	28.7	0.9691	1.3175444342257714	0
269	H	M	M	NA	NA	NA	NA	0.9924	-1.354028551268623	0
269	H	N	M	NA	NA	0.451	24.7	0.8853	0.4968771512228795	0
269	H	P	M	NA	NA	0.833	29.6	0.995	0.20237761251838982	0
269	H	Q	M	NA	NA	0.459	10.835	0.9941	-0.021074950891292826	0
269	H	R	M	NA	NA	0.709	27.6	0.9984	0.48309370689426395	0
269	H	S	M	NA	NA	NA	NA	0.9732	-1.2530241085380986	0
269	H	T	M	NA	NA	NA	NA	0.992	-0.8091910685741945	0
269	H	V	M	NA	NA	NA	NA	0.9952	-1.8148787551471521	0
269	H	W	M	NA	NA	NA	NA	0.9832	-2.4880773183359133	0
269	H	Y	M	Likely pathogenic	SMARCB1-related disorder	0.75	27.1	0.9779	0.2635332821809955	0
270	V	A	M	NA	NA	0.917	29.1	0.9823	-0.7493177373971498	0
270	V	C	M	NA	NA	NA	NA	0.987	-1.1450252673709915	0
270	V	D	M	NA	NA	NA	NA	0.9995	-2.1726063088717527	0
270	V	E	M	NA	NA	0.951	32	0.9988	-1.0031882527914497	0
270	V	F	M	NA	NA	NA	NA	0.9816	-1.9461147241356633	0
270	V	G	M	NA	NA	0.921	32	0.9896	-0.6837166328268902	0
270	V	H	M	NA	NA	NA	NA	0.9991	-1.4364289182908343	0
270	V	I	M	NA	NA	NA	NA	0.2969	-1.5901213625700932	0
270	V	K	M	NA	NA	NA	NA	0.999	-1.068204168687363	0
270	V	L	M	NA	NA	0.469	29.65	0.9721	-0.9113856060759458	0
270	V	M	M	NA	NA	0.794	31	0.9773	-0.730540241287645	0
270	V	N	M	NA	NA	NA	NA	0.9974	-1.263231200173267	0
270	V	P	M	NA	NA	NA	NA	0.9997	-0.4497670491005044	0
270	V	Q	M	NA	NA	NA	NA	0.9978	1.6413720982681264	0
270	V	R	M	NA	NA	NA	NA	0.9964	-3.2963123150185796	0
270	V	S	M	NA	NA	NA	NA	0.9848	-0.9572098778188524	0
270	V	T	M	NA	NA	NA	NA	0.9494	-2.0328398331611894	0
270	V	W	M	NA	NA	NA	NA	0.9996	-2.921144430886698	0
270	V	Y	M	NA	NA	NA	NA	0.9982	-0.1133153373005748	0
271	G	A	M	NA	NA	0.724	32	0.9819	-0.4276483069318032	0
271	G	C	M	NA	NA	NA	NA	0.9976	-0.4513313918423951	0
271	G	D	M	NA	NA	NA	NA	0.9989	-0.654771429945528	0
271	G	E	M	Likely pathogenic	SMARCB1-related BAFopathy|Intellectual disability, autosomal dominant 15	0.75	32	0.9996	-1.0186789859288745	0
271	G	F	M	NA	NA	NA	NA	0.9997	0.25353613941678854	0
271	G	H	M	NA	NA	NA	NA	0.9998	-0.5501829306714789	0
271	G	I	M	NA	NA	NA	NA	0.9999	-1.0670867321737463	0
271	G	K	M	NA	NA	NA	NA	0.9999	-0.049296194481741815	0
271	G	L	M	NA	NA	NA	NA	0.9991	-2.7494482536339264	0
271	G	M	M	NA	NA	NA	NA	0.9997	-1.7165201847370453	0
271	G	N	M	NA	NA	NA	NA	0.9983	-0.8937579306054344	0
271	G	P	M	NA	NA	NA	NA	0.9999	-1.7047999848071254	0
271	G	Q	M	NA	NA	NA	NA	0.9994	-1.0977525723951025	0
271	G	R	M	NA	NA	0.7925	33	0.9994	-1.0375420533332502	0
271	G	S	M	NA	NA	NA	NA	0.9815	-0.34187657096723556	0
271	G	T	M	NA	NA	NA	NA	0.9989	-0.4701363152380631	0
271	G	V	M	NA	NA	0.859	33	0.9996	0.1192703592417176	0
271	G	W	M	NA	NA	NA	NA	0.9996	-0.7100074856543273	0
271	G	Y	M	NA	NA	NA	NA	0.9997	-1.0569517050805697	0
272	N	A	M	NA	NA	NA	NA	0.9675	-1.4604748589346344	0
272	N	C	M	NA	NA	NA	NA	0.9505	-0.894239521942113	0
272	N	D	M	NA	NA	0.626	29.1	0.9795	0.15047582218572508	0
272	N	E	M	NA	NA	NA	NA	0.9975	1.0791295892137893	0
272	N	F	M	NA	NA	NA	NA	0.996	-0.5827244971309965	0
272	N	G	M	NA	NA	NA	NA	0.9346	-1.5082381200901478	0
272	N	H	M	NA	NA	0.634	28.2	0.933	-0.8201753409992779	0
272	N	I	M	NA	NA	0.864	31	0.9905	-0.49163736082622905	0
272	N	K	M	NA	NA	0.579	27.3	0.9967	0.019614167934017046	0
272	N	L	M	NA	NA	NA	NA	0.9696	-1.1605936136932842	0
272	N	M	M	NA	NA	NA	NA	0.9814	-0.03826983916484252	0
272	N	P	M	NA	NA	NA	NA	0.9848	-1.4345675500436323	0
272	N	Q	M	NA	NA	NA	NA	0.9889	0.3604638544518254	0
272	N	R	M	NA	NA	NA	NA	0.9924	-0.7345850515485409	0
272	N	S	M	Uncertain significance	Hereditary cancer-predisposing syndrome	0.511	27.2	0.6349	0.2320529413250125	0
272	N	T	M	NA	NA	0.6	28.9	0.9392	-0.7111237273780331	0
272	N	V	M	NA	NA	NA	NA	0.9858	-0.3895514233770253	0
272	N	W	M	NA	NA	NA	NA	0.9985	-3.151598597750526	0
272	N	Y	M	NA	NA	0.846	31	0.9694	-0.2888527219889572	0
273	I	A	M	NA	NA	NA	NA	0.9609	-2.4575077117942192	0
273	I	C	M	NA	NA	NA	NA	0.9705	-0.21985327238246283	0
273	I	D	M	NA	NA	NA	NA	0.9975	2.412157763622495	0
273	I	E	M	NA	NA	NA	NA	0.9913	0.795978032964457	0
273	I	F	M	NA	NA	0.516	28.1	0.798	1.1319127858744396	0
273	I	G	M	NA	NA	NA	NA	0.9946	-1.1791252022166965	0
273	I	H	M	NA	NA	NA	NA	0.9802	-0.7153330875855136	0
273	I	K	M	NA	NA	NA	NA	0.9876	-0.5800312610214299	0
273	I	L	M	NA	NA	0.326	23.2	0.439	1.9048201019092428	0
273	I	M	M	NA	NA	0.456	21.5	0.4782	-1.875329514690162	0
273	I	N	M	NA	NA	0.624	28.7	0.9319	0.19847589316907685	0
273	I	P	M	NA	NA	NA	NA	0.9993	-0.4789591507936466	0
273	I	Q	M	NA	NA	NA	NA	0.9727	0.09315234634666394	0
273	I	R	M	NA	NA	NA	NA	0.9785	-1.0409982360050318	0
273	I	S	M	NA	NA	0.589	25.9	0.9407	2.1395558498413543	0
273	I	T	M	NA	NA	0.383	23	0.7354	-0.6956797603132222	0
273	I	V	M	NA	NA	0.301	22.1	0.1716	0.3309854396042926	0
273	I	W	M	NA	NA	NA	NA	0.9913	1.187097052273327	0
273	I	Y	M	NA	NA	NA	NA	0.9688	-1.1679330783280988	0
274	S	A	M	Uncertain significance	not provided	0.383	27.9	0.7389	-1.0237633201487346	0
274	S	C	M	NA	NA	0.783	29.5	0.8899	0.626896843229327	0
274	S	D	M	NA	NA	NA	NA	0.9991	-0.004595734487232661	0
274	S	E	M	NA	NA	NA	NA	0.9979	-0.9761537134362901	0
274	S	F	M	NA	NA	0.652	32	0.997	-0.5017119299517828	0
274	S	G	M	NA	NA	NA	NA	0.9264	-0.11832560063891578	0
274	S	H	M	NA	NA	NA	NA	0.9932	-0.005550228076731667	0
274	S	I	M	NA	NA	NA	NA	0.991	0.5276387202090974	0
274	S	K	M	NA	NA	NA	NA	0.9998	-0.8250255974794178	0
274	S	L	M	NA	NA	NA	NA	0.9752	-0.7350659810649308	0
274	S	M	M	NA	NA	NA	NA	0.9826	0.21055419257343005	0
274	S	N	M	NA	NA	NA	NA	0.9851	-1.0301740533926251	0
274	S	P	M	NA	NA	0.725	31	0.9998	1.0636547941640926	0
274	S	Q	M	NA	NA	NA	NA	0.9943	-0.8635832946646573	0
274	S	R	M	NA	NA	NA	NA	0.9996	-1.4447236401618195	0
274	S	T	M	NA	NA	0.336	27.3	0.8976	0.5111201669553397	0
274	S	V	M	NA	NA	NA	NA	0.9887	-0.1685139614905682	0
274	S	W	M	NA	NA	NA	NA	0.9972	-0.5208238851731793	0
274	S	Y	M	NA	NA	0.677	29.6	0.9952	1.1804024886915758	0
275	L	A	M	NA	NA	NA	NA	0.9955	-0.7216577992361866	0
275	L	C	M	NA	NA	NA	NA	0.9949	-1.417995470697236	0
275	L	D	M	NA	NA	NA	NA	1	-0.3090757692782974	0
275	L	E	M	NA	NA	NA	NA	0.9999	2.4114258462369356	0
275	L	F	M	NA	NA	NA	NA	0.9434	-0.33891912546915304	0
275	L	G	M	NA	NA	NA	NA	0.9995	1.197118357924898	0
275	L	H	M	NA	NA	NA	NA	0.9996	0.41529801365849073	0
275	L	I	M	NA	NA	NA	NA	0.7862	0.08786312360047166	0
275	L	K	M	NA	NA	NA	NA	0.9998	-0.2982323488728665	0
275	L	M	M	NA	NA	0.805	24.4	0.8423	2.16987630022867	0
275	L	N	M	NA	NA	NA	NA	0.9999	0.6877659304144935	0
275	L	P	M	NA	NA	0.958	32	1	1.1722152163599153	0
275	L	Q	M	NA	NA	0.968	34	0.9997	-0.37323000010911533	0
275	L	R	M	NA	NA	0.928	32	0.9994	0.8116931098153002	0
275	L	S	M	NA	NA	NA	NA	0.9998	0.345702797590858	0
275	L	T	M	NA	NA	NA	NA	0.9989	0.409148701177197	0
275	L	V	M	Uncertain significance	Hereditary cancer-predisposing syndrome	0.747	24.1	0.8062	1.0254014532399052	0
275	L	W	M	NA	NA	NA	NA	0.9978	0.34149831697821464	0
275	L	Y	M	NA	NA	NA	NA	0.991	-0.9625278607282644	0
276	V	A	M	Uncertain significance	not provided	0.56	28.1	0.7592	0.32892489271006653	0
276	V	C	M	NA	NA	NA	NA	0.913	-0.6366471448478673	0
276	V	D	M	NA	NA	NA	NA	0.9875	-0.7382938139653639	0
276	V	E	M	NA	NA	0.729	31	0.9552	-0.24744564341167655	0
276	V	F	M	NA	NA	NA	NA	0.7588	-0.08510166674496558	0
276	V	G	M	NA	NA	0.821	32	0.8355	1.4074155115245564	0
276	V	H	M	NA	NA	NA	NA	0.9669	0.36304553959322655	0
276	V	I	M	NA	NA	NA	NA	0.1719	-0.9070647250041894	0
276	V	K	M	NA	NA	NA	NA	0.9852	-0.17329097972329133	0
276	V	L	M	NA	NA	0.4165	26.3	0.7527	-0.5661616544712249	0
276	V	M	M	Uncertain significance	not provided	0.428	26.6	0.4655	0.39853367642009396	0
276	V	N	M	NA	NA	NA	NA	0.6367	-0.2418458457094207	0
276	V	P	M	NA	NA	NA	NA	0.9987	1.5707332613643694	0
276	V	Q	M	NA	NA	NA	NA	0.8374	-2.1971490107313194	0
276	V	R	M	NA	NA	NA	NA	0.9723	-0.6163656189230263	0
276	V	S	M	NA	NA	NA	NA	0.6374	-1.8320585686883595	0
276	V	T	M	NA	NA	NA	NA	0.4984	0.8001758408845498	0
276	V	W	M	NA	NA	NA	NA	0.9941	-1.595145626433566	0
276	V	Y	M	NA	NA	NA	NA	0.9707	-0.45989422647367284	0
277	D	A	M	NA	NA	0.91	33	0.9991	0.9666160275468045	0
277	D	C	M	NA	NA	NA	NA	0.9998	0.04089432903357321	0
277	D	E	M	Uncertain significance	not provided	0.8795	25.55	0.9982	-0.5032019480234022	0
277	D	F	M	NA	NA	NA	NA	0.9999	0.3680250525774293	0
277	D	G	M	NA	NA	0.919	32	0.9983	0.7296051755053438	0
277	D	H	M	NA	NA	0.943	33	0.9995	-0.6865186019012051	0
277	D	I	M	NA	NA	NA	NA	0.9999	1.5970989059584295	0
277	D	K	M	NA	NA	NA	NA	0.9998	3.578203803126666	0
277	D	L	M	NA	NA	NA	NA	0.9993	1.2358708327225787	0
277	D	M	M	NA	NA	NA	NA	1	0.28894017401773153	0
277	D	N	M	Uncertain significance	not provided	0.834	33	0.9979	0.7745092298681535	0
277	D	P	M	NA	NA	NA	NA	0.9999	2.66000408563714	0
277	D	Q	M	NA	NA	NA	NA	0.9998	0.3297209103198088	0
277	D	R	M	NA	NA	NA	NA	0.9996	3.1190515037523068	0
277	D	S	M	NA	NA	NA	NA	0.9978	-0.37927227882517023	0
277	D	T	M	NA	NA	NA	NA	0.9997	-0.0669499776410363	0
277	D	V	M	NA	NA	0.901	33	0.9996	1.1098191904452572	0
277	D	W	M	NA	NA	NA	NA	0.9999	-0.023921043414154075	0
277	D	Y	M	NA	NA	0.941	33	0.9991	1.1880403081526092	0
278	Q	A	M	NA	NA	NA	NA	0.7738	-0.2886528943599183	0
278	Q	C	M	NA	NA	NA	NA	0.9647	-1.452628754581181	0
278	Q	D	M	NA	NA	NA	NA	0.9992	-0.20008156482890588	0
278	Q	E	M	NA	NA	0.823	28.4	0.8621	-0.6033632181169276	0
278	Q	F	M	NA	NA	NA	NA	0.9976	-2.0186419489622067	0
278	Q	G	M	NA	NA	NA	NA	0.928	-1.1572867660192343	0
278	Q	H	M	NA	NA	0.88	26.85	0.975	-0.6422192548662329	0
278	Q	I	M	NA	NA	NA	NA	0.9647	-0.9831646722229817	0
278	Q	K	M	NA	NA	0.686	29.4	0.9096	1.3192583905591806	0
278	Q	L	M	NA	NA	0.897	25.6	0.9507	-1.8119604250939905	0
278	Q	M	M	NA	NA	NA	NA	0.8811	-2.4625026839576174	0
278	Q	N	M	NA	NA	NA	NA	0.9199	-2.9901933911151435	0
278	Q	P	M	NA	NA	0.949	29.4	0.9995	2.8777152215980495	0
278	Q	R	M	NA	NA	0.803	28.1	0.8984	-0.1957394381585734	0
278	Q	S	M	NA	NA	NA	NA	0.7366	-0.8427407736611073	0
278	Q	T	M	NA	NA	NA	NA	0.6877	0.2952956884737491	0
278	Q	V	M	NA	NA	NA	NA	0.9137	-2.306209182310365	0
278	Q	W	M	NA	NA	NA	NA	0.9991	-2.5022301122715858	0
278	Q	Y	M	NA	NA	NA	NA	0.9972	-0.5033686026402383	0
279	F	A	M	NA	NA	NA	NA	0.994	0.3855237943442348	0
279	F	C	M	Uncertain significance	not provided	0.956	33	0.9395	-1.2470011282324114	0
279	F	D	M	NA	NA	NA	NA	0.9999	-1.187328628243872	0
279	F	E	M	NA	NA	NA	NA	0.9999	-1.7338593252306778	0
279	F	G	M	NA	NA	NA	NA	0.999	0.01858290078217606	0
279	F	H	M	NA	NA	NA	NA	0.9993	0.4034396144819366	0
279	F	I	M	NA	NA	0.7	24.2	0.6184	-0.737063235867369	0
279	F	K	M	NA	NA	NA	NA	0.9999	0.7069085513491489	0
279	F	L	M	NA	NA	0.753	22.666666666666668	0.9852	-0.6135757855829069	0
279	F	M	M	NA	NA	NA	NA	0.9238	-1.5220998237400447	0
279	F	N	M	NA	NA	NA	NA	0.9997	1.0353972952246389	0
279	F	P	M	NA	NA	NA	NA	1	-0.332632707957349	0
279	F	Q	M	NA	NA	NA	NA	0.9997	0.5357460359291577	0
279	F	R	M	NA	NA	NA	NA	0.9997	4.398600090634062	0
279	F	S	M	NA	NA	0.955	33	0.9989	-0.2101393940268121	0
279	F	T	M	NA	NA	NA	NA	0.9953	-0.6944247099731437	0
279	F	V	M	NA	NA	0.712	24.2	0.6042	0.2507048095131224	0
279	F	W	M	NA	NA	NA	NA	0.9847	-1.4891603636375583	0
279	F	Y	M	NA	NA	0.849	29.5	0.955	0.8527128861497993	0
280	E	A	M	NA	NA	0.956	31	0.9911	-0.513257633909428	0
280	E	C	M	NA	NA	NA	NA	0.9969	0.28411584224782827	0
280	E	D	M	NA	NA	0.862	24.4	0.9931	-1.5499572623730709	0
280	E	F	M	NA	NA	NA	NA	0.9998	-2.6912455432901643	0
280	E	G	M	NA	NA	0.96	33	0.9942	0.9514041264188752	0
280	E	H	M	NA	NA	NA	NA	0.9988	-3.0941937288920554	0
280	E	I	M	NA	NA	NA	NA	0.9978	-2.5851615814572786	0
280	E	K	M	NA	NA	0.926	33	0.9987	-0.19492233100596656	0
280	E	L	M	NA	NA	NA	NA	0.9973	-1.1541044441608435	0
280	E	M	M	NA	NA	NA	NA	0.9986	-3.2071401560101487	0
280	E	N	M	NA	NA	NA	NA	0.9989	5.2642737946032625	0
280	E	P	M	NA	NA	NA	NA	0.9996	-0.5900209654401443	0
280	E	Q	M	NA	NA	0.807	32	0.9812	-1.152997199722428	0
280	E	R	M	NA	NA	NA	NA	0.9978	1.5067049056441162	0
280	E	S	M	NA	NA	NA	NA	0.9926	-4.397415930459317	0
280	E	T	M	NA	NA	NA	NA	0.9965	-2.590673315322004	0
280	E	V	M	NA	NA	0.952	32	0.9957	-0.10018212829934015	0
280	E	W	M	NA	NA	NA	NA	0.9998	-5.3367569140054165	0
280	E	Y	M	NA	NA	NA	NA	0.9995	-5.780516482542729	0
281	W	A	M	NA	NA	NA	NA	0.9998	0.36307818866141706	0
281	W	C	M	NA	NA	0.9285	34	0.9999	1.7095639908776155	0
281	W	D	M	NA	NA	NA	NA	1	3.4714880281390252	0
281	W	E	M	NA	NA	NA	NA	1	1.8411072385344482	0
281	W	F	M	NA	NA	NA	NA	0.9547	-0.3518683989129272	0
281	W	G	M	NA	NA	0.966	34	0.9987	3.1052107253784094	0
281	W	H	M	NA	NA	NA	NA	0.9998	-2.1773051706132867	0
281	W	I	M	NA	NA	NA	NA	0.9993	0.15105379877108738	0
281	W	K	M	NA	NA	NA	NA	1	1.8100643537462293	0
281	W	L	M	NA	NA	0.923	33	0.9982	1.0451811745055508	0
281	W	M	M	NA	NA	NA	NA	0.9995	0.7438103377220256	0
281	W	N	M	NA	NA	NA	NA	1	0.2957924461533699	0
281	W	P	M	NA	NA	NA	NA	1	7.530433173202142	0
281	W	Q	M	NA	NA	NA	NA	1	0.039786501318408773	0
281	W	R	M	NA	NA	0.9285	33	1	2.2216169870965006	0
281	W	S	M	NA	NA	0.913	34	0.9998	2.530519465854894	0
281	W	T	M	NA	NA	NA	NA	0.9998	0.7464732158731646	0
281	W	V	M	NA	NA	NA	NA	0.9993	-1.5361983501581287	0
281	W	Y	M	NA	NA	NA	NA	0.9854	-2.2515500863950706	0
282	D	A	M	NA	NA	0.944	32	0.997	-0.8704345619322993	0
282	D	C	M	NA	NA	NA	NA	0.9979	-0.5765708294257534	0
282	D	E	M	NA	NA	0.7745	23.5	0.9785	0.8155591564327077	0
282	D	F	M	NA	NA	NA	NA	0.9998	0.34590557352539664	0
282	D	G	M	Uncertain significance	not provided	0.96	32	0.9978	1.3358275987626587	0
282	D	H	M	NA	NA	0.891	33	0.9987	-0.1167067294777262	0
282	D	I	M	NA	NA	NA	NA	0.9996	0.3538653141249943	0
282	D	K	M	NA	NA	NA	NA	0.9996	-2.558696082543374	0
282	D	L	M	NA	NA	NA	NA	0.999	-0.6851105352964162	0
282	D	M	M	NA	NA	NA	NA	0.9998	0.024617736901673626	0
282	D	N	M	NA	NA	0.623	33	0.976	1.3396120703984515	0
282	D	P	M	NA	NA	NA	NA	0.9997	-0.28576518875130374	0
282	D	Q	M	NA	NA	NA	NA	0.9994	-0.04113324505702748	0
282	D	R	M	NA	NA	NA	NA	0.9993	4.965349969372829	0
282	D	S	M	NA	NA	NA	NA	0.9937	-0.5748501457290079	0
282	D	T	M	NA	NA	NA	NA	0.9992	-0.33571084255744377	0
282	D	V	M	NA	NA	0.937	32	0.9978	-0.012248064517674823	0
282	D	W	M	NA	NA	NA	NA	1	-0.9613742869037849	0
282	D	Y	M	NA	NA	0.887	33	0.9981	-0.9017575692680572	0
283	M	A	M	NA	NA	NA	NA	0.9386	-0.6027944695252854	0
283	M	C	M	NA	NA	NA	NA	0.9319	-1.465188893063137	0
283	M	D	M	NA	NA	NA	NA	0.9991	-0.21480642736384564	0
283	M	E	M	NA	NA	NA	NA	0.9954	-0.8330716750654441	0
283	M	F	M	NA	NA	NA	NA	0.8183	-1.0581498379591965	0
283	M	G	M	NA	NA	NA	NA	0.9869	-1.6080067452493751	0
283	M	H	M	NA	NA	NA	NA	0.9935	0.42448641418838606	0
283	M	I	M	Uncertain significance	Hereditary cancer-predisposing syndrome	0.372	23.766666666666666	0.8635	0.5875590052743828	0
283	M	K	M	NA	NA	0.93	29.5	0.9818	-0.37551777321232893	0
283	M	L	M	Uncertain significance	not provided	0.298	22.7	0.212	-0.08542755833633064	0
283	M	N	M	NA	NA	NA	NA	0.9872	-0.717363926409432	0
283	M	P	M	NA	NA	NA	NA	0.9965	-1.568295022199355	0
283	M	Q	M	NA	NA	NA	NA	0.9705	-1.1181319042549915	0
283	M	R	M	NA	NA	0.942	31	0.9839	-0.41745194693964216	0
283	M	S	M	NA	NA	NA	NA	0.968	-0.5690712807568888	0
283	M	T	M	NA	NA	0.784	25.1	0.8913	0.2714879899695296	0
283	M	V	M	NA	NA	0.566	24.5	0.3723	0.4401552589735753	0
283	M	W	M	NA	NA	NA	NA	0.9927	-0.7853783165650204	0
283	M	Y	M	NA	NA	NA	NA	0.984	-0.29308968896458554	0
284	S	A	M	Uncertain significance	not provided	0.377	23.2	0.0861	-0.7420611596931036	0
284	S	C	M	NA	NA	NA	NA	0.2983	-0.1739199338788414	0
284	S	D	M	NA	NA	NA	NA	0.9802	-2.25027598023592	0
284	S	E	M	NA	NA	NA	NA	0.9798	0.3893405566271054	0
284	S	F	M	NA	NA	NA	NA	0.9566	-0.19850200231835824	0
284	S	G	M	NA	NA	NA	NA	0.1594	-0.7051641855921148	0
284	S	H	M	NA	NA	NA	NA	0.9637	-1.018802302589538	0
284	S	I	M	NA	NA	NA	NA	0.9456	-1.9416203354680543	0
284	S	K	M	NA	NA	NA	NA	0.9959	-0.7639154257168523	0
284	S	L	M	NA	NA	0.604	32	0.6048	-0.05638218238434345	0
284	S	M	M	NA	NA	NA	NA	0.7423	-1.194276570894442	0
284	S	N	M	NA	NA	NA	NA	0.7889	-1.8898417341151024	0
284	S	P	M	NA	NA	0.811	31	0.9961	-0.3942823307942497	0
284	S	Q	M	NA	NA	NA	NA	0.9577	-0.47973687619283645	0
284	S	R	M	NA	NA	NA	NA	0.9908	-0.7285080750278139	0
284	S	T	M	NA	NA	0.433	24.4	0.3752	-0.2662402011924191	0
284	S	V	M	NA	NA	NA	NA	0.8595	-0.8769057726822312	0
284	S	W	M	NA	NA	NA	NA	0.9856	0.4721550280617915	0
284	S	Y	M	NA	NA	NA	NA	0.9546	-1.6557068790930616	0
285	E	A	M	NA	NA	0.738	28.8	0.662	-1.5160968655408	0
285	E	C	M	NA	NA	NA	NA	0.9074	-1.4526992583306382	0
285	E	D	M	NA	NA	0.2685	23.200000000000003	0.4814	-0.34714778610628017	0
285	E	F	M	NA	NA	NA	NA	0.9929	-1.618555844233699	0
285	E	G	M	NA	NA	0.721	31	0.802	-0.7829000533172656	0
285	E	H	M	NA	NA	NA	NA	0.9462	-0.8215083261948192	0
285	E	I	M	NA	NA	NA	NA	0.9544	-1.0801843156239763	0
285	E	K	M	Uncertain significance	Hereditary cancer-predisposing syndrome	0.655	32	0.9322	0.4645695828387335	0
285	E	L	M	NA	NA	NA	NA	0.9578	-1.206378843138529	0
285	E	M	M	NA	NA	NA	NA	0.9434	1.1101671336256906	0
285	E	N	M	NA	NA	NA	NA	0.6549	-1.5123435120008535	0
285	E	P	M	NA	NA	NA	NA	0.9975	-0.7720296706150171	0
285	E	Q	M	NA	NA	0.421	29	0.5272	-0.6585912469546849	0
285	E	R	M	NA	NA	NA	NA	0.9387	-0.5190802955219311	0
285	E	S	M	NA	NA	NA	NA	0.6424	-1.2693482887297496	0
285	E	T	M	NA	NA	NA	NA	0.8899	-1.2743739901652933	0
285	E	V	M	NA	NA	0.871	30	0.8389	-0.6602528285206016	0
285	E	W	M	NA	NA	NA	NA	0.9968	-1.1390618615072305	0
285	E	Y	M	NA	NA	NA	NA	0.986	-1.0679018415490615	0
286	K	A	M	NA	NA	NA	NA	0.2038	1.480429067148578	0
286	K	C	M	NA	NA	NA	NA	0.4336	-1.776882427353554	0
286	K	D	M	NA	NA	NA	NA	0.4352	-0.4293654899134691	0
286	K	E	M	NA	NA	0.208	23.3	0.1492	0.3975407883957215	0
286	K	F	M	NA	NA	NA	NA	0.7206	-1.8977007531803594	0
286	K	G	M	NA	NA	NA	NA	0.2662	-0.9446626429696257	0
286	K	H	M	NA	NA	NA	NA	0.2338	-0.5815910076551988	0
286	K	I	M	NA	NA	NA	NA	0.2913	-0.45121971960715246	0
286	K	L	M	NA	NA	NA	NA	0.2604	-0.7739811437645616	0
286	K	M	M	NA	NA	0.472	26.4	0.2311	1.7610164862414148	0
286	K	N	M	NA	NA	0.316	23.25	0.3453	0.8984508277855023	0
286	K	P	M	NA	NA	NA	NA	0.2351	-0.23615791060579466	0
286	K	Q	M	NA	NA	0.344	23.6	0.1018	-0.5277301672548578	0
286	K	R	M	Uncertain significance	not provided	0.254	22	0.0663	-0.4556414025849753	0
286	K	S	M	NA	NA	NA	NA	0.2709	-0.031143952099338512	0
286	K	T	M	NA	NA	0.296	22.2	0.134	-0.8089080845936949	0
286	K	V	M	NA	NA	NA	NA	0.2346	-0.43211057829345834	0
286	K	W	M	NA	NA	NA	NA	0.623	-0.3921245869201382	0
286	K	Y	M	NA	NA	NA	NA	0.5878	0.2952293463079408	0
287	E	A	M	NA	NA	0.434	24	0.1209	0.24212591481443563	0
287	E	C	M	NA	NA	NA	NA	0.5833	-0.08103540145166793	0
287	E	D	M	NA	NA	0.223	22.5	0.0677	0.29756259942751695	0
287	E	F	M	NA	NA	NA	NA	0.5993	-1.5808739065867263	0
287	E	G	M	NA	NA	0.459	24.8	0.116	-0.23724372988612547	0
287	E	H	M	NA	NA	NA	NA	0.3537	-1.3672267291711682	0
287	E	I	M	NA	NA	NA	NA	0.3204	-0.7714664653422698	0
287	E	K	M	NA	NA	0.345	25.1	0.2607	0.13515664971256636	0
287	E	L	M	NA	NA	NA	NA	0.2384	-2.084624389714721	0
287	E	M	M	NA	NA	NA	NA	0.3333	-0.9828191650501343	0
287	E	N	M	NA	NA	NA	NA	0.1159	-0.7283802652225532	0
287	E	P	M	NA	NA	NA	NA	0.8535	0.747335712687234	0
287	E	Q	M	NA	NA	0.298	24.1	0.1412	-0.08412193781996866	0
287	E	R	M	NA	NA	NA	NA	0.3818	0.3150764462258169	0
287	E	S	M	NA	NA	NA	NA	0.1322	-1.3088515646647405	0
287	E	T	M	NA	NA	NA	NA	0.1582	-1.5613531613301848	0
287	E	V	M	NA	NA	0.484	26.7	0.2063	-0.10387151758135055	0
287	E	W	M	NA	NA	NA	NA	0.7996	0.4134952136094544	0
287	E	Y	M	NA	NA	NA	NA	0.4119	-1.0920010548621135	0
288	N	A	M	NA	NA	NA	NA	0.9613	-0.3620756422314137	0
288	N	C	M	NA	NA	NA	NA	0.9073	0.0726809150763606	0
288	N	D	M	Uncertain significance	Hereditary cancer-predisposing syndrome	0.699	28.1	0.9795	0.33148004340653153	0
288	N	E	M	NA	NA	NA	NA	0.9952	-0.3038658892324599	0
288	N	F	M	NA	NA	NA	NA	0.9968	-0.5983738491247004	0
288	N	G	M	NA	NA	NA	NA	0.9599	0.06812801813897139	0
288	N	H	M	NA	NA	0.773	28.3	0.9789	-1.131256179585127	0
288	N	I	M	NA	NA	0.752	29.6	0.9109	0.3854745287481881	0
288	N	K	M	NA	NA	0.657	24.5	0.9984	0.2819479319409857	0
288	N	L	M	NA	NA	NA	NA	0.9452	0.5067468156852861	0
288	N	M	M	NA	NA	NA	NA	0.9666	-0.3084658885418022	0
288	N	P	M	NA	NA	NA	NA	0.9959	-0.6096125723336911	0
288	N	Q	M	NA	NA	NA	NA	0.9949	-3.7093172191183763	0
288	N	R	M	NA	NA	NA	NA	0.9972	0.12037288912726674	0
288	N	S	M	NA	NA	0.598	26.7	0.8287	1.2288467170154966	0
288	N	T	M	NA	NA	0.705	28.2	0.8957	-0.2655946976337332	0
288	N	V	M	NA	NA	NA	NA	0.8873	-1.6418567691139385	0
288	N	W	M	NA	NA	NA	NA	0.9991	0.20745998009026817	0
288	N	Y	M	NA	NA	0.868	29.8	0.975	-0.5452806398581154	0
289	S	A	M	NA	NA	0.553	26.3	0.2013	0.5013340966424049	0
289	S	C	M	NA	NA	NA	NA	0.1213	-0.5481860699594767	0
289	S	D	M	NA	NA	NA	NA	0.5064	-1.4551182455052687	0
289	S	E	M	NA	NA	NA	NA	0.8634	-1.4500985289649635	0
289	S	F	M	NA	NA	NA	NA	0.7136	-0.2087168429299026	0
289	S	G	M	NA	NA	NA	NA	0.4206	-0.45712730000312635	0
289	S	H	M	NA	NA	NA	NA	0.6182	-0.06934114197624179	0
289	S	I	M	NA	NA	NA	NA	0.4345	-0.6255833532903787	0
289	S	K	M	NA	NA	NA	NA	0.9678	-1.514911978522096	0
289	S	L	M	Uncertain significance	not provided	0.694	28.7	0.2557	-0.10692901807339944	0
289	S	M	M	NA	NA	NA	NA	0.4088	-0.8143499767390914	0
289	S	N	M	NA	NA	NA	NA	0.2001	-1.2802784822372453	0
289	S	P	M	NA	NA	0.876	29	0.9721	1.3612236258333401	0
289	S	Q	M	NA	NA	NA	NA	0.8336	-1.1947289775872023	0
289	S	R	M	NA	NA	NA	NA	0.9601	-3.053541383203868	0
289	S	T	M	NA	NA	0.379	22.6	0.1122	0.18456153643592788	0
289	S	V	M	NA	NA	NA	NA	0.3607	0.6990438142244342	0
289	S	W	M	NA	NA	NA	NA	0.8667	0.1341440266467163	0
289	S	Y	M	NA	NA	NA	NA	0.6418	0.31226361346582776	0
290	P	A	M	Uncertain significance	not provided|Hereditary cancer-predisposing syndrome	0.74	24.9	0.4051	-0.5642365574449358	0
290	P	C	M	NA	NA	NA	NA	0.9854	-0.917118255097093	0
290	P	D	M	NA	NA	NA	NA	0.9997	-0.021339336174109918	0
290	P	E	M	NA	NA	NA	NA	0.9991	-0.2694017644720742	0
290	P	F	M	NA	NA	NA	NA	0.9997	-0.23861438756819534	0
290	P	G	M	NA	NA	NA	NA	0.9791	-1.0897218462891947	0
290	P	H	M	NA	NA	NA	NA	0.9988	0.8852973742239437	0
290	P	I	M	NA	NA	NA	NA	0.9954	-0.5456676363044861	0
290	P	K	M	NA	NA	NA	NA	0.9998	0.4843121419328028	0
290	P	L	M	NA	NA	0.867	27.3	0.9896	0.7056539579644753	0
290	P	M	M	NA	NA	NA	NA	0.9979	0.3074855635593838	0
290	P	N	M	NA	NA	NA	NA	0.9997	-0.2707901206103991	0
290	P	Q	M	NA	NA	0.863	26.4	0.9984	0.7432594107314804	0
290	P	R	M	NA	NA	0.88	27	0.9989	0.57059942147687	0
290	P	S	M	Likely benign	Intellectual disability, autosomal dominant 15	0.827	25.6	0.9548	1.174628039387453	0
290	P	T	M	NA	NA	0.82	25.1	0.9757	0.22903501822181704	0
290	P	V	M	NA	NA	NA	NA	0.9675	0.4836582245091086	0
290	P	W	M	NA	NA	NA	NA	0.9998	-1.8621474171898416	0
290	P	Y	M	NA	NA	NA	NA	0.9998	-0.2712596157645296	0
291	E	A	M	NA	NA	0.955	28.8	0.9916	-0.27173632794896746	0
291	E	C	M	NA	NA	NA	NA	0.9988	-0.4528350853091116	0
291	E	D	M	NA	NA	0.901	24.05	0.9812	0.578848660695462	0
291	E	F	M	NA	NA	NA	NA	0.9998	-0.5277126003738168	0
291	E	G	M	NA	NA	0.931	29.5	0.9844	-0.2159226800780047	0
291	E	H	M	NA	NA	NA	NA	0.9991	-1.499321643062822	0
291	E	I	M	NA	NA	NA	NA	0.9984	-0.5365961385607647	0
291	E	K	M	NA	NA	0.929	32	0.9938	0.09544289663893943	0
291	E	L	M	NA	NA	NA	NA	0.9982	-0.3105328037120621	0
291	E	M	M	NA	NA	NA	NA	0.9989	-1.36205541398742	0
291	E	N	M	NA	NA	NA	NA	0.9978	-0.5086737364632012	0
291	E	P	M	NA	NA	NA	NA	0.9995	0.7640592523510006	0
291	E	Q	M	NA	NA	0.868	29.1	0.9781	-1.5639912407470304	0
291	E	R	M	NA	NA	NA	NA	0.9941	-0.2950548077327763	0
291	E	S	M	NA	NA	NA	NA	0.9944	-1.4758935331836769	0
291	E	T	M	NA	NA	NA	NA	0.9967	0.16911764701979787	0
291	E	V	M	NA	NA	0.96	29.7	0.9954	0.965402004050135	0
291	E	W	M	NA	NA	NA	NA	0.9999	1.0791061222947458	0
291	E	Y	M	NA	NA	NA	NA	0.9996	0.5713821274464383	0
292	K	A	M	NA	NA	NA	NA	0.0949	-1.2046732430962983	0
292	K	C	M	NA	NA	NA	NA	0.2799	1.0223744414014755	0
292	K	D	M	NA	NA	NA	NA	0.2002	0.6844074977751573	0
292	K	E	M	NA	NA	0.37	20.4	0.094	0.3122594357364264	0
292	K	F	M	NA	NA	NA	NA	0.3809	-2.1366766098077536	0
292	K	G	M	NA	NA	NA	NA	0.2149	-2.0088671644155207	0
292	K	H	M	NA	NA	NA	NA	0.1247	-1.6472428559801697	0
292	K	I	M	NA	NA	NA	NA	0.1156	-1.568457271158215	0
292	K	L	M	NA	NA	NA	NA	0.0998	-1.2626142846195543	0
292	K	M	M	NA	NA	0.382	24.6	0.0865	-1.6109214764490525	0
292	K	N	M	NA	NA	0.214	21.35	0.142	0.18578976066072944	0
292	K	P	M	NA	NA	NA	NA	0.8865	-0.1231659768301122	0
292	K	Q	M	NA	NA	0.336	20.7	0.0643	-1.070401628736397	0
292	K	R	M	NA	NA	0.264	23	0.0806	-1.3673484648382186	0
292	K	S	M	NA	NA	NA	NA	0.1253	-1.41388028173102	0
292	K	T	M	NA	NA	0.352	22.3	0.0563	-0.5327486250917493	0
292	K	V	M	NA	NA	NA	NA	0.096	-1.1005722940358917	0
292	K	W	M	NA	NA	NA	NA	0.5327	-0.5631955952179066	0
292	K	Y	M	NA	NA	NA	NA	0.3139	-0.8109155921841438	0
293	F	A	M	NA	NA	NA	NA	0.997	-1.0836665045374263	0
293	F	C	M	NA	NA	0.969	33	0.9922	-1.3603736491652045	0
293	F	D	M	NA	NA	NA	NA	0.9998	-0.9484264119767186	0
293	F	E	M	NA	NA	NA	NA	0.9998	-0.262918783979209	0
293	F	G	M	NA	NA	NA	NA	0.9986	-0.47695251886377876	0
293	F	H	M	NA	NA	NA	NA	0.997	-2.0662690756785187	0
293	F	I	M	NA	NA	0.95	32	0.9866	0.0632129706544233	0
293	F	K	M	NA	NA	NA	NA	0.9999	-0.9847794159866888	0
293	F	L	M	NA	NA	0.8883333333333333	26.033333333333335	0.9984	0.2685101652902207	0
293	F	M	M	NA	NA	NA	NA	0.99	-1.3594119984542494	0
293	F	N	M	NA	NA	NA	NA	0.9994	-0.13389818565891815	0
293	F	P	M	NA	NA	NA	NA	1	-0.5129716506209128	0
293	F	Q	M	NA	NA	NA	NA	0.9997	-0.33748689632438994	0
293	F	R	M	NA	NA	NA	NA	0.9996	1.8014902433756823	0
293	F	S	M	NA	NA	0.955	33	0.9991	2.197012732995691	0
293	F	T	M	NA	NA	NA	NA	0.9969	-2.5472731993646747	0
293	F	V	M	NA	NA	0.955	32	0.9456	0.48438470842571224	0
293	F	W	M	NA	NA	NA	NA	0.9635	-1.745415003290492	0
293	F	Y	M	NA	NA	0.906	31	0.8191	-0.6856073464848618	0
294	A	C	M	NA	NA	NA	NA	0.9688	-0.8179395295251461	0
294	A	D	M	NA	NA	0.933	33	0.9998	1.1688892053578492	0
294	A	E	M	NA	NA	NA	NA	0.9997	2.647808788675599	0
294	A	F	M	NA	NA	NA	NA	0.9994	3.2135567519669146	0
294	A	G	M	NA	NA	0.879	29.7	0.5841	0.9577693055058517	0
294	A	H	M	NA	NA	NA	NA	0.9995	2.060772074718128	0
294	A	I	M	NA	NA	NA	NA	0.9993	-1.513184614962565	0
294	A	K	M	NA	NA	NA	NA	1	-0.17360353933088424	0
294	A	L	M	NA	NA	NA	NA	0.9955	0.1053798295451075	0
294	A	M	M	NA	NA	NA	NA	0.9986	0.30400783293480155	0
294	A	N	M	NA	NA	NA	NA	0.9992	-0.1300750392426629	0
294	A	P	M	NA	NA	0.914	33	0.9994	-0.9866272690719918	0
294	A	Q	M	NA	NA	NA	NA	0.9984	0.053312301908552184	0
294	A	R	M	NA	NA	NA	NA	0.9996	3.59326540899389	0
294	A	S	M	NA	NA	0.71	26.1	0.2394	0.045420976213722736	0
294	A	T	M	Uncertain significance	Hereditary cancer-predisposing syndrome|not provided	0.8	32	0.9802	1.0736981447839218	0
294	A	V	M	Uncertain significance	Hereditary cancer-predisposing syndrome|not provided	0.92	31	0.994	0.9030005010515668	0
294	A	W	M	NA	NA	NA	NA	0.9999	0.9621845384170442	0
294	A	Y	M	NA	NA	NA	NA	0.9998	1.1409927173650016	0
295	L	A	M	NA	NA	NA	NA	0.2134	-0.7263087389964544	0
295	L	C	M	NA	NA	NA	NA	0.5036	-0.9057473658793243	0
295	L	D	M	NA	NA	NA	NA	0.8045	0.033777915248937626	0
295	L	E	M	NA	NA	NA	NA	0.3769	0.24595769352646285	0
295	L	F	M	NA	NA	NA	NA	0.2089	0.6021441811510242	0
295	L	G	M	NA	NA	NA	NA	0.4621	-0.6775250610908174	0
295	L	H	M	NA	NA	NA	NA	0.3004	-0.5651114619309474	0
295	L	I	M	NA	NA	NA	NA	0.1152	-0.3475114185604636	0
295	L	K	M	NA	NA	NA	NA	0.3262	-1.3483043875004632	0
295	L	M	M	NA	NA	0.283	20.9	0.0849	1.9746050580134678	0
295	L	N	M	NA	NA	NA	NA	0.3198	-1.2130222968068478	0
295	L	P	M	NA	NA	0.586	27.1	0.9814	0.09420406483785689	0
295	L	Q	M	NA	NA	0.357	23.2	0.1238	-0.46387596042752094	0
295	L	R	M	NA	NA	0.354	23.1	0.2793	-1.2503329109653818	0
295	L	S	M	NA	NA	NA	NA	0.2221	-1.9356389985012812	0
295	L	T	M	NA	NA	NA	NA	0.1757	-0.4436242375321535	0
295	L	V	M	Uncertain significance	not provided	0.278	20.4	0.0995	0.6873070964820017	0
295	L	W	M	NA	NA	NA	NA	0.4874	0.09070478488366829	0
295	L	Y	M	NA	NA	NA	NA	0.4745	-2.136369603832791	0
296	K	A	M	NA	NA	NA	NA	0.468	-0.7848741789323113	0
296	K	C	M	NA	NA	NA	NA	0.5234	-1.7367126316052561	0
296	K	D	M	NA	NA	NA	NA	0.8962	0.3730266888601569	0
296	K	E	M	NA	NA	0.511	28.8	0.584	1.819256730361007	0
296	K	F	M	NA	NA	NA	NA	0.8773	-1.718427518967203	0
296	K	G	M	NA	NA	NA	NA	0.6666	-0.6740641795503148	0
296	K	H	M	NA	NA	NA	NA	0.3016	-0.6885822973242482	0
296	K	I	M	NA	NA	NA	NA	0.5507	0.6553403129501005	0
296	K	L	M	NA	NA	NA	NA	0.397	-0.09350530246203481	0
296	K	M	M	NA	NA	0.624	31	0.2688	-0.6561131461320227	0
296	K	N	M	Conflicting classifications of pathogenicity	Hereditary cancer-predisposing syndrome|not specified|not provided	0.268	22.9	0.681	0.9538898541374208	0
296	K	P	M	NA	NA	NA	NA	0.9935	-0.08926541219529871	0
296	K	Q	M	NA	NA	0.363	23.8	0.1318	-0.2445154862622747	0
296	K	R	M	NA	NA	0.325	23.7	0.0919	-0.676421849208338	0
296	K	S	M	NA	NA	NA	NA	0.54	-0.9959709403596464	0
296	K	T	M	NA	NA	0.425	24	0.2322	1.4183876076212836	0
296	K	V	M	NA	NA	NA	NA	0.4233	-2.1681929737597	0
296	K	W	M	NA	NA	NA	NA	0.875	0.7751115243587445	0
296	K	Y	M	NA	NA	NA	NA	0.778	-0.14968325477800845	0
297	L	A	M	NA	NA	NA	NA	0.973	1.08649582335965	0
297	L	C	M	NA	NA	NA	NA	0.9733	5.231911568057057	0
297	L	D	M	NA	NA	NA	NA	0.9997	1.9642849589196167	0
297	L	E	M	NA	NA	NA	NA	0.9966	-1.1443138350083815	0
297	L	F	M	NA	NA	NA	NA	0.8066	-0.511377269143377	0
297	L	G	M	NA	NA	NA	NA	0.9966	-0.4860741112086732	0
297	L	H	M	NA	NA	NA	NA	0.9864	-0.8817887910726628	0
297	L	I	M	NA	NA	NA	NA	0.4029	-0.4601997608774706	0
297	L	K	M	NA	NA	NA	NA	0.9943	-0.6699758875975483	0
297	L	M	M	NA	NA	0.568	24.9	0.3306	1.2055928745353357	0
297	L	N	M	NA	NA	NA	NA	0.993	0.17428126753612783	0
297	L	P	M	NA	NA	0.918	33	0.9998	1.4629084382492832	0
297	L	Q	M	NA	NA	0.911	32	0.9824	1.1052005299647716	0
297	L	R	M	NA	NA	0.92	32	0.9921	2.2382065182772335	0
297	L	S	M	NA	NA	NA	NA	0.9916	-0.22028282495068036	0
297	L	T	M	NA	NA	NA	NA	0.9281	-0.9579457082427809	0
297	L	V	M	NA	NA	0.605	25.2	0.5362	1.2795736449657995	0
297	L	W	M	NA	NA	NA	NA	0.9815	-0.5907893019477704	0
297	L	Y	M	NA	NA	NA	NA	0.9509	-0.3261079631855238	0
298	C	A	M	NA	NA	NA	NA	0.7884	-0.09947546553230782	0
298	C	D	M	NA	NA	NA	NA	0.9998	1.2994189982377595	0
298	C	E	M	NA	NA	NA	NA	0.9999	-1.3073830138522644	0
298	C	F	M	NA	NA	0.9	33	0.9993	1.4827388022113768	0
298	C	G	M	NA	NA	0.902	31	0.8885	-0.06270368603539378	0
298	C	H	M	NA	NA	NA	NA	0.9997	-1.0262467500542476	0
298	C	I	M	NA	NA	NA	NA	0.9948	-0.008042108003696313	0
298	C	K	M	NA	NA	NA	NA	1	-1.0235796270837807	0
298	C	L	M	NA	NA	NA	NA	0.996	-2.0212021996712854	0
298	C	M	M	NA	NA	NA	NA	0.9976	-0.8541278364496815	0
298	C	N	M	NA	NA	NA	NA	0.9982	-0.8960271939314142	0
298	C	P	M	NA	NA	NA	NA	0.9997	0.9554030289753053	0
298	C	Q	M	NA	NA	NA	NA	0.9994	2.534056938324727	0
298	C	R	M	Uncertain significance	Hereditary cancer-predisposing syndrome	0.914	32	0.9992	0.4304264275274908	0
298	C	S	M	NA	NA	0.72	28.700000000000003	0.8131	1.2500430115458547	0
298	C	T	M	NA	NA	NA	NA	0.8885	0.13366143447131146	0
298	C	V	M	NA	NA	NA	NA	0.9381	-1.2454595201989354	0
298	C	W	M	Uncertain significance	not provided	0.84	27.6	0.9999	-0.10479708060770962	0
298	C	Y	M	NA	NA	0.894	33	0.9999	1.776235198832226	0
299	S	A	M	NA	NA	0.311	21	0.0629	-1.0056487213385803	0
299	S	C	M	NA	NA	NA	NA	0.114	-0.6865173323960106	0
299	S	D	M	NA	NA	NA	NA	0.8051	-1.9304852973365114	0
299	S	E	M	NA	NA	NA	NA	0.7681	1.1395544013614702	0
299	S	F	M	NA	NA	NA	NA	0.5561	-1.3185256390807736	0
299	S	G	M	NA	NA	NA	NA	0.123	0.9324921593262474	0
299	S	H	M	NA	NA	NA	NA	0.6646	1.066203295547757	0
299	S	I	M	NA	NA	NA	NA	0.5396	-1.0495888742232817	0
299	S	K	M	NA	NA	NA	NA	0.9014	0.20057817406169987	0
299	S	L	M	Conflicting classifications of pathogenicity	Hereditary cancer-predisposing syndrome|not provided	0.44	27.6	0.1962	0.3918949564915797	0
299	S	M	M	NA	NA	NA	NA	0.3049	0.8537181844096338	0
299	S	N	M	NA	NA	NA	NA	0.3594	-0.535238903980343	0
299	S	P	M	NA	NA	0.519	29.8	0.9923	0.1609147370120892	0
299	S	Q	M	NA	NA	NA	NA	0.6423	0.09147932392929692	0
299	S	R	M	NA	NA	NA	NA	0.8419	-0.7992401746085456	0
299	S	T	M	NA	NA	0.278	22.7	0.1233	-0.5441709096088354	0
299	S	V	M	NA	NA	NA	NA	0.4137	1.6569383164581062	0
299	S	W	M	NA	NA	0.606	28.4	0.8104	0.35051557917139364	0
299	S	Y	M	NA	NA	NA	NA	0.5768	0.18447033379347105	0
300	E	A	M	NA	NA	0.918	28.9	0.9904	2.0757279664247994	0
300	E	C	M	NA	NA	NA	NA	0.9985	-1.0356881899766948	0
300	E	D	M	NA	NA	0.3305	19.145	0.4203	1.0956005536814541	0
300	E	F	M	NA	NA	NA	NA	0.9998	2.364036867019371	0
300	E	G	M	NA	NA	0.833	27.1	0.99	1.5187802809810989	0
300	E	H	M	NA	NA	NA	NA	0.9968	-1.7096922308546918	0
300	E	I	M	NA	NA	NA	NA	0.9992	3.1860923309517366	0
300	E	K	M	NA	NA	0.758	33	0.9966	4.206539024804647	0
300	E	L	M	NA	NA	NA	NA	0.9992	0.9313804451133967	0
300	E	M	M	NA	NA	NA	NA	0.999	2.2884909967443816	0
300	E	N	M	NA	NA	NA	NA	0.9826	-0.16858166636863908	0
300	E	P	M	NA	NA	NA	NA	0.9999	3.254576181467779	0
300	E	Q	M	NA	NA	0.697	31	0.9774	-0.4318253542707916	0
300	E	R	M	NA	NA	NA	NA	0.9961	4.733178678084267	0
300	E	S	M	NA	NA	NA	NA	0.9771	0.36330459099675017	0
300	E	T	M	NA	NA	NA	NA	0.9951	-1.251146477183518	0
300	E	V	M	NA	NA	0.915	32	0.9971	1.8404877790958947	0
300	E	W	M	NA	NA	NA	NA	0.9999	4.072264481018223	0
300	E	Y	M	NA	NA	NA	NA	0.9992	2.3728836843891536	0
301	L	A	M	NA	NA	NA	NA	0.9662	0.330202445295891	0
301	L	C	M	NA	NA	NA	NA	0.9812	1.1423001607733227	0
301	L	D	M	NA	NA	NA	NA	0.9991	2.575304389340345	0
301	L	E	M	NA	NA	NA	NA	0.992	-3.9778693292117344	0
301	L	F	M	NA	NA	NA	NA	0.9801	-2.8193237656077974	0
301	L	H	M	NA	NA	NA	NA	0.9929	-0.17943032669777423	0
301	L	I	M	NA	NA	NA	NA	0.7847	-0.866150809321639	0
301	L	K	M	NA	NA	NA	NA	0.9942	1.7537975030299222	0
301	L	M	M	NA	NA	0.791	24.4	0.5783	1.3173906900341974	0
301	L	N	M	NA	NA	NA	NA	0.9701	-0.712470814626934	0
301	L	P	M	NA	NA	0.963	33	0.9998	4.1121018420761	0
301	L	Q	M	NA	NA	0.924	32	0.9826	0.029779326427402553	0
301	L	R	M	NA	NA	0.947	33	0.9912	0.9694560674496904	0
301	L	S	M	NA	NA	NA	NA	0.9925	0.8735873599968178	0
301	L	T	M	NA	NA	NA	NA	0.9697	-1.6380194463147357	0
301	L	V	M	NA	NA	0.892	24.5	0.8566	0.047422704924546505	0
301	L	W	M	NA	NA	NA	NA	0.9952	-0.6348349806001724	0
301	L	Y	M	NA	NA	NA	NA	0.9927	-0.758101511868652	0
302	G	A	M	NA	NA	0.615	31	0.8727	-0.3289059920223797	0
302	G	C	M	NA	NA	NA	NA	0.975	-1.0140432214077624	0
302	G	D	M	NA	NA	NA	NA	0.997	-0.22726272556959476	0
302	G	E	M	NA	NA	0.739	32	0.9979	0.5788651325015209	0
302	G	F	M	NA	NA	NA	NA	0.999	0.42233505701190566	0
302	G	H	M	NA	NA	NA	NA	0.9982	0.43858629175154384	0
302	G	I	M	NA	NA	NA	NA	0.9985	-0.6976435313442039	0
302	G	K	M	NA	NA	NA	NA	0.9994	-0.024845277577136518	0
302	G	L	M	NA	NA	NA	NA	0.9955	0.9149882183057306	0
302	G	M	M	NA	NA	NA	NA	0.9977	-0.35460306290402177	0
302	G	N	M	NA	NA	NA	NA	0.9953	-1.0901526254248988	0
302	G	P	M	NA	NA	NA	NA	0.9999	-0.13527747767663673	0
302	G	Q	M	NA	NA	NA	NA	0.995	-0.35854275852193584	0
302	G	R	M	NA	NA	0.818	33	0.998	1.0398137946896449	0
302	G	S	M	NA	NA	NA	NA	0.883	-0.8506854627301331	0
302	G	T	M	NA	NA	NA	NA	0.993	0.14669668426071247	0
302	G	V	M	NA	NA	0.795	32	0.9963	0.8885909131400942	0
302	G	W	M	NA	NA	0.836	34	0.9994	2.2728175107382778	0
302	G	Y	M	NA	NA	NA	NA	0.9988	-1.4617266271293987	0
303	L	A	M	NA	NA	NA	NA	0.992	-1.6892593408956245	0
303	L	C	M	NA	NA	NA	NA	0.9932	0.5996587510186717	0
303	L	D	M	NA	NA	NA	NA	0.9999	-0.05132757006947408	0
303	L	E	M	NA	NA	NA	NA	0.9997	-0.32337574394067947	0
303	L	F	M	NA	NA	0.7505	22	0.9914	0.9192585716519983	0
303	L	G	M	NA	NA	NA	NA	0.9984	-0.19977526975644033	0
303	L	H	M	NA	NA	NA	NA	0.9995	-0.43712073742401536	0
303	L	I	M	NA	NA	NA	NA	0.8182	-0.22591709581753744	0
303	L	K	M	NA	NA	NA	NA	0.9991	1.3810062001738088	0
303	L	M	M	NA	NA	0.737	23.4	0.9167	1.2965917757623582	0
303	L	N	M	NA	NA	NA	NA	0.9994	-0.43289747613268337	0
303	L	P	M	NA	NA	NA	NA	0.9998	-0.624885738019022	0
303	L	Q	M	NA	NA	NA	NA	0.9994	0.06798183368188548	0
303	L	R	M	NA	NA	NA	NA	0.9984	-0.10790927089656435	0
303	L	S	M	NA	NA	0.924	31	0.9996	0.2502495347192157	0
303	L	T	M	NA	NA	NA	NA	0.9964	0.6779781291927036	0
303	L	V	M	NA	NA	0.767	23.2	0.89	-0.06630233493699592	0
303	L	W	M	NA	NA	0.941	32	0.9991	1.12015525101503	0
303	L	Y	M	NA	NA	NA	NA	0.9988	-1.0708538721189056	0
304	G	A	M	NA	NA	0.599	30	0.9374	-0.5641694821367718	0
304	G	C	M	NA	NA	0.773	33	0.9935	0.009309800492279308	0
304	G	D	M	NA	NA	0.664	32	0.9985	1.0379053385586565	0
304	G	E	M	NA	NA	NA	NA	0.9993	0.22392474831192688	0
304	G	F	M	NA	NA	NA	NA	0.9995	-1.6708867365108984	0
304	G	H	M	NA	NA	NA	NA	0.9995	-0.5968697791025472	0
304	G	I	M	NA	NA	NA	NA	0.9993	-0.6465827736016279	0
304	G	K	M	NA	NA	NA	NA	0.9997	-0.5769383575072959	0
304	G	L	M	NA	NA	NA	NA	0.9983	-0.6782010727410364	0
304	G	M	M	NA	NA	NA	NA	0.9993	-0.6348603444424833	0
304	G	N	M	NA	NA	NA	NA	0.9981	0.6299736853601287	0
304	G	P	M	NA	NA	NA	NA	0.9967	0.18814324200323201	0
304	G	Q	M	NA	NA	NA	NA	0.999	-0.04431632288641768	0
304	G	R	M	NA	NA	0.723	33	0.999	0.2618850672930488	0
304	G	S	M	NA	NA	0.509	32	0.9315	0.622429591436547	0
304	G	T	M	NA	NA	NA	NA	0.9863	-1.1512501668766943	0
304	G	V	M	NA	NA	0.721	32	0.9972	-0.2411374245195999	0
304	G	W	M	NA	NA	NA	NA	0.9994	-1.7676601008621038	0
304	G	Y	M	NA	NA	NA	NA	0.9995	-0.1051837861031141	0
305	G	A	M	NA	NA	0.719	31	0.9523	0.2633335687291857	0
305	G	C	M	NA	NA	NA	NA	0.994	-1.034599498454167	0
305	G	D	M	NA	NA	NA	NA	0.9986	-0.5242021796821676	0
305	G	E	M	Uncertain significance	not provided	0.752	32	0.9984	0.7303773246303187	0
305	G	F	M	NA	NA	NA	NA	0.9991	0.4299739587769861	0
305	G	H	M	NA	NA	NA	NA	0.9993	-0.06805502329923514	0
305	G	I	M	NA	NA	NA	NA	0.9984	0.5665579116092008	0
305	G	K	M	NA	NA	NA	NA	0.9993	-0.9580040886115333	0
305	G	L	M	NA	NA	NA	NA	0.9968	-0.8831808881416495	0
305	G	M	M	NA	NA	NA	NA	0.9979	-1.031540790409952	0
305	G	N	M	NA	NA	NA	NA	0.9951	0.059028754779567455	0
305	G	P	M	NA	NA	NA	NA	0.9991	-1.4657733391097452	0
305	G	Q	M	NA	NA	NA	NA	0.9978	-0.25588978612315544	0
305	G	R	M	NA	NA	0.6815	33	0.9979	0.052086224830401595	0
305	G	S	M	NA	NA	NA	NA	0.9375	-0.6911741201814403	0
305	G	T	M	NA	NA	NA	NA	0.9897	-0.8836080672427374	0
305	G	V	M	NA	NA	0.777	32	0.9963	1.848597541541407	0
305	G	W	M	NA	NA	0.802	34	0.9987	2.196108755338602	0
305	G	Y	M	NA	NA	NA	NA	0.9989	-0.5657960443111689	0
306	E	A	M	NA	NA	0.955	31	0.993	-1.3057114395001659	0
306	E	C	M	NA	NA	NA	NA	0.9993	-1.3381649375790883	0
306	E	D	M	NA	NA	0.837	23.9	0.9883	0.05072190353175282	0
306	E	F	M	NA	NA	NA	NA	0.9998	-2.109003999925914	0
306	E	G	M	NA	NA	0.943	33	0.9936	-0.5784800959108045	0
306	E	H	M	NA	NA	NA	NA	0.9994	-1.7023172854762068	0
306	E	I	M	NA	NA	NA	NA	0.9991	-0.943697845024197	0
306	E	K	M	NA	NA	0.902	33	0.9983	0.8368969849852703	0
306	E	L	M	NA	NA	NA	NA	0.9996	-0.912759640676706	0
306	E	M	M	NA	NA	NA	NA	0.9995	-0.6413392816296186	0
306	E	N	M	NA	NA	NA	NA	0.9979	-0.8174365220871732	0
306	E	P	M	NA	NA	NA	NA	0.9986	-0.6447950694005253	0
306	E	Q	M	NA	NA	0.829	31	0.9922	0.08635457066595867	0
306	E	R	M	NA	NA	NA	NA	0.997	-0.7538724791254072	0
306	E	S	M	NA	NA	NA	NA	0.994	0.27655720195003264	0
306	E	T	M	NA	NA	NA	NA	0.9983	-0.83514454491901	0
306	E	V	M	NA	NA	0.956	32	0.9985	-0.30135781079511387	0
306	E	W	M	NA	NA	NA	NA	0.9999	-0.565857335230085	0
306	E	Y	M	NA	NA	NA	NA	0.9996	0.046164269173317465	0
307	F	A	M	NA	NA	NA	NA	0.999	-0.9672464557305842	0
307	F	C	M	NA	NA	0.942	33	0.9989	-0.4642495438385612	0
307	F	D	M	NA	NA	NA	NA	0.9997	0.5443365118886154	0
307	F	E	M	NA	NA	NA	NA	0.9998	-0.5648543500121895	0
307	F	G	M	NA	NA	NA	NA	0.999	0.21756102113069173	0
307	F	H	M	NA	NA	NA	NA	0.9979	-0.32402507901263805	0
307	F	I	M	NA	NA	0.95	32	0.999	-0.5159583128260447	0
307	F	K	M	NA	NA	NA	NA	0.9999	0.017748932376224047	0
307	F	L	M	NA	NA	0.873	26.333333333333332	0.9999	0.12693709499352374	0
307	F	M	M	NA	NA	NA	NA	0.9979	-0.586529414754191	0
307	F	N	M	NA	NA	NA	NA	0.9992	0.19427288531859666	0
307	F	P	M	NA	NA	NA	NA	1	-0.10903377750088744	0
307	F	Q	M	NA	NA	NA	NA	0.9997	0.06034398184380224	0
307	F	R	M	NA	NA	NA	NA	0.9996	-0.9102911333778898	0
307	F	S	M	NA	NA	0.888	33	0.9993	0.13009912901191054	0
307	F	T	M	NA	NA	NA	NA	0.9996	-1.648729069463381	0
307	F	V	M	NA	NA	0.892	32	0.9984	0.09713426578598847	0
307	F	W	M	NA	NA	NA	NA	0.9835	-1.3843286094170548	0
307	F	Y	M	NA	NA	0.7	29.6	0.8863	0.13005911813491322	0
308	V	A	M	NA	NA	0.548	27.7	0.5934	0.41932730630077214	0
308	V	C	M	NA	NA	NA	NA	0.8532	-0.5788459980013848	0
308	V	D	M	Uncertain significance	Hereditary cancer-predisposing syndrome	0.878	32	0.9949	0.8989153372994477	0
308	V	E	M	NA	NA	NA	NA	0.9434	0.0721592805147099	0
308	V	F	M	NA	NA	0.685	32	0.9334	0.3286251429899341	0
308	V	G	M	NA	NA	0.716	26.8	0.842	-0.4197738539436985	0
308	V	H	M	NA	NA	NA	NA	0.9916	0.14880232094351292	0
308	V	I	M	NA	NA	0.345	24	0.1859	-0.10590366648424558	0
308	V	K	M	NA	NA	NA	NA	0.9756	-1.2045863251271927	0
308	V	L	M	NA	NA	0.524	26.3	0.8555	-0.37859624715002865	0
308	V	M	M	NA	NA	NA	NA	0.7356	-0.18753201674053926	0
308	V	N	M	NA	NA	NA	NA	0.9663	-1.9292656522555194	0
308	V	P	M	NA	NA	NA	NA	0.9946	-0.508133387950006	0
308	V	Q	M	NA	NA	NA	NA	0.8885	-0.70058438685858615	0
308	V	R	M	NA	NA	NA	NA	0.9584	-1.8127749835806306	0
308	V	S	M	NA	NA	NA	NA	0.7331	-2.854322145259999	0
308	V	T	M	NA	NA	NA	NA	0.5519	-1.961883782800589	0
308	V	W	M	NA	NA	NA	NA	0.9987	-2.5754834000843276	0
308	V	Y	M	NA	NA	NA	NA	0.9903	-1.1151842645538907	0
309	T	A	M	NA	NA	0.723	23.6	0.6316	0.333479426194488	0
309	T	C	M	NA	NA	NA	NA	0.9121	0.42731653077164644	0
309	T	D	M	NA	NA	NA	NA	0.9944	-0.04555679649770075	0
309	T	E	M	NA	NA	NA	NA	0.9954	-1.3624976007055563	0
309	T	F	M	NA	NA	NA	NA	0.9951	-1.302223657095757	0
309	T	G	M	NA	NA	NA	NA	0.7098	-0.46398137289107827	0
309	T	H	M	NA	NA	NA	NA	0.9802	-1.6872112761332203	0
309	T	I	M	NA	NA	0.872	29.3	0.9943	0.290000208841965	0
309	T	K	M	NA	NA	NA	NA	0.9959	-0.42569496904338333	0
309	T	L	M	NA	NA	NA	NA	0.9141	-0.8495217920177065	0
309	T	M	M	NA	NA	NA	NA	0.8706	-0.48574456424583023	0
309	T	N	M	NA	NA	0.569	28.1	0.89	-0.2368396839310986	0
309	T	P	M	NA	NA	0.719	24.2	0.4738	-0.7512083007094511	0
309	T	Q	M	NA	NA	NA	NA	0.9784	-0.9136961029202944	0
309	T	R	M	NA	NA	NA	NA	0.9931	-0.9398503313393951	0
309	T	S	M	NA	NA	0.594	23.15	0.5075	-0.9329204240120242	0
309	T	V	M	NA	NA	NA	NA	0.9453	-1.633781112412849	0
309	T	W	M	NA	NA	NA	NA	0.999	-1.1375065904893356	0
309	T	Y	M	NA	NA	NA	NA	0.9958	-0.9478945754292507	0
310	T	A	M	NA	NA	0.35	20.3	0.0915	0.18403290030093142	0
310	T	C	M	NA	NA	NA	NA	0.4496	-1.2560391972155105	0
310	T	D	M	NA	NA	NA	NA	0.9763	-1.373676222834859	0
310	T	E	M	NA	NA	NA	NA	0.9611	-0.20692638751017461	0
310	T	F	M	NA	NA	NA	NA	0.8891	-0.6938443426861929	0
310	T	G	M	NA	NA	NA	NA	0.3314	-1.9482064698948258	0
310	T	H	M	NA	NA	NA	NA	0.8841	-1.1612474593788056	0
310	T	I	M	NA	NA	0.458	25.1	0.6818	0.13351917448269093	0
310	T	K	M	NA	NA	NA	NA	0.9675	-0.6224718718302824	0
310	T	L	M	NA	NA	NA	NA	0.3363	-0.9258430287568251	0
310	T	M	M	NA	NA	NA	NA	0.2189	0.8425449325116083	0
310	T	N	M	NA	NA	0.486	26.9	0.5015	-0.44497877572387134	0
310	T	P	M	NA	NA	0.703	29.1	0.7205	-1.3146045907131825	0
310	T	Q	M	NA	NA	NA	NA	0.8353	-0.1945330061695787	0
310	T	R	M	NA	NA	NA	NA	0.9533	-2.1977583966351393	0
310	T	S	M	NA	NA	0.34950000000000003	24.1	0.1956	-0.17788559959311592	0
310	T	V	M	NA	NA	NA	NA	0.4223	-1.7138793921930793	0
310	T	W	M	NA	NA	NA	NA	0.9883	-1.827400842711795	0
310	T	Y	M	NA	NA	NA	NA	0.9275	-1.318267196303205	0
311	I	A	M	NA	NA	NA	NA	0.9604	-1.4870754752631834	0
311	I	C	M	NA	NA	NA	NA	0.9939	-0.7660133302440912	0
311	I	D	M	NA	NA	NA	NA	1	-0.7149755692833206	0
311	I	E	M	NA	NA	NA	NA	0.9998	-1.7544178605941978	0
311	I	F	M	NA	NA	0.952	29.3	0.994	0.6177397068147226	0
311	I	G	M	NA	NA	NA	NA	0.9995	-0.44262953291405116	0
311	I	H	M	NA	NA	NA	NA	0.9999	-0.053046088735353325	0
311	I	K	M	NA	NA	NA	NA	0.9998	-0.7248677100656703	0
311	I	L	M	NA	NA	0.716	28.1	0.7753	-0.43891086991887973	0
311	I	M	M	Uncertain significance	not provided	0.667	15.94	0.8187	-1.2956649944154142	0
311	I	N	M	NA	NA	0.94	32	0.9993	-0.041183462368743574	0
311	I	P	M	NA	NA	NA	NA	0.9998	0.5193802457039305	0
311	I	Q	M	NA	NA	NA	NA	0.9998	-0.862367427252259	0
311	I	R	M	NA	NA	NA	NA	0.9997	2.9399276951219577	0
311	I	S	M	NA	NA	0.939	32	0.9952	-1.0695208731747443	0
311	I	T	M	NA	NA	0.943	28.9	0.9477	0.18555934853490846	0
311	I	V	M	NA	NA	0.491	23.8	0.0929	0.13915581752483372	0
311	I	W	M	NA	NA	NA	NA	1	-0.38945992418080755	0
311	I	Y	M	NA	NA	NA	NA	0.9998	0.3323777995039455	0
312	A	C	M	NA	NA	NA	NA	0.9003	-0.4065862777328014	0
312	A	D	M	NA	NA	NA	NA	0.9996	-1.6074106446794956	0
312	A	E	M	NA	NA	0.897	32	0.9989	0.40205644971284366	0
312	A	F	M	NA	NA	NA	NA	0.9984	0.41290376349322144	0
312	A	G	M	NA	NA	0.808	29.7	0.7468	-0.31348213842143047	0
312	A	H	M	NA	NA	NA	NA	0.9984	0.235862112203022	0
312	A	I	M	NA	NA	NA	NA	0.9946	-0.22372409229780718	0
312	A	K	M	NA	NA	NA	NA	0.9999	-0.11799767954524279	0
312	A	L	M	NA	NA	NA	NA	0.9839	0.276161512193707	0
312	A	M	M	NA	NA	NA	NA	0.9908	-0.6257613961343953	0
312	A	N	M	NA	NA	NA	NA	0.9939	0.04872771671142284	0
312	A	P	M	NA	NA	0.93	33	0.9997	0.2541822536711791	0
312	A	Q	M	NA	NA	NA	NA	0.995	-0.25095311345867466	0
312	A	R	M	NA	NA	NA	NA	0.9991	0.3230198968311898	0
312	A	S	M	NA	NA	0.687	26.5	0.1776	0.05131030716571169	0
312	A	T	M	Uncertain significance	Hereditary cancer-predisposing syndrome|not provided	0.788	33	0.87	-0.1567410762386395	0
312	A	V	M	Uncertain significance	not provided	0.815	31	0.9671	0.026144296414189194	0
312	A	W	M	NA	NA	NA	NA	0.9999	-0.5693521321927522	0
312	A	Y	M	NA	NA	NA	NA	0.9991	0.30524531160962637	0
313	Y	A	M	NA	NA	NA	NA	0.9955	-1.0721465353209716	0
313	Y	C	M	NA	NA	0.866	32	0.9022	0.11009945147733718	0
313	Y	D	M	NA	NA	0.87	32	0.999	-0.3720541651168473	0
313	Y	E	M	NA	NA	NA	NA	0.9998	-0.44264865412961707	0
313	Y	F	M	NA	NA	0.666	28.3	0.4944	-0.8275863375390757	0
313	Y	G	M	NA	NA	NA	NA	0.9903	-1.2544104232581554	0
313	Y	H	M	NA	NA	0.532	29.2	0.9797	0.515134604508001	0
313	Y	I	M	NA	NA	NA	NA	0.9961	-0.152818589237958	0
313	Y	K	M	NA	NA	NA	NA	0.9998	-0.48915739838363465	0
313	Y	L	M	NA	NA	NA	NA	0.9651	0.25723267488930246	0
313	Y	M	M	NA	NA	NA	NA	0.9954	-0.4518354557482227	0
313	Y	N	M	NA	NA	0.809	32	0.9846	-0.6909915914197722	0
313	Y	P	M	NA	NA	NA	NA	0.9994	-0.9575051611226952	0
313	Y	Q	M	NA	NA	NA	NA	0.9995	-0.17338204294517917	0
313	Y	R	M	NA	NA	NA	NA	0.9986	0.6690628269935748	0
313	Y	S	M	NA	NA	0.837	32	0.9683	-0.844087636992536	0
313	Y	T	M	NA	NA	NA	NA	0.9949	0.47308112514594913	0
313	Y	V	M	NA	NA	NA	NA	0.9792	-0.5866784953825607	0
313	Y	W	M	NA	NA	NA	NA	0.8967	-0.19171713977289206	0
314	S	A	M	NA	NA	NA	NA	0.512	-0.649421116253859	0
314	S	C	M	NA	NA	0.89	29.3	0.6333	1.1936178050591821	0
314	S	D	M	NA	NA	NA	NA	0.9966	0.08623143592271966	0
314	S	E	M	NA	NA	NA	NA	0.9953	-0.2789259160668246	0
314	S	F	M	NA	NA	NA	NA	0.9973	-0.22351715288719726	0
314	S	G	M	NA	NA	0.772	29.3	0.8083	0.47762840105897075	0
314	S	H	M	NA	NA	NA	NA	0.9873	-1.0049867877406329	0
314	S	I	M	NA	NA	0.819	33	0.9955	0.6446237437538993	0
314	S	K	M	NA	NA	NA	NA	0.9998	-0.7339055724590551	0
314	S	L	M	NA	NA	NA	NA	0.9727	0.8964958703310288	0
314	S	M	M	NA	NA	NA	NA	0.971	-0.5914123133066045	0
314	S	N	M	Uncertain significance	Hereditary cancer-predisposing syndrome	0.665	32	0.9622	0.17574584757044304	0
314	S	P	M	NA	NA	NA	NA	0.9998	-0.5102271077991309	0
314	S	Q	M	NA	NA	NA	NA	0.9831	-1.7705963439348458	0
314	S	R	M	NA	NA	0.8873333333333333	26.866666666666667	0.9995	0.31087384693748443	0
314	S	T	M	NA	NA	0.619	29.7	0.8495	-0.3775670656635822	0
314	S	V	M	NA	NA	NA	NA	0.987	-1.17020065698395	0
314	S	W	M	NA	NA	NA	NA	0.9983	-0.8017492048461702	0
314	S	Y	M	NA	NA	NA	NA	0.9944	0.14066206731793868	0
315	I	A	M	NA	NA	NA	NA	0.9884	0.3879629041439368	0
315	I	C	M	NA	NA	NA	NA	0.9884	-1.0848866595126583	0
315	I	D	M	NA	NA	NA	NA	1	0.14894503578556206	0
315	I	E	M	NA	NA	NA	NA	0.9998	0.4883386878684311	0
315	I	F	M	Uncertain significance	not provided	0.953	29.8	0.9919	-0.49993969910226754	0
315	I	G	M	NA	NA	NA	NA	0.9996	-0.2869339701042126	0
315	I	H	M	NA	NA	NA	NA	0.9999	0.25870446142324877	0
315	I	K	M	NA	NA	NA	NA	0.9999	2.1034198285503183	0
315	I	L	M	NA	NA	0.684	28.5	0.6882	1.3469169638269767	0
315	I	M	M	NA	NA	0.811	22.6	0.7872	-0.9345263226676036	0
315	I	N	M	NA	NA	0.905	33	0.9995	0.8073430153471411	0
315	I	P	M	NA	NA	NA	NA	0.9999	2.5291350191498823	0
315	I	Q	M	NA	NA	NA	NA	0.9998	1.5368873197236077	0
315	I	R	M	NA	NA	NA	NA	0.9998	4.502446524441702	0
315	I	S	M	NA	NA	0.937	31	0.997	-0.49576226894780867	0
315	I	T	M	NA	NA	0.921	29.8	0.9808	0.4816068619921674	0
315	I	V	M	NA	NA	0.583	24.2	0.1262	0.11107558683016397	0
315	I	W	M	NA	NA	NA	NA	0.9999	3.080240050779808	0
315	I	Y	M	NA	NA	NA	NA	0.9997	0.5952165479586105	0
316	R	A	M	NA	NA	NA	NA	0.9993	-0.08084022207319161	0
316	R	C	M	NA	NA	NA	NA	0.9808	-0.6067518763478443	0
316	R	D	M	NA	NA	NA	NA	0.9997	0.9698939580747895	0
316	R	E	M	NA	NA	NA	NA	0.9964	0.31497251976369517	0
316	R	F	M	NA	NA	NA	NA	0.9986	-0.6878960957609725	0
316	R	G	M	Uncertain significance	not provided	0.851	32	0.9979	0.3051068716266425	0
316	R	H	M	NA	NA	NA	NA	0.821	-0.38743544790489676	0
316	R	I	M	NA	NA	NA	NA	0.999	-0.34432228268543996	0
316	R	K	M	NA	NA	NA	NA	0.9543	-1.641245902605412	0
316	R	L	M	NA	NA	0.773	33	0.9966	1.9115845442225554	0
316	R	M	M	NA	NA	NA	NA	0.9995	-1.6877833587824749	0
316	R	N	M	NA	NA	NA	NA	0.9987	0.04521250346541886	0
316	R	P	M	NA	NA	0.854	34	0.9999	1.5576811644993869	0
316	R	Q	M	Uncertain significance	not provided|Rhabdoid tumor predisposition syndrome 1|Hereditary cancer-predisposing syndrome	0.758	34	0.9573	2.358202911449501	0
316	R	S	M	NA	NA	NA	NA	0.9989	-0.28682671589233205	0
316	R	T	M	NA	NA	NA	NA	0.9992	-1.2491853446536312	0
316	R	V	M	NA	NA	NA	NA	0.9989	0.5225291455851423	0
316	R	W	M	Uncertain significance	Hereditary cancer-predisposing syndrome|not provided	0.803	34	0.959	1.109652030813736	0
316	R	Y	M	NA	NA	NA	NA	0.98740000000000006	-1.3777257317821707	0
317	G	A	M	NA	NA	0.67	31	0.9693	-0.9065679740341999	0
317	G	C	M	NA	NA	NA	NA	0.9965	-4.605910496212134	0
317	G	D	M	NA	NA	NA	NA	0.9998	0.09164766741833269	0
317	G	E	M	NA	NA	0.508	32	0.999	-0.07846697512497913	0
317	G	F	M	NA	NA	NA	NA	0.9997	-2.6808264775885995	0
317	G	H	M	NA	NA	NA	NA	0.9999	0.6440254917271534	0
317	G	I	M	NA	NA	NA	NA	0.9996	-1.1611678245385895	0
317	G	K	M	NA	NA	NA	NA	0.9999	-2.1824786696995013	0
317	G	L	M	NA	NA	NA	NA	0.9992	-0.27270834608819366	0
317	G	M	M	NA	NA	NA	NA	0.9995	-1.6078119670170037	0
317	G	N	M	NA	NA	NA	NA	0.9993	-0.4266543121221936	0
317	G	P	M	NA	NA	NA	NA	1	-0.45069836271842545	0
317	G	Q	M	NA	NA	NA	NA	0.9993	-0.36758699685735857	0
317	G	R	M	NA	NA	0.728	33	0.9997	-0.27069564800112006	0
317	G	S	M	NA	NA	NA	NA	0.9852	-0.7505417930945774	0
317	G	T	M	NA	NA	NA	NA	0.9976	-2.0000085944572352	0
317	G	V	M	NA	NA	0.732	33	0.9988	0.3083875131122335	0
317	G	W	M	NA	NA	NA	NA	0.9997	-0.6455875614224251	0
317	G	Y	M	NA	NA	NA	NA	0.9995	-0.5860564710399682	0
318	Q	A	M	NA	NA	NA	NA	0.9578	0.33220470056032436	0
318	Q	C	M	NA	NA	NA	NA	0.9991	-0.6527880645066686	0
318	Q	D	M	NA	NA	NA	NA	0.9996	1.3875794389633378	0
318	Q	E	M	NA	NA	0.744	28.3	0.9425	-0.5057214853808037	0
318	Q	F	M	NA	NA	NA	NA	0.9993	-0.0018491654777172961	0
318	Q	G	M	NA	NA	NA	NA	0.9805	-0.06780109030463088	0
318	Q	H	M	NA	NA	0.864	24.1	0.9984	0.36532407976254055	0
318	Q	I	M	NA	NA	NA	NA	0.9958	-0.5805990338372906	0
318	Q	K	M	NA	NA	0.805	29.8	0.9954	-0.19590408503207052	0
318	Q	L	M	NA	NA	0.901	29.6	0.9915	-0.030092116365926236	0
318	Q	M	M	NA	NA	NA	NA	0.9667	-4.158842350513604	0
318	Q	N	M	NA	NA	NA	NA	0.982	0.5646017421727255	0
318	Q	P	M	NA	NA	0.91	31	0.9996	-0.8049689648258064	0
318	Q	R	M	Uncertain significance	not provided	0.89	29.5	0.997	1.0245794205010594	0
318	Q	S	M	NA	NA	NA	NA	0.9475	-0.12945911043022396	0
318	Q	T	M	NA	NA	NA	NA	0.9729	-1.0740483026605465	0
318	Q	V	M	NA	NA	NA	NA	0.9908	-2.770069128848615	0
318	Q	W	M	NA	NA	NA	NA	0.9999	0.4328640049050562	0
318	Q	Y	M	NA	NA	NA	NA	0.9997	-2.311204365365838	0
319	L	A	M	NA	NA	NA	NA	0.9631	-0.3253374964756265	0
319	L	C	M	NA	NA	NA	NA	0.941	1.3063238101702452	0
319	L	D	M	NA	NA	NA	NA	0.9996	-0.5783983943345076	0
319	L	E	M	NA	NA	NA	NA	0.9958	-2.2276616976447294	0
319	L	F	M	NA	NA	NA	NA	0.9738	0.28386424222546386	0
319	L	G	M	NA	NA	NA	NA	0.9959	-0.9714751922091377	0
319	L	H	M	NA	NA	NA	NA	0.995	-0.28494795181851706	0
319	L	I	M	NA	NA	NA	NA	0.2151	1.7415147361750705	0
319	L	K	M	NA	NA	NA	NA	0.9916	-1.2698151304344354	0
319	L	M	M	NA	NA	0.63	26.4	0.489	1.3392032598442964	0
319	L	N	M	NA	NA	NA	NA	0.9933	-0.35462466400639775	0
319	L	P	M	NA	NA	0.93	33	0.9998	0.8735747764945099	0
319	L	Q	M	NA	NA	0.93	32	0.9797	1.3424015609797155	0
319	L	R	M	NA	NA	0.907	32	0.9877	-1.2943006892628763	0
319	L	S	M	NA	NA	NA	NA	0.9924	-0.3149128607060268	0
319	L	T	M	NA	NA	NA	NA	0.9446	-0.43564164026714924	0
319	L	V	M	NA	NA	0.47	34	0.3366	-0.9362887715729911	0
319	L	W	M	NA	NA	NA	NA	0.9966	0.22947319075112116	0
319	L	Y	M	NA	NA	NA	NA	0.9954	-1.474717660011131	0
320	S	A	M	NA	NA	NA	NA	0.1211	0.2684772848713861	0
320	S	C	M	NA	NA	0.732	29.4	0.2056	0.029590180810505462	0
320	S	D	M	NA	NA	NA	NA	0.9771	0.7011244991271912	0
320	S	E	M	NA	NA	NA	NA	0.9798	0.5444756639820161	0
320	S	F	M	NA	NA	NA	NA	0.6025	-0.04348363172400946	0
320	S	G	M	Uncertain significance	Hereditary cancer-predisposing syndrome	0.642	28.6	0.2368	0.8850740871486007	0
320	S	H	M	NA	NA	NA	NA	0.8398	-0.7118147442894449	0
320	S	I	M	NA	NA	0.591	32	0.7019	0.8699713239691838	0
320	S	K	M	NA	NA	NA	NA	0.9966	0.9021049168645516	0
320	S	L	M	NA	NA	NA	NA	0.273	-1.4333697756979538	0
320	S	M	M	NA	NA	NA	NA	0.4168	-2.7731587843060206	0
320	S	N	M	NA	NA	0.37	26	0.5027	0.7642083539419193	0
320	S	P	M	NA	NA	NA	NA	0.9975	-0.7716476103845074	0
320	S	Q	M	NA	NA	NA	NA	0.8945	-1.9643315165176047	0
320	S	R	M	NA	NA	0.5780000000000001	26	0.993	0.7202778655184678	0
320	S	T	M	NA	NA	0.348	23.9	0.23	-1.7290639517261719	0
320	S	V	M	NA	NA	NA	NA	0.6274	-1.6264865991692385	0
320	S	W	M	NA	NA	NA	NA	0.8574	-2.5219953034591485	0
320	S	Y	M	NA	NA	NA	NA	0.6783	0.22437881602071508	0
321	W	A	M	NA	NA	NA	NA	0.9972	-1.6905758096434582	0
321	W	C	M	NA	NA	0.673	33	0.9985	0.521806915499456	0
321	W	D	M	NA	NA	NA	NA	0.9999	0.28312037415181396	0
321	W	E	M	NA	NA	NA	NA	0.9999	-0.5603896180821721	0
321	W	F	M	NA	NA	NA	NA	0.7803	0.7056488442341335	0
321	W	G	M	NA	NA	0.724	33	0.9926	-0.5415313591308208	0
321	W	H	M	NA	NA	NA	NA	0.9962	-1.5195305504375831	0
321	W	I	M	NA	NA	NA	NA	0.9975	-0.6954118751518753	0
321	W	K	M	NA	NA	NA	NA	0.9999	-0.5235015315624433	0
321	W	L	M	NA	NA	0.575	33	0.9903	1.2746699083793078	0
321	W	M	M	NA	NA	NA	NA	0.9974	-0.39351642197207193	0
321	W	N	M	NA	NA	NA	NA	0.9993	-0.49708049189913994	0
321	W	P	M	NA	NA	NA	NA	0.9999	-1.155109275683066	0
321	W	Q	M	NA	NA	NA	NA	0.9997	-0.12170420624968054	0
321	W	R	M	Uncertain significance	not provided	0.6815	32	0.9996	0.146716582258757	0
321	W	S	M	NA	NA	0.645	33	0.9953	0.36668615147764627	0
321	W	T	M	NA	NA	NA	NA	0.9981	-0.8348690416210137	0
321	W	V	M	NA	NA	NA	NA	0.9954	-2.7745098226186027	0
321	W	Y	M	NA	NA	NA	NA	0.8996	-0.9779148993707993	0
322	H	A	M	NA	NA	NA	NA	0.9881	-1.6662876580484456	0
322	H	C	M	NA	NA	NA	NA	0.8723	0.06883105674015644	0
322	H	D	M	NA	NA	0.757	31	0.998	0.10462760463835435	0
322	H	E	M	NA	NA	NA	NA	0.9971	0.5180696190830641	0
322	H	F	M	NA	NA	NA	NA	0.8032	-1.6905852873161282	0
322	H	G	M	NA	NA	NA	NA	0.9913	-3.1001946884689193	0
322	H	I	M	NA	NA	NA	NA	0.9896	1.7739981988521665	0
322	H	K	M	NA	NA	NA	NA	0.996	-1.5616183255390699	0
322	H	L	M	NA	NA	0.684	29.1	0.89	0.611176224029286	0
322	H	M	M	NA	NA	NA	NA	0.9745	0.27864020819522495	0
322	H	N	M	NA	NA	0.458	23.6	0.8059	0.7274702217489795	0
322	H	P	M	NA	NA	0.73	26.3	0.9977	-1.9502198487028148	0
322	H	Q	M	NA	NA	0.68	23.2	0.9694	1.3746863007192918	0
322	H	R	M	NA	NA	0.841	28.1	0.9867	-1.193503513458011	0
322	H	S	M	NA	NA	NA	NA	0.9683	-0.3349961449698859	0
322	H	T	M	NA	NA	NA	NA	0.9931	0.01287966651472525	0
322	H	V	M	NA	NA	NA	NA	0.9842	1.0061752038837293	0
322	H	W	M	NA	NA	NA	NA	0.9214	-0.07815898782951258	0
322	H	Y	M	Uncertain significance	Hereditary cancer-predisposing syndrome	0.576	26	0.5557	0.5800529650252514	0
323	Q	A	M	NA	NA	NA	NA	0.468	-2.20583883786201	0
323	Q	C	M	NA	NA	NA	NA	0.8599	-1.7454988851289683	0
323	Q	D	M	NA	NA	NA	NA	0.9826	-0.1504769826850964	0
323	Q	E	M	NA	NA	0.566	27.9	0.3818	-1.2422410381706623	0
323	Q	F	M	NA	NA	NA	NA	0.9565	0.2658572834799426	0
323	Q	G	M	NA	NA	NA	NA	0.6532	-2.038916808387423	0
323	Q	H	M	Uncertain significance	not provided	0.562	29.5	0.7308	0.023082404211164698	0
323	Q	I	M	NA	NA	NA	NA	0.7953	-2.5505440693491424	0
323	Q	K	M	Uncertain significance	Hereditary cancer-predisposing syndrome|not provided|Rhabdoid tumor predisposition syndrome 1	0.448	28.7	0.4244	0.3878100314120233	0
323	Q	L	M	NA	NA	0.779	28.9	0.3816	-0.8175710832350845	0
323	Q	M	M	NA	NA	NA	NA	0.5446	-2.2784925263570956	0
323	Q	N	M	NA	NA	NA	NA	0.7992	-2.242806611429973	0
323	Q	P	M	NA	NA	0.86	30	0.9948	-0.41714254868636	0
323	Q	R	M	NA	NA	0.463	23.7	0.4609	-0.03904613360146644	0
323	Q	S	M	NA	NA	NA	NA	0.5083	-3.593468440021373	0
323	Q	T	M	NA	NA	NA	NA	0.4824	-1.198117684117404	0
323	Q	V	M	NA	NA	NA	NA	0.6265	-0.6857489009880362	0
323	Q	W	M	NA	NA	NA	NA	0.9688	-1.7568706111027579	0
323	Q	Y	M	NA	NA	NA	NA	0.9317	-1.5902727331372337	0
324	K	A	M	NA	NA	NA	NA	0.9867	-1.883181110796789	0
324	K	C	M	NA	NA	NA	NA	0.9733	-0.6060197276170696	0
324	K	D	M	NA	NA	NA	NA	0.9955	-2.958141863699659	0
324	K	E	M	NA	NA	0.631	26.2	0.9791	0.6911021055749278	0
324	K	F	M	NA	NA	NA	NA	0.9988	-0.9160749156580869	0
324	K	G	M	NA	NA	NA	NA	0.9797	-0.22621809119185599	0
324	K	H	M	NA	NA	NA	NA	0.8695	-0.14305359387339775	0
324	K	I	M	NA	NA	NA	NA	0.9908	-3.2311263240241943	0
324	K	L	M	NA	NA	NA	NA	0.9751	-4.080071762082476	0
324	K	M	M	NA	NA	0.818	32	0.9794	-3.2666264117801	0
324	K	N	M	NA	NA	0.697	26.95	0.9876	0.8926647380918236	0
324	K	P	M	NA	NA	NA	NA	0.998	-1.6011635868709648	0
324	K	Q	M	NA	NA	0.612	27.8	0.7273	-0.4384911806027882	0
324	K	R	M	NA	NA	0.355	21.2	0.0645	-0.10079197670920656	0
324	K	S	M	NA	NA	NA	NA	0.9915	-2.0863139803631165	0
324	K	T	M	NA	NA	0.821	28.7	0.9734	-1.4467439597958531	0
324	K	V	M	NA	NA	NA	NA	0.9804	-0.9502791140345004	0
324	K	W	M	NA	NA	NA	NA	0.9948	-0.335761023503509	0
324	K	Y	M	NA	NA	NA	NA	0.9925	-1.9095237970134622	0
325	T	A	M	NA	NA	0.459	25.1	0.7346	0.313927063175905	0
325	T	C	M	NA	NA	NA	NA	0.9532	-1.5870846201300077	0
325	T	D	M	NA	NA	NA	NA	0.9964	-3.5423237018663887	0
325	T	E	M	NA	NA	NA	NA	0.9866	-1.8723600877155668	0
325	T	F	M	NA	NA	NA	NA	0.9801	-1.3110144643689066	0
325	T	G	M	NA	NA	NA	NA	0.9286	-1.1548791269590053	0
325	T	H	M	NA	NA	NA	NA	0.9693	0.15183832968786634	0
325	T	I	M	NA	NA	0.521	25.9	0.8979	0.7003917171850564	0
325	T	K	M	NA	NA	NA	NA	0.9864	-1.9862310681999498	0
325	T	L	M	NA	NA	NA	NA	0.6975	-1.7278386002148989	0
325	T	M	M	NA	NA	NA	NA	0.5784	-1.356547971508045	0
325	T	N	M	NA	NA	0.446	27.3	0.8514	-0.6319304735585441	0
325	T	P	M	Uncertain significance	not provided	0.828	31	0.9852	-1.416686130568561	0
325	T	Q	M	NA	NA	NA	NA	0.9454	-3.205969183968559	0
325	T	R	M	NA	NA	NA	NA	0.9798	-0.3302930426706428	0
325	T	S	M	NA	NA	0.4235	27	0.8073	-0.6175486292139264	0
325	T	V	M	NA	NA	NA	NA	0.7519	-2.5058727597630135	0
325	T	W	M	NA	NA	NA	NA	0.9954	-1.506245545642091	0
325	T	Y	M	NA	NA	NA	NA	0.9811	-2.2404775843236435	0
326	Y	A	M	NA	NA	NA	NA	0.9892	-1.1981898014824108	0
326	Y	C	M	NA	NA	0.672	26.5	0.9425	-0.18402249821227074	0
326	Y	D	M	NA	NA	0.789	32	0.9973	-0.9563146074508446	0
326	Y	E	M	NA	NA	NA	NA	0.9993	-1.0261211699201296	0
326	Y	F	M	NA	NA	0.576	25	0.3455	-1.1926010473852018	0
326	Y	G	M	NA	NA	NA	NA	0.9839	-0.7253379212223537	0
326	Y	H	M	NA	NA	0.609	29.7	0.986	0.019335867700245285	0
326	Y	I	M	NA	NA	NA	NA	0.987	-2.456479324487044	0
326	Y	K	M	NA	NA	NA	NA	0.9993	0.5703159625659964	0
326	Y	L	M	NA	NA	NA	NA	0.8964	-0.46531324414811037	0
326	Y	M	M	NA	NA	NA	NA	0.977	-0.1277664891610324	0
326	Y	N	M	NA	NA	0.735	31	0.9861	-1.5949997535074636	0
326	Y	P	M	NA	NA	NA	NA	0.9985	-0.6168792180302982	0
326	Y	Q	M	NA	NA	NA	NA	0.9985	-2.5788166817692364	0
326	Y	R	M	NA	NA	NA	NA	0.9962	-1.447019296645223	0
326	Y	S	M	Uncertain significance	Hereditary cancer-predisposing syndrome	0.742	30	0.9703	-1.1832249383481384	0
326	Y	T	M	NA	NA	NA	NA	0.9926	-0.8245299140812421	0
326	Y	V	M	NA	NA	NA	NA	0.9514	-1.7514119290963697	0
326	Y	W	M	NA	NA	NA	NA	0.8553	-0.3447770595702732	0
327	A	C	M	NA	NA	NA	NA	0.8971	0.18064080062184712	0
327	A	D	M	NA	NA	0.794	31	0.9978	0.4120837071393507	0
327	A	E	M	NA	NA	NA	NA	0.9951	0.4675482631624719	0
327	A	F	M	NA	NA	NA	NA	0.9419	-1.766453378446612	0
327	A	G	M	NA	NA	0.687	29.4	0.8129	-1.2054780772915035	0
327	A	H	M	NA	NA	NA	NA	0.9829	0.027246677144614567	0
327	A	I	M	NA	NA	NA	NA	0.9125	-0.20014414104739228	0
327	A	K	M	NA	NA	NA	NA	0.9981	-1.4848498806648973	0
327	A	L	M	NA	NA	NA	NA	0.7607	-0.5554784919162363	0
327	A	M	M	NA	NA	NA	NA	0.8984	-0.4650970158328098	0
327	A	N	M	NA	NA	NA	NA	0.9534	-1.5253179836440571	0
327	A	P	M	NA	NA	0.691	33	0.9782	-0.8970907949791347	0
327	A	Q	M	NA	NA	NA	NA	0.9582	-0.500978256726	0
327	A	R	M	NA	NA	NA	NA	0.9875	-0.006270442968950962	0
327	A	S	M	NA	NA	0.388	26.1	0.4705	0.01806675651677791	0
327	A	T	M	Uncertain significance	Hereditary cancer-predisposing syndrome|not provided	0.51	33	0.8204	-0.04555906668250062	0
327	A	V	M	NA	NA	0.587	28.7	0.7787	-0.9295633733887648	0
327	A	W	M	NA	NA	NA	NA	0.9967	0.4245262600412267	0
327	A	Y	M	NA	NA	NA	NA	0.9744	-1.2462127435596706	0
328	F	A	M	NA	NA	NA	NA	0.9979	-2.0057117852605164	0
328	F	C	M	NA	NA	0.839	31	0.9956	-2.4365842505925595	0
328	F	D	M	NA	NA	NA	NA	0.9994	-1.2134822476663667	0
328	F	E	M	NA	NA	NA	NA	0.9996	-0.5353203993345647	0
328	F	G	M	NA	NA	NA	NA	0.9983	-1.0926043635704856	0
328	F	H	M	NA	NA	NA	NA	0.9959	-0.6000124290688387	0
328	F	I	M	NA	NA	0.607	28.7	0.9922	0.25401260364788725	0
328	F	K	M	NA	NA	NA	NA	0.9997	-1.4794758274342736	0
328	F	L	M	NA	NA	0.5806666666666667	28.96666666666667	0.9992	0.2149199680431757	0
328	F	M	M	NA	NA	NA	NA	0.994	0.3386621476317896	0
328	F	N	M	NA	NA	NA	NA	0.9975	-0.459263111104963	0
328	F	P	M	NA	NA	NA	NA	0.9999	-1.31856420591042	0
328	F	Q	M	NA	NA	NA	NA	0.999	-1.5771600581810024	0
328	F	R	M	NA	NA	NA	NA	0.9988	-0.19426514558902064	0
328	F	S	M	NA	NA	0.733	26.9	0.9968	0.11185177853971595	0
328	F	T	M	NA	NA	NA	NA	0.9986	-1.0974744823640596	0
328	F	V	M	NA	NA	0.753	29.2	0.9855	-1.3697462201259178	0
328	F	W	M	NA	NA	NA	NA	0.9533	-0.663086312568643	0
328	F	Y	M	NA	NA	0.485	23.6	0.6441	-0.3208534030747207	0
329	S	A	M	NA	NA	NA	NA	0.4371	-0.12212172005532507	0
329	S	C	M	NA	NA	0.755	34	0.7051	-0.6098037102407325	0
329	S	D	M	NA	NA	NA	NA	0.9914	-0.5945698661166929	0
329	S	E	M	NA	NA	NA	NA	0.9892	-1.8882495454207506	0
329	S	F	M	NA	NA	NA	NA	0.9862	-0.19562573386789578	0
329	S	G	M	Uncertain significance	not provided	0.561	33	0.6971	-0.14389205844921354	0
329	S	H	M	NA	NA	NA	NA	0.9763	-1.3583396032665822	0
329	S	I	M	NA	NA	0.655	35	0.9509	-0.20090991338024716	0
329	S	K	M	NA	NA	NA	NA	0.9987	-0.2815062473609512	0
329	S	L	M	NA	NA	NA	NA	0.8506	0.5815007007432019	0
329	S	M	M	NA	NA	NA	NA	0.9014	-0.674446882158314	0
329	S	N	M	Uncertain significance	not provided	0.397	33	0.9283	0.47090998507351334	0
329	S	P	M	NA	NA	NA	NA	0.9908	-0.9520434967147402	0
329	S	Q	M	NA	NA	NA	NA	0.9639	-3.1051802743867327	0
329	S	R	M	Uncertain significance	not provided	0.5253333333333333	21.06	0.9958	0.8318570635297127	0
329	S	T	M	NA	NA	0.388	34	0.5483	-1.6562129368779699	0
329	S	V	M	NA	NA	NA	NA	0.9155	0.03288788000161208	0
329	S	W	M	NA	NA	NA	NA	0.9846	-1.136056961199212	0
329	S	Y	M	NA	NA	NA	NA	0.9802	-1.3138340759770095	0
330	E	A	M	NA	NA	0.771	28.7	0.9664	0.7844805809627963	0
330	E	C	M	NA	NA	NA	NA	0.998	-1.1687779467388089	0
330	E	D	M	Uncertain significance	Hereditary cancer-predisposing syndrome	0.45	27.75	0.5204	1.3152065701193432	0
330	E	F	M	NA	NA	NA	NA	0.9991	1.5932421942223494	0
330	E	G	M	NA	NA	0.687	32	0.9021	0.47154525640554545	0
330	E	H	M	NA	NA	NA	NA	0.9959	0.49183256844242795	0
330	E	I	M	NA	NA	NA	NA	0.996	-0.5213828550778014	0
330	E	K	M	Uncertain significance	not provided|Hereditary cancer-predisposing syndrome	0.719	36	0.9867	-0.7197485903598149	0
330	E	L	M	NA	NA	NA	NA	0.9957	-0.5289039748087679	0
330	E	M	M	NA	NA	NA	NA	0.9968	-1.2508313802762445	0
330	E	N	M	NA	NA	NA	NA	0.9708	0.7437900942469707	0
330	E	P	M	NA	NA	NA	NA	0.9887	-0.5654048232007123	0
330	E	Q	M	NA	NA	0.545	36	0.9436	-0.1528276621782739	0
330	E	R	M	NA	NA	NA	NA	0.983	-1.6613581848093197	0
330	E	S	M	NA	NA	NA	NA	0.9476	-1.2319110334424426	0
330	E	T	M	NA	NA	NA	NA	0.9826	-1.82692612448079	0
330	E	V	M	NA	NA	0.809	33	0.9883	-1.2020971945721777	0
330	E	W	M	NA	NA	NA	NA	0.9993	-1.506937163356036	0
330	E	Y	M	NA	NA	NA	NA	0.9979	-3.1067229186495378	0
331	N	A	M	NA	NA	NA	NA	0.279	1.2565199994644096	0
331	N	C	M	NA	NA	NA	NA	0.4373	-0.0048490633241227155	0
331	N	D	M	NA	NA	0.429	22.5	0.7244	0.41613329202691735	0
331	N	E	M	NA	NA	NA	NA	0.8955	-0.3163856653963776	0
331	N	F	M	NA	NA	NA	NA	0.7796	-0.2806507582060361	0
331	N	G	M	NA	NA	NA	NA	0.47	-1.4785141911889623	0
331	N	H	M	NA	NA	0.472	24.7	0.3022	0.13957229776584756	0
331	N	I	M	NA	NA	0.573	27.3	0.4499	-0.3738926768038053	0
331	N	K	M	NA	NA	0.225	19.165	0.8901	-0.1555021348724155	0
331	N	L	M	NA	NA	NA	NA	0.435	-0.7113812924424194	0
331	N	M	M	NA	NA	NA	NA	0.431	-0.5014153048899932	0
331	N	P	M	NA	NA	NA	NA	0.9283	0.4939646965662866	0
331	N	Q	M	NA	NA	NA	NA	0.62	1.7987779046951693	0
331	N	R	M	NA	NA	NA	NA	0.9191	-1.3813126981376773	0
331	N	S	M	NA	NA	0.297	19.33	0.1118	0.8824632282125394	0
331	N	T	M	NA	NA	0.329	22.9	0.1761	1.0481550602365242	0
331	N	V	M	NA	NA	NA	NA	0.3701	-0.06465763453823273	0
331	N	W	M	NA	NA	NA	NA	0.9638	1.307673818609995	0
331	N	Y	M	NA	NA	0.637	33	0.4574	0.2963072818882601	0
332	P	A	M	NA	NA	0.613	25.6	0.2658	-0.7727459057417039	0
332	P	C	M	NA	NA	NA	NA	0.8542	-1.641190350801066	0
332	P	D	M	NA	NA	NA	NA	0.9688	-0.622634435102522	0
332	P	E	M	NA	NA	NA	NA	0.9054	-0.5044458811227012	0
332	P	F	M	NA	NA	NA	NA	0.9339	-0.8027202305446646	0
332	P	G	M	NA	NA	NA	NA	0.8033	-0.7187249454078795	0
332	P	H	M	NA	NA	0.739	28	0.5728	0.603746287390694	0
332	P	I	M	NA	NA	NA	NA	0.8207	-1.700903299247852	0
332	P	K	M	NA	NA	NA	NA	0.9285	-0.528434228503126	0
332	P	L	M	Uncertain significance	not provided	0.66	32	0.5616	-0.3684035731652546	0
332	P	M	M	NA	NA	NA	NA	0.7888	-2.3727640230475897	0
332	P	N	M	NA	NA	NA	NA	0.7855	-1.0249933134180509	0
332	P	Q	M	NA	NA	NA	NA	0.5745	-1.7332408205139938	0
332	P	R	M	Uncertain significance	not provided	0.741	28.3	0.8319	-0.9989858422799207	0
332	P	S	M	NA	NA	0.528	27.8	0.4804	-0.2269183680223462	0
332	P	T	M	NA	NA	0.746	26.6	0.4646	0.0836210967043111	0
332	P	V	M	NA	NA	NA	NA	0.6566	-0.44096616238634323	0
332	P	W	M	NA	NA	NA	NA	0.9815	-1.2599725317298764	0
332	P	Y	M	NA	NA	NA	NA	0.9255	-1.2442458769460543	0
333	L	A	M	NA	NA	NA	NA	0.9316	-0.625702382850395	0
333	L	C	M	NA	NA	NA	NA	0.9847	-0.13917902022937495	0
333	L	D	M	NA	NA	NA	NA	0.9993	-1.3358032578157886	0
333	L	E	M	NA	NA	NA	NA	0.9923	-0.5658965648200098	0
333	L	F	M	NA	NA	NA	NA	0.9172	-0.8092315098924814	0
333	L	G	M	NA	NA	NA	NA	0.9893	0.1149044154315626	0
333	L	H	M	NA	NA	NA	NA	0.9869	0.18504642302732488	0
333	L	I	M	NA	NA	NA	NA	0.6443	-0.859551018953528	0
333	L	K	M	NA	NA	NA	NA	0.9855	-1.0801167378128214	0
333	L	M	M	NA	NA	0.531	20.4	0.533	0.8895969968209698	0
333	L	N	M	NA	NA	NA	NA	0.9863	-0.9561763047640174	0
333	L	P	M	NA	NA	0.832	28.8	0.9757	-0.29719323586317636	0
333	L	Q	M	NA	NA	0.861	28.6	0.9351	-2.255255636731719	0
333	L	R	M	NA	NA	0.849	28.9	0.9814	-0.6714374002786925	0
333	L	S	M	NA	NA	NA	NA	0.9812	-0.5660130967062575	0
333	L	T	M	NA	NA	NA	NA	0.9645	-0.5454832704703723	0
333	L	V	M	NA	NA	0.549	20.9	0.6913	0.6127979468640019	0
333	L	W	M	NA	NA	NA	NA	0.9885	-0.6734087861317872	0
333	L	Y	M	NA	NA	NA	NA	0.9841	-1.2054314761326035	0
334	P	A	M	NA	NA	0.512	26.4	0.2314	-0.7624891746709637	0
334	P	C	M	NA	NA	NA	NA	0.9366	-0.7692925299959814	0
334	P	D	M	NA	NA	NA	NA	0.964	-1.0676067674071217	0
334	P	E	M	NA	NA	NA	NA	0.9062	-0.1469975388664374	0
334	P	F	M	NA	NA	NA	NA	0.9847	-1.4890852685102225	0
334	P	G	M	NA	NA	NA	NA	0.6828	-1.1712153597926325	0
334	P	H	M	NA	NA	0.724	29.7	0.8684	0.8294062395234956	0
334	P	I	M	NA	NA	NA	NA	0.925	2.6543927660220503	0
334	P	K	M	NA	NA	NA	NA	0.964	-0.37392516524742336	0
334	P	L	M	NA	NA	0.628	29.7	0.6672	-0.08190418596364968	0
334	P	M	M	NA	NA	NA	NA	0.8809	-2.0536334706438373	0
334	P	N	M	NA	NA	NA	NA	0.7978	-0.05264296619943298	0
334	P	Q	M	NA	NA	NA	NA	0.658	-1.5915143091311776	0
334	P	R	M	NA	NA	0.809	30	0.9326	-0.18183333580708766	0
334	P	S	M	NA	NA	0.572	31	0.4223	-0.1132667013592806	0
334	P	T	M	NA	NA	0.647	27.7	0.4954	-0.5055200241080274	0
334	P	V	M	NA	NA	NA	NA	0.7791	-0.7788666931325299	0
334	P	W	M	NA	NA	NA	NA	0.9961	-1.2899694412566807	0
334	P	Y	M	NA	NA	NA	NA	0.9851	0.040351409411910066	0
335	T	A	M	NA	NA	0.506	26.6	0.0762	0.031503053958049865	0
335	T	C	M	NA	NA	NA	NA	0.335	-1.0959667102382626	0
335	T	D	M	NA	NA	NA	NA	0.695	-0.6598380592481278	0
335	T	E	M	NA	NA	NA	NA	0.5253	-1.0237262220596395	0
335	T	F	M	NA	NA	NA	NA	0.4536	-0.8591003791471609	0
335	T	G	M	NA	NA	NA	NA	0.2749	-0.6626030335786969	0
335	T	H	M	NA	NA	NA	NA	0.3989	0.08639396139804034	0
335	T	I	M	NA	NA	0.555	28.7	0.14	0.48206386964266323	0
335	T	K	M	NA	NA	0.562	25.5	0.3284	-0.42691922990762615	0
335	T	L	M	NA	NA	NA	NA	0.1111	-0.7449778128114121	0
335	T	M	M	NA	NA	NA	NA	0.0856	-1.075839912239543	0
335	T	N	M	NA	NA	NA	NA	0.1982	-0.6148243291731241	0
335	T	P	M	NA	NA	0.516	24.5	0.1754	-0.16138473610646342	0
335	T	Q	M	NA	NA	NA	NA	0.2698	0.07142821565628396	0
335	T	R	M	NA	NA	0.649	28.9	0.3809	-0.04519661124264904	0
335	T	S	M	NA	NA	0.387	23.1	0.1351	-0.4098735316025902	0
335	T	V	M	NA	NA	NA	NA	0.0843	-1.0965499610901626	0
335	T	W	M	NA	NA	NA	NA	0.8601	-0.5490333488767496	0
335	T	Y	M	NA	NA	NA	NA	0.5853	-1.2748030459585569	0
336	V	A	M	Uncertain significance	Hereditary cancer-predisposing syndrome	0.618	28.5	0.902	-0.23841253587208472	0
336	V	C	M	NA	NA	NA	NA	0.9692	-0.7328860395859715	0
336	V	D	M	NA	NA	NA	NA	0.9983	-2.1040088694933687	0
336	V	E	M	NA	NA	0.846	31	0.9915	-0.2628014703098772	0
336	V	F	M	NA	NA	NA	NA	0.9375	-1.1744936243766588	0
336	V	G	M	NA	NA	0.829	35	0.969	-0.6362186908911635	0
336	V	H	M	NA	NA	NA	NA	0.9977	-0.5208609060013503	0
336	V	I	M	NA	NA	NA	NA	0.0962	-1.0848142911538179	0
336	V	K	M	NA	NA	NA	NA	0.9954	-0.19275400911149126	0
336	V	L	M	NA	NA	0.432	29.45	0.7522	0.2640845232660903	0
336	V	M	M	NA	NA	0.49	32	0.7465	0.14150726059587773	0
336	V	N	M	NA	NA	NA	NA	0.9833	0.41407065907173957	0
336	V	P	M	NA	NA	NA	NA	0.9842	-0.8252792105520185	0
336	V	Q	M	NA	NA	NA	NA	0.9885	-0.9520162565693339	0
336	V	R	M	NA	NA	NA	NA	0.993	-0.37118908159156855	0
336	V	S	M	NA	NA	NA	NA	0.9615	-1.7324750879156392	0
336	V	T	M	NA	NA	NA	NA	0.7978	-0.9441444288517107	0
336	V	W	M	NA	NA	NA	NA	0.9987	0.6539021993653136	0
336	V	Y	M	NA	NA	NA	NA	0.9958	-0.9508561719545057	0
337	E	A	M	NA	NA	0.564	32	0.6993	-1.0227495648492229	0
337	E	C	M	NA	NA	NA	NA	0.9883	-0.7315027093804916	0
337	E	D	M	Uncertain significance	not provided	0.215	20.75	0.1377	-0.1311650611571884	0
337	E	F	M	NA	NA	NA	NA	0.9928	-1.2718885563498104	0
337	E	G	M	NA	NA	0.683	32	0.5864	0.6268080912000845	0
337	E	H	M	NA	NA	NA	NA	0.9594	-1.4911142740058967	0
337	E	I	M	NA	NA	NA	NA	0.9658	-1.8998267688751764	0
337	E	K	M	NA	NA	0.47	26.2	0.8977	-0.575954204862636	0
337	E	L	M	NA	NA	NA	NA	0.9534	-1.2124936239405515	0
337	E	M	M	NA	NA	NA	NA	0.9625	-0.4248535102267869	0
337	E	N	M	NA	NA	NA	NA	0.6888	0.14003211795713633	0
337	E	P	M	NA	NA	NA	NA	0.9342	0.5330791813222397	0
337	E	Q	M	NA	NA	0.514	34	0.6925	0.25734410742486535	0
337	E	R	M	NA	NA	NA	NA	0.9391	-0.8149232613693993	0
337	E	S	M	NA	NA	NA	NA	0.6581	-0.26196735791127473	0
337	E	T	M	NA	NA	NA	NA	0.7925	-0.5505878591081539	0
337	E	V	M	NA	NA	0.771	33	0.8978	-0.5680895505749325	0
337	E	W	M	NA	NA	NA	NA	0.998	0.5217656536144836	0
337	E	Y	M	NA	NA	NA	NA	0.9859	-2.283448609712999	0
338	I	A	M	NA	NA	NA	NA	0.3922	-1.2639557496198086	0
338	I	C	M	NA	NA	NA	NA	0.685	-1.8290608763620222	0
338	I	D	M	NA	NA	NA	NA	0.9182	-0.19091790759897187	0
338	I	E	M	NA	NA	NA	NA	0.8751	-0.18636376349594727	0
338	I	F	M	NA	NA	0.536	23.7	0.2795	0.20983735279566706	0
338	I	G	M	NA	NA	NA	NA	0.7401	-0.26004725495907466	0
338	I	H	M	NA	NA	NA	NA	0.8313	0.2727294352144851	0
338	I	K	M	NA	NA	NA	NA	0.8748	-2.7848508465406696	0
338	I	L	M	Uncertain significance	not provided	0.335	23.2	0.1679	-1.561192580144449	0
338	I	M	M	NA	NA	0.523	16.68	0.1104	-0.8089313618145989	0
338	I	N	M	NA	NA	0.561	24.3	0.4497	0.13633827087098493	0
338	I	P	M	NA	NA	NA	NA	0.9423	-1.8738824733629236	0
338	I	Q	M	NA	NA	NA	NA	0.7727	-1.0075724670717954	0
338	I	R	M	NA	NA	NA	NA	0.8448	-1.762289752183411	0
338	I	S	M	NA	NA	0.584	24.2	0.4012	0.18995171181615061	0
338	I	T	M	Uncertain significance	Hereditary cancer-predisposing syndrome|not provided	0.567	23.7	0.2421	-0.8432062309073367	0
338	I	V	M	Uncertain significance	not provided	0.282	20.6	0.0862	-0.17793699469724916	0
338	I	W	M	NA	NA	NA	NA	0.9063	-0.5376426045420051	0
338	I	Y	M	NA	NA	NA	NA	0.7577	-0.7949210163226019	0
339	A	C	M	NA	NA	NA	NA	0.8055	-0.895110727584248	0
339	A	D	M	NA	NA	0.586	29.8	0.9961	-0.06811653260383577	0
339	A	E	M	NA	NA	NA	NA	0.9947	0.02993944454183456	0
339	A	F	M	NA	NA	NA	NA	0.9823	-1.9619853660776467	0
339	A	G	M	NA	NA	0.353	25.6	0.5472	-0.39411312447488417	0
339	A	H	M	NA	NA	NA	NA	0.993	-1.8135525852232974	0
339	A	I	M	NA	NA	NA	NA	0.9283	-0.7173720608141373	0
339	A	K	M	NA	NA	NA	NA	0.999	-0.3006040534311404	0
339	A	L	M	NA	NA	NA	NA	0.9013	-0.12721402663184805	0
339	A	M	M	NA	NA	NA	NA	0.944	-0.6010980778976034	0
339	A	N	M	NA	NA	NA	NA	0.976	0.058154568189468125	0
339	A	P	M	NA	NA	0.445	23.2	0.3908	-0.8013604303778652	0
339	A	Q	M	NA	NA	NA	NA	0.9862	-0.9001099913726216	0
339	A	R	M	NA	NA	NA	NA	0.9964	-2.7279118278821444	0
339	A	S	M	NA	NA	0.355	23.8	0.2856	-0.3311022521541055	0
339	A	T	M	NA	NA	0.438	26.3	0.6437	0.08176539331484112	0
339	A	V	M	NA	NA	0.407	23.7	0.7161	7.667880152031695e-4	0
339	A	W	M	NA	NA	NA	NA	0.9984	-1.9665314720869045	0
339	A	Y	M	NA	NA	NA	NA	0.9938	0.43415080341253454	0
340	I	A	M	NA	NA	NA	NA	0.8305	-1.63596543357299	0
340	I	C	M	NA	NA	NA	NA	0.9032	-3.0403520790579357	0
340	I	D	M	NA	NA	NA	NA	0.9953	0.25675874297158413	0
340	I	E	M	NA	NA	NA	NA	0.9851	0.13543679638587924	0
340	I	F	M	NA	NA	0.454	21.8	0.2588	-0.3977875512733494	0
340	I	G	M	NA	NA	NA	NA	0.9656	0.7050396622616113	0
340	I	H	M	NA	NA	NA	NA	0.9583	-0.2783330907207263	0
340	I	K	M	NA	NA	NA	NA	0.975	-1.2683708101847322	0
340	I	L	M	NA	NA	0.342	22.8	0.1518	-0.1225533151830507	0
340	I	M	M	Uncertain significance	not provided	0.464	22.2	0.2035	-0.29965263613331716	0
340	I	N	M	NA	NA	0.784	29.9	0.9243	-0.40125512881960707	0
340	I	P	M	NA	NA	NA	NA	0.9859	-0.41956595974848976	0
340	I	Q	M	NA	NA	NA	NA	0.955	-0.10735234088883078	0
340	I	R	M	NA	NA	NA	NA	0.9562	-1.574525428266547	0
340	I	S	M	NA	NA	0.741	29.2	0.882	-0.35879431370986603	0
340	I	T	M	NA	NA	0.699	23.9	0.7569	-0.03260367680282586	0
340	I	V	M	Uncertain significance	not provided	0.246	22.1	0.0847	-0.5894206921641673	0
340	I	W	M	NA	NA	NA	NA	0.9421	-1.130081137966616	0
340	I	Y	M	NA	NA	NA	NA	0.8264	0.09566753421028973	0
341	R	A	M	NA	NA	NA	NA	0.9997	-0.9308958305476447	0
341	R	C	M	NA	NA	NA	NA	0.9963	-0.9016185070190205	0
341	R	D	M	NA	NA	NA	NA	0.9998	-0.23114843480825845	0
341	R	E	M	NA	NA	NA	NA	0.9989	-0.6475873799654819	0
341	R	F	M	NA	NA	NA	NA	0.9999	0.2694117461352691	0
341	R	G	M	NA	NA	0.861	26.2	0.9991	-0.014477092326524166	0
341	R	H	M	NA	NA	NA	NA	0.9945	0.020535779112283187	0
341	R	I	M	NA	NA	NA	NA	0.9997	-0.3153762668630722	0
341	R	K	M	NA	NA	NA	NA	0.9894	-0.5433758778320275	0
341	R	L	M	Uncertain significance	Hereditary cancer-predisposing syndrome	0.91	33	0.9984	0.9438709434299604	0
341	R	M	M	NA	NA	NA	NA	0.9999	-0.3023963651499816	0
341	R	N	M	NA	NA	NA	NA	0.9998	-0.3193856319410845	0
341	R	P	M	NA	NA	0.861	34	0.999	0.13045844194668874	0
341	R	Q	M	Conflicting classifications of pathogenicity	Hereditary cancer-predisposing syndrome|not provided	0.847	34	0.996	0.5230137557314726	0
341	R	S	M	NA	NA	NA	NA	0.9998	-0.2780397458030537	0
341	R	T	M	NA	NA	NA	NA	0.9999	-0.06419229748494337	0
341	R	V	M	NA	NA	NA	NA	0.9996	-1.1068847040846361	0
341	R	W	M	Uncertain significance	Hereditary cancer-predisposing syndrome|not provided	0.84	31	0.9968	0.5170580085171401	0
341	R	Y	M	NA	NA	NA	NA	0.9993	0.2121287913931358	0
342	N	A	M	NA	NA	NA	NA	0.2939	-0.5174111965020216	0
342	N	C	M	NA	NA	NA	NA	0.4518	-0.9165350304118473	0
342	N	D	M	NA	NA	0.455	27.8	0.6717	-0.2717324035554402	0
342	N	E	M	NA	NA	NA	NA	0.9115	-1.1723896465676549	0
342	N	F	M	NA	NA	NA	NA	0.8677	-1.995815719094775	0
342	N	G	M	NA	NA	NA	NA	0.2659	-1.8893260292890668	0
342	N	H	M	NA	NA	0.641	27.3	0.3179	-1.074445882744584	0
342	N	I	M	NA	NA	0.668	28.3	0.5574	-2.8866727322369767	0
342	N	K	M	NA	NA	0.428	24.05	0.9217	-0.7931982143393124	0
342	N	L	M	NA	NA	NA	NA	0.4441	-0.958270022828904	0
342	N	M	M	NA	NA	NA	NA	0.548	-0.5618351780905066	0
342	N	P	M	NA	NA	NA	NA	0.3617	-0.9662933844522517	0
342	N	Q	M	NA	NA	NA	NA	0.6405	-2.218773291796503	0
342	N	R	M	NA	NA	NA	NA	0.9235	-2.721236453879838	0
342	N	S	M	Uncertain significance	not provided	0.313	22.1	0.0928	-0.6724664407827144	0
342	N	T	M	NA	NA	0.305	22.7	0.1827	-1.938429678358104	0
342	N	V	M	NA	NA	NA	NA	0.43	-0.6690656522138744	0
342	N	W	M	NA	NA	NA	NA	0.9651	-1.446615508966616	0
342	N	Y	M	NA	NA	0.783	29.6	0.6324	-1.690787974247558	0
343	T	A	M	NA	NA	0.37	21.7	0.0767	0.06428592842879621	0
343	T	C	M	NA	NA	NA	NA	0.3794	-1.447219664500146	0
343	T	D	M	NA	NA	NA	NA	0.8185	-1.5302181314134735	0
343	T	E	M	NA	NA	NA	NA	0.7487	0.4226812660161816	0
343	T	F	M	NA	NA	NA	NA	0.459	-0.30851261032912375	0
343	T	G	M	NA	NA	NA	NA	0.1856	-0.9931776018226748	0
343	T	H	M	NA	NA	NA	NA	0.4338	-1.2231945855825912	0
343	T	I	M	NA	NA	NA	NA	0.2409	-1.3279403359611677	0
343	T	K	M	NA	NA	0.486	22.7	0.7257	-0.1495378268054101	0
343	T	L	M	NA	NA	NA	NA	0.1347	-0.5270179019194661	0
343	T	M	M	Uncertain significance	Hereditary cancer-predisposing syndrome|not provided	0.38	26	0.1073	-0.059291836840781376	0
343	T	N	M	NA	NA	NA	NA	0.16	-0.5540708357463761	0
343	T	P	M	NA	NA	0.404	21.9	0.1044	-0.4076771695105887	0
343	T	Q	M	NA	NA	NA	NA	0.3682	-1.0424712190826813	0
343	T	R	M	NA	NA	0.455	23.3	0.6975	-1.176517527809947	0
343	T	S	M	NA	NA	0.364	21.1	0.101	-0.6649662851155949	0
343	T	V	M	NA	NA	NA	NA	0.1602	-1.6298323777176258	0
343	T	W	M	NA	NA	NA	NA	0.8284	-0.2752718385333083	0
343	T	Y	M	NA	NA	NA	NA	0.55	-1.5495554856205616	0
344	G	A	M	NA	NA	0.332	22.6	0.1144	-1.4405532672163754	0
344	G	C	M	NA	NA	0.564	29.3	0.2994	0.17440390296771602	0
344	G	D	M	NA	NA	0.405	23.5	0.9011	0.09201299785580178	0
344	G	E	M	NA	NA	NA	NA	0.8721	0.2008336939358121	0
344	G	F	M	NA	NA	NA	NA	0.8615	-0.035774975914297596	0
344	G	H	M	NA	NA	NA	NA	0.8262	-1.1232910048355802	0
344	G	I	M	NA	NA	NA	NA	0.4487	-1.2348374935103823	0
344	G	K	M	NA	NA	NA	NA	0.967	-0.9459583235669577	0
344	G	L	M	NA	NA	NA	NA	0.5382	-1.6569329002990458	0
344	G	M	M	NA	NA	NA	NA	0.5206	-1.4008488378757675	0
344	G	N	M	NA	NA	NA	NA	0.3707	-1.4827821663040384	0
344	G	P	M	NA	NA	NA	NA	0.8018	0.06208643694000368	0
344	G	Q	M	NA	NA	NA	NA	0.7272	-0.7864592008911282	0
344	G	R	M	NA	NA	0.481	27.7	0.9419	-0.08179509130707535	0
344	G	S	M	NA	NA	0.363	22.1	0.0929	-0.6450736577229758	0
344	G	T	M	NA	NA	NA	NA	0.1419	-2.2987088674566185	0
344	G	V	M	NA	NA	0.531	25	0.2498	-0.4580638027933207	0
344	G	W	M	NA	NA	NA	NA	0.8703	-2.845397520133437	0
344	G	Y	M	NA	NA	NA	NA	0.8621	-0.9913492616893101	0
345	D	A	M	NA	NA	0.611	24.6	0.7191	-1.690029669395685	0
345	D	C	M	NA	NA	NA	NA	0.952	-0.7360257807869566	0
345	D	E	M	NA	NA	0.392	1.3575	0.1278	0.04301574423915652	0
345	D	F	M	NA	NA	NA	NA	0.9512	-1.8103188885898989	0
345	D	G	M	NA	NA	0.654	24.6	0.8427	0.05712271925047821	0
345	D	H	M	NA	NA	0.719	29	0.9368	-0.030001318829156798	0
345	D	I	M	NA	NA	NA	NA	0.8788	-0.9227075782950265	0
345	D	K	M	NA	NA	NA	NA	0.9488	-0.4599623864038391	0
345	D	L	M	NA	NA	NA	NA	0.8598	-1.164368393098048	0
345	D	M	M	NA	NA	NA	NA	0.9283	-1.0313769900626102	0
345	D	N	M	Uncertain significance	not provided	0.474	26.8	0.5649	0.0888840906556242	0
345	D	P	M	NA	NA	NA	NA	0.9913	-1.8229365201978232	0
345	D	Q	M	NA	NA	NA	NA	0.8628	-0.4966936288748161	0
345	D	R	M	NA	NA	NA	NA	0.9645	-0.20528729833055515	0
345	D	S	M	NA	NA	NA	NA	0.6904	-0.671553291798476	0
345	D	T	M	NA	NA	NA	NA	0.7961	-0.5746383438645455	0
345	D	V	M	NA	NA	0.79	25	0.7416	-0.8727474788000107	0
345	D	W	M	NA	NA	NA	NA	0.992	-1.2523803294391325	0
345	D	Y	M	Uncertain significance	not provided|Hereditary cancer-predisposing syndrome	0.803	29.6	0.8601	0.08651370301971653	0
346	A	C	M	NA	NA	NA	NA	0.7173	-2.7512761671289923	0
346	A	D	M	NA	NA	NA	NA	0.996	-3.342460199878151	0
346	A	E	M	NA	NA	0.859	26.6	0.9881	0.3047032297988408	0
346	A	F	M	NA	NA	NA	NA	0.9621	-1.8031557998125924	0
346	A	G	M	NA	NA	0.61	27.8	0.5753	-0.8690970964247948	0
346	A	H	M	NA	NA	NA	NA	0.9843	-1.8860871618736388	0
346	A	I	M	NA	NA	NA	NA	0.7529	-1.9013545924136752	0
346	A	K	M	NA	NA	NA	NA	0.9964	-1.5794552844767127	0
346	A	L	M	NA	NA	NA	NA	0.8405	-2.1760707552185043	0
346	A	M	M	NA	NA	NA	NA	0.8125	-1.7198185996720576	0
346	A	N	M	NA	NA	NA	NA	0.9641	-2.0363612005023266	0
346	A	P	M	NA	NA	0.874	28.6	0.9934	-0.2709441134106052	0
346	A	Q	M	NA	NA	NA	NA	0.9522	-1.3862750048316486	0
346	A	R	M	NA	NA	NA	NA	0.9876	-2.4247075301648744	0
346	A	S	M	NA	NA	0.48	24.5	0.2104	-0.5459456653339567	0
346	A	T	M	NA	NA	0.672	28.2	0.467	0.17990552609735877	0
346	A	V	M	Uncertain significance	Rhabdoid tumor predisposition syndrome 1|not provided	0.62	24.1	0.4781	0.7574121569938843	0
346	A	W	M	NA	NA	NA	NA	0.9968	-2.021512514421503	0
346	A	Y	M	NA	NA	NA	NA	0.9847	-1.93322602552378	0
347	D	A	M	NA	NA	0.807	29.7	0.9153	-2.074960021670711	0
347	D	C	M	NA	NA	NA	NA	0.9904	-2.3207327654722687	0
347	D	E	M	NA	NA	0.305	18.185	0.3461	-2.6598993537621682	0
347	D	F	M	NA	NA	NA	NA	0.9854	-7.887579184321705	0
347	D	G	M	NA	NA	0.872	31	0.9025	1.549211250798	0
347	D	H	M	NA	NA	0.885	32	0.9761	-1.3989557710404938	0
347	D	I	M	NA	NA	NA	NA	0.9764	0.17213866690232638	0
347	D	K	M	NA	NA	NA	NA	0.9831	1.8584913208406972	0
347	D	L	M	NA	NA	NA	NA	0.9541	-4.799265990767589	0
347	D	M	M	NA	NA	NA	NA	0.989	-0.4815085614275403	0
347	D	N	M	NA	NA	0.538	31	0.8108	0.7183180515985557	0
347	D	P	M	NA	NA	NA	NA	0.9875	-3.450986735357172	0
347	D	Q	M	NA	NA	NA	NA	0.9533	-3.8600715613477	0
347	D	R	M	NA	NA	NA	NA	0.9801	-1.6239657359445427	0
347	D	S	M	NA	NA	NA	NA	0.8561	-0.9093018353205575	0
347	D	T	M	NA	NA	NA	NA	0.9434	-1.662783392498436	0
347	D	V	M	NA	NA	0.894	29.9	0.9378	-0.735864082010043	0
347	D	W	M	NA	NA	NA	NA	0.9969	-4.258216191156311	0
347	D	Y	M	NA	NA	0.864	33	0.9536	3.2202103603326693	0
348	Q	A	M	NA	NA	NA	NA	0.0799	-3.546434793642586	0
348	Q	C	M	NA	NA	NA	NA	0.6763	-0.049959452419660266	0
348	Q	D	M	NA	NA	NA	NA	0.7407	-4.596756847460474	0
348	Q	E	M	Uncertain significance	not provided	0.312	22.7	0.3092	-5.25304374512121	0
348	Q	F	M	NA	NA	NA	NA	0.6845	-1.6725510567552662	0
348	Q	G	M	NA	NA	NA	NA	0.174	0.40189015411730944	0
348	Q	H	M	NA	NA	0.451	22.65	0.3108	-2.6664879676311712	0
348	Q	I	M	NA	NA	NA	NA	0.2162	-2.1492655367385463	0
348	Q	K	M	NA	NA	0.345	23.3	0.5435	2.995172868281996	0
348	Q	L	M	NA	NA	0.543	25	0.0957	-1.7109723666021535	0
348	Q	M	M	NA	NA	NA	NA	0.177	-2.920682541484104	0
348	Q	N	M	NA	NA	NA	NA	0.1358	-3.4915123838046656	0
348	Q	P	M	NA	NA	0.636	25.2	0.3657	-2.676828726835425	0
348	Q	R	M	NA	NA	0.477	24.8	0.6117	0.4715588276519531	0
348	Q	S	M	NA	NA	NA	NA	0.0856	-2.363125583468187	0
348	Q	T	M	NA	NA	NA	NA	0.0758	-2.6262389678095994	0
348	Q	V	M	NA	NA	NA	NA	0.1388	-3.283325103812367	0
348	Q	W	M	NA	NA	NA	NA	0.9124	-2.626795755775846	0
348	Q	Y	M	NA	NA	NA	NA	0.6829	-2.677486033237962	0
349	W	A	M	NA	NA	NA	NA	0.9994	-1.751692082248397	0
349	W	C	M	NA	NA	0.91	33.5	0.9997	-0.17778990095109082	0
349	W	D	M	NA	NA	NA	NA	0.9999	-2.1535143021068803	0
349	W	E	M	NA	NA	NA	NA	0.9999	-1.5237894898969566	0
349	W	F	M	NA	NA	NA	NA	0.7487	-2.3816546292595557	0
349	W	G	M	NA	NA	0.96	33	0.995	-0.35124792657609244	0
349	W	H	M	NA	NA	NA	NA	0.9971	-0.9002022361589078	0
349	W	I	M	NA	NA	NA	NA	0.9997	-1.0031500656590429	0
349	W	K	M	NA	NA	NA	NA	1	-1.7510226984915018	0
349	W	L	M	NA	NA	0.908	33	0.9986	0.6302594826078065	0
349	W	M	M	NA	NA	NA	NA	0.9996	-1.5547360738772098	0
349	W	N	M	NA	NA	NA	NA	0.9996	-1.0035566505930449	0
349	W	P	M	NA	NA	NA	NA	0.9999	-0.17049763013135188	0
349	W	Q	M	NA	NA	NA	NA	0.9999	-0.8410273548441078	0
349	W	R	M	NA	NA	0.954	33	0.9999	1.418354112244487	0
349	W	S	M	NA	NA	0.921	33	0.9989	-0.13072186240470615	0
349	W	T	M	NA	NA	NA	NA	0.9997	-0.03968806411454019	0
349	W	V	M	NA	NA	NA	NA	0.9994	-1.9690862222734102	0
349	W	Y	M	NA	NA	NA	NA	0.8925	-1.3081356166018288	0
350	C	A	M	NA	NA	NA	NA	0.6318	-1.1772826886651737	0
350	C	D	M	NA	NA	NA	NA	0.9963	-0.9448057330436863	0
350	C	E	M	NA	NA	NA	NA	0.993	1.7704068479710884	0
350	C	F	M	NA	NA	0.743	32	0.8758	0.8306593344583395	0
350	C	G	M	NA	NA	0.538	23.4	0.3428	0.5201480969793078	0
350	C	H	M	NA	NA	NA	NA	0.9789	-0.1913937788102056	0
350	C	I	M	NA	NA	NA	NA	0.9669	-1.0868154402583243	0
350	C	K	M	NA	NA	NA	NA	0.9975	1.1731844384871488	0
350	C	L	M	NA	NA	NA	NA	0.9544	0.9170174721190911	0
350	C	M	M	NA	NA	NA	NA	0.9344	-0.9562816863905167	0
350	C	N	M	NA	NA	NA	NA	0.9486	-1.711591190890502	0
350	C	P	M	NA	NA	NA	NA	0.9992	-1.451397881496485	0
350	C	Q	M	NA	NA	NA	NA	0.9631	-0.8810483614216975	0
350	C	R	M	NA	NA	0.737	32	0.9857	-0.399035396377857	0
350	C	S	M	NA	NA	0.487	23.2	0.4498	0.011041512683513555	0
350	C	T	M	NA	NA	NA	NA	0.8066	0.2299422971893662	0
350	C	V	M	NA	NA	NA	NA	0.8989	-0.7462357084014386	0
350	C	W	M	NA	NA	0.626	25.7	0.9892	0.5040068400940543	0
350	C	Y	M	NA	NA	0.713	32	0.962	0.3476365662658573	0
351	P	A	M	NA	NA	0.946	28.4	0.9805	0.5988044266272916	0
351	P	C	M	NA	NA	NA	NA	0.9972	0.013624006001350053	0
351	P	D	M	NA	NA	NA	NA	0.9999	1.1053456984266508	0
351	P	E	M	NA	NA	NA	NA	0.9997	-1.2006221797475314	0
351	P	F	M	NA	NA	NA	NA	0.9998	-0.7166514376290347	0
351	P	G	M	NA	NA	NA	NA	0.9955	-1.9946346802364179	0
351	P	H	M	NA	NA	NA	NA	0.9993	-0.943195746744065	0
351	P	I	M	NA	NA	NA	NA	0.9987	-1.0471598360926655	0
351	P	K	M	NA	NA	NA	NA	0.9998	-1.2043093505209757	0
351	P	L	M	Uncertain significance	Hereditary cancer-predisposing syndrome|not provided	0.922	29.8	0.9899	0.9205936027314348	0
351	P	M	M	NA	NA	NA	NA	0.9991	-0.4202592922239043	0
351	P	N	M	NA	NA	NA	NA	0.9997	-0.9853061286704545	0
351	P	Q	M	NA	NA	0.927	29.2	0.9995	0.6349571088528607	0
351	P	R	M	NA	NA	0.956	31	0.9992	0.475409673435105	0
351	P	S	M	NA	NA	0.927	29.1	0.9972	0.482523946263394	0
351	P	T	M	NA	NA	0.908	28.6	0.9967	-0.016910970915830492	0
351	P	V	M	NA	NA	NA	NA	0.9956	-1.9869216489962742	0
351	P	W	M	NA	NA	NA	NA	0.9999	-0.4964141629865668	0
351	P	Y	M	NA	NA	NA	NA	0.9999	-1.4731136083789491	0
352	L	A	M	NA	NA	NA	NA	0.5309	0.2748690717127569	0
352	L	C	M	NA	NA	NA	NA	0.7466	0.7057487241389001	0
352	L	D	M	NA	NA	NA	NA	0.979	-1.4214608322347442	0
352	L	E	M	NA	NA	NA	NA	0.9021	-0.81228031575175	0
352	L	F	M	NA	NA	NA	NA	0.1758	-2.7697462012865914	0
352	L	G	M	NA	NA	NA	NA	0.8585	-2.1236882166509856	0
352	L	H	M	NA	NA	NA	NA	0.489	-0.7342211684079336	0
352	L	I	M	NA	NA	NA	NA	0.1404	-0.3787885711083149	0
352	L	K	M	NA	NA	NA	NA	0.8565	-0.3099649193857718	0
352	L	M	M	NA	NA	0.305	25.6	0.1315	0.4593313288632161	0
352	L	N	M	NA	NA	NA	NA	0.6539	-0.6500529792378078	0
352	L	P	M	NA	NA	0.693	29.5	0.9953	1.404230201729493	0
352	L	Q	M	NA	NA	0.514	23.7	0.3878	0.22783809504949548	0
352	L	R	M	NA	NA	0.576	28.3	0.7511	-0.056587465038815676	0
352	L	S	M	NA	NA	NA	NA	0.5589	-0.6222508078028975	0
352	L	T	M	NA	NA	NA	NA	0.5	-1.0569388714460148	0
352	L	V	M	NA	NA	0.295	21.6	0.1315	-2.1050742119033314	0
352	L	W	M	NA	NA	NA	NA	0.6314	0.7541198854050861	0
352	L	Y	M	NA	NA	NA	NA	0.5225	-0.6169039269967995	0
353	L	A	M	NA	NA	NA	NA	0.9845	-2.1129509478638804	0
353	L	C	M	NA	NA	NA	NA	0.9875	-1.2806535415891154	0
353	L	D	M	NA	NA	NA	NA	0.9999	0.2735457790774842	0
353	L	E	M	NA	NA	NA	NA	0.9987	-0.08908281098113197	0
353	L	F	M	NA	NA	NA	NA	0.9843	-0.7614890609936085	0
353	L	G	M	NA	NA	NA	NA	0.9987	-0.5936108148842196	0
353	L	H	M	NA	NA	NA	NA	0.9986	-0.5241410704919551	0
353	L	I	M	NA	NA	NA	NA	0.4513	-1.1372228318686919	0
353	L	K	M	NA	NA	NA	NA	0.9973	-0.6805900731553699	0
353	L	M	M	NA	NA	0.714	25.1	0.6734	0.6444582255519686	0
353	L	N	M	NA	NA	NA	NA	0.9993	-0.2728022418240593	0
353	L	P	M	NA	NA	0.945	32	0.9995	0.22883625709298816	0
353	L	Q	M	NA	NA	0.936	31	0.9958	0.8328164323003987	0
353	L	R	M	NA	NA	0.941	32	0.9945	-0.6993077283222466	0
353	L	S	M	NA	NA	NA	NA	0.9984	-1.549437160961106	0
353	L	T	M	NA	NA	NA	NA	0.9831	0.19198221622438327	0
353	L	V	M	NA	NA	0.635	23.2	0.5648	-0.761931080290066	0
353	L	W	M	NA	NA	NA	NA	0.9959	1.304075619640055	0
353	L	Y	M	NA	NA	NA	NA	0.9975	-0.9372323978806923	0
354	E	A	M	NA	NA	0.925	31	0.9945	2.771900805110941	0
354	E	C	M	NA	NA	NA	NA	0.9991	-0.6375016944181896	0
354	E	D	M	NA	NA	0.7455	25.5	0.9912	1.9329032337989656	0
354	E	F	M	NA	NA	NA	NA	0.9995	0.9752683916149714	0
354	E	G	M	Uncertain significance	Hereditary cancer-predisposing syndrome	0.928	33	0.9919	0.4703749183163666	0
354	E	H	M	NA	NA	NA	NA	0.9989	-1.0076762182732437	0
354	E	I	M	NA	NA	NA	NA	0.9984	-1.0806356257834244	0
354	E	K	M	NA	NA	0.834	33	0.9983	0.12996366577107665	0
354	E	L	M	NA	NA	NA	NA	0.9981	0.7284639003084971	0
354	E	M	M	NA	NA	NA	NA	0.9985	-0.5782541739011446	0
354	E	N	M	NA	NA	NA	NA	0.9984	-0.01736775484631263	0
354	E	P	M	NA	NA	NA	NA	0.9999	-0.8584461926023177	0
354	E	Q	M	NA	NA	0.708	31	0.9774	-0.9867433166060775	0
354	E	R	M	NA	NA	NA	NA	0.9966	-0.6215468108857429	0
354	E	S	M	NA	NA	NA	NA	0.9956	-0.848262785514858	0
354	E	T	M	NA	NA	NA	NA	0.9971	-1.0956101713785809	0
354	E	V	M	NA	NA	0.91	32	0.9958	-0.10994355531309008	0
354	E	W	M	NA	NA	NA	NA	0.9998	-1.1009628929740203	0
354	E	Y	M	NA	NA	NA	NA	0.9991	-1.961195988660154	0
355	T	A	M	NA	NA	0.563	27.4	0.6371	-0.5260566517143832	0
355	T	C	M	NA	NA	NA	NA	0.9119	-0.3470877943860312	0
355	T	D	M	NA	NA	NA	NA	0.9861	-0.9948872702243142	0
355	T	E	M	NA	NA	NA	NA	0.9579	-0.30871048435133003	0
355	T	F	M	NA	NA	NA	NA	0.9492	0.3986890137995799	0
355	T	G	M	NA	NA	NA	NA	0.9091	-1.266242206736137	0
355	T	H	M	NA	NA	NA	NA	0.9397	-1.2201343218104166	0
355	T	I	M	NA	NA	0.555	23.6	0.7955	1.1018935093851367	0
355	T	K	M	NA	NA	NA	NA	0.9592	-0.5697382527341057	0
355	T	L	M	NA	NA	NA	NA	0.6747	-2.476395826434212	0
355	T	M	M	NA	NA	NA	NA	0.4948	-0.03465386178844075	0
355	T	N	M	NA	NA	0.556	27.3	0.7761	0.3788702184313669	0
355	T	P	M	NA	NA	0.85	29	0.9273	-0.9565690579010582	0
355	T	Q	M	NA	NA	NA	NA	0.9021	-0.5709398222256449	0
355	T	R	M	NA	NA	NA	NA	0.9564	0.5343795123694355	0
355	T	S	M	NA	NA	0.494	24.65	0.7445	0.21790636597911944	0
355	T	V	M	NA	NA	NA	NA	0.556	-0.1559603637138133	0
355	T	W	M	NA	NA	NA	NA	0.9915	1.0859696519948492	0
355	T	Y	M	NA	NA	NA	NA	0.95	-0.6008030428046973	0
356	L	A	M	NA	NA	NA	NA	0.9953	-0.8804389131210327	0
356	L	C	M	NA	NA	NA	NA	0.9986	0.19534053743174354	0
356	L	D	M	NA	NA	NA	NA	1	-1.7981182029650788	0
356	L	E	M	NA	NA	NA	NA	0.9997	0.6133865974635074	0
356	L	F	M	NA	NA	NA	NA	0.9976	-1.1584292120015194	0
356	L	G	M	NA	NA	NA	NA	0.9993	-1.8324714520636434	0
356	L	H	M	NA	NA	NA	NA	0.9997	-0.2665435137776123	0
356	L	I	M	NA	NA	NA	NA	0.9734	0.1919850339112711	0
356	L	K	M	NA	NA	NA	NA	0.9993	0.26233338972237485	0
356	L	M	M	NA	NA	0.653	21.4	0.9528	1.6287901362415829	0
356	L	N	M	NA	NA	NA	NA	0.9994	0.08171481540197834	0
356	L	P	M	NA	NA	0.958	31	0.9999	0.031041177456983995	0
356	L	Q	M	NA	NA	0.906	29.7	0.9995	-0.32622971281224605	0
356	L	R	M	NA	NA	0.929	31	0.9983	-0.011849502023766723	0
356	L	S	M	NA	NA	NA	NA	0.9997	-0.566506008672802	0
356	L	T	M	NA	NA	NA	NA	0.9988	-2.228167388468553	0
356	L	V	M	NA	NA	0.703	21.2	0.9791	-0.3886954049868155	0
356	L	W	M	NA	NA	NA	NA	0.9996	0.04306267151813964	0
356	L	Y	M	NA	NA	NA	NA	0.9993	0.17848418466080068	0
357	T	A	M	Uncertain significance	Hereditary cancer-predisposing syndrome	0.774	27.3	0.9887	0.5887597077799005	0
357	T	C	M	NA	NA	NA	NA	0.9995	-1.1581858922602195	0
357	T	D	M	NA	NA	NA	NA	0.9946	-0.8729321985062096	0
357	T	E	M	NA	NA	NA	NA	0.9979	-0.6091503727841155	0
357	T	F	M	NA	NA	NA	NA	0.9996	-0.12255705749120487	0
357	T	G	M	NA	NA	NA	NA	0.9814	-1.1123355943474973	0
357	T	H	M	NA	NA	NA	NA	0.9962	-0.5069392865360365	0
357	T	I	M	Likely pathogenic	not provided	0.821	28.8	0.9997	0.652978778241476	0
357	T	K	M	NA	NA	0.798	29.2	0.9977	-0.714313784371337	0
357	T	L	M	NA	NA	NA	NA	0.9926	2.5681518428726893	0
357	T	M	M	NA	NA	NA	NA	0.9944	0.6249786731446733	0
357	T	N	M	NA	NA	NA	NA	0.9673	0.0557229226066837	0
357	T	P	M	NA	NA	0.882	28.1	0.9904	-0.3133563432868285	0
357	T	Q	M	NA	NA	NA	NA	0.9958	0.09525702609703512	0
357	T	R	M	Conflicting classifications of pathogenicity	Intellectual disability, autosomal dominant 15|Hereditary cancer-predisposing syndrome	0.788	28.9	0.9962	-0.3799701756251965	0
357	T	S	M	NA	NA	0.503	24.2	0.8931	-1.1286881177730022	0
357	T	V	M	NA	NA	NA	NA	0.9981	-1.077116327863321	0
357	T	W	M	NA	NA	NA	NA	0.9997	-0.3467600182148415	0
357	T	Y	M	NA	NA	NA	NA	0.9994	-0.41221562284344193	0
358	D	A	M	NA	NA	0.655	27.7	0.9657	0.7139024681577218	0
358	D	C	M	NA	NA	NA	NA	0.9992	-0.455408437623562	0
358	D	E	M	NA	NA	0.465	2.2195	0.8415	0.47582632348948894	0
358	D	F	M	NA	NA	NA	NA	0.9978	-0.23559004646142473	0
358	D	G	M	NA	NA	0.74	28.6	0.9788	-0.13829931355759562	0
358	D	H	M	NA	NA	0.639	31	0.9937	0.07957263956442168	0
358	D	I	M	NA	NA	NA	NA	0.997	-1.378449347931064	0
358	D	K	M	NA	NA	NA	NA	0.9977	-1.0203016096764403	0
358	D	L	M	NA	NA	NA	NA	0.9932	-1.0294845946190987	0
358	D	M	M	NA	NA	NA	NA	0.9982	1.3887208272350957	0
358	D	N	M	NA	NA	0.493	30	0.8286	-0.27008048320454586	0
358	D	P	M	NA	NA	NA	NA	0.994	-1.0249637291866038	0
358	D	Q	M	NA	NA	NA	NA	0.9942	-1.5628472307416506	0
358	D	R	M	NA	NA	NA	NA	0.9969	-0.33982906153836173	0
358	D	S	M	NA	NA	NA	NA	0.9289	-1.1498255602463563	0
358	D	T	M	NA	NA	NA	NA	0.9804	-2.151509531326586	0
358	D	V	M	NA	NA	0.712	27.7	0.9854	0.2724539386164999	0
358	D	W	M	NA	NA	NA	NA	0.9996	-0.10850297659349256	0
358	D	Y	M	NA	NA	0.742	32	0.9915	1.0512910669794207	0
359	A	C	M	NA	NA	NA	NA	0.9867	-2.352559599132124	0
359	A	D	M	NA	NA	0.678	26.7	0.9986	0.2768654987638739	0
359	A	E	M	NA	NA	NA	NA	0.9925	-2.612706010359674	0
359	A	F	M	NA	NA	NA	NA	0.98	-0.18210065020650318	0
359	A	G	M	NA	NA	0.616	29.4	0.9037	-0.4679311212293547	0
359	A	H	M	NA	NA	NA	NA	0.994	-2.835636163637973	0
359	A	I	M	NA	NA	NA	NA	0.9665	-3.263341307758863	0
359	A	K	M	NA	NA	NA	NA	0.9986	-2.4003987580537576	0
359	A	L	M	NA	NA	NA	NA	0.8799	-2.3094588978445354	0
359	A	M	M	NA	NA	NA	NA	0.9215	-2.7852535590297407	0
359	A	N	M	NA	NA	NA	NA	0.9552	-2.861144435183349	0
359	A	P	M	NA	NA	0.674	25.4	0.9942	-1.6017048061299515	0
359	A	Q	M	NA	NA	NA	NA	0.9357	-1.5576878616237377	0
359	A	R	M	NA	NA	NA	NA	0.995	-0.5310220952498608	0
359	A	S	M	NA	NA	0.476	26.3	0.5669	-0.6504923573282821	0
359	A	T	M	Uncertain significance	not provided|Hereditary cancer-predisposing syndrome	0.488	27.9	0.8618	0.751421069084945	0
359	A	V	M	NA	NA	0.622	26.4	0.9045	-0.3183042567764896	0
359	A	W	M	NA	NA	NA	NA	0.9986	-0.7258129939451973	0
359	A	Y	M	NA	NA	NA	NA	0.9938	-1.33427491439749	0
360	E	A	M	NA	NA	0.93	28.5	0.992	-0.9565731737270244	0
360	E	C	M	NA	NA	NA	NA	0.9999	-0.0749673136772755	0
360	E	D	M	NA	NA	0.65	24.55	0.9966	-1.2189920230956635	0
360	E	F	M	NA	NA	NA	NA	1	-3.134210711533146	0
360	E	G	M	NA	NA	0.921	31	0.996	-0.46191215720852163	0
360	E	H	M	NA	NA	NA	NA	1	-3.042564754189712	0
360	E	I	M	NA	NA	NA	NA	0.9998	-1.9177628858895468	0
360	E	K	M	NA	NA	0.86	32	0.9996	1.3901521618671815	0
360	E	L	M	NA	NA	NA	NA	0.9997	-1.764917640971961	0
360	E	M	M	NA	NA	NA	NA	0.9997	-1.5382788277056139	0
360	E	N	M	NA	NA	NA	NA	0.9996	-2.3497769242664455	0
360	E	P	M	NA	NA	NA	NA	1	-2.311926285558601	0
360	E	Q	M	NA	NA	0.753	29.1	0.994	-1.9483854990501341	0
360	E	R	M	NA	NA	NA	NA	0.9993	-1.1548956510397448	0
360	E	S	M	NA	NA	NA	NA	0.9988	-1.609715677162357	0
360	E	T	M	NA	NA	NA	NA	0.9995	-0.8560452923863114	0
360	E	V	M	NA	NA	0.944	29.7	0.9992	-0.6400543851789648	0
360	E	W	M	NA	NA	NA	NA	1	-1.8944647805631076	0
360	E	Y	M	NA	NA	NA	NA	0.9999	-0.8723178431714349	0
361	M	A	M	NA	NA	NA	NA	0.9984	0.5487436193908748	0
361	M	C	M	NA	NA	NA	NA	0.9993	-1.100697718348031	0
361	M	D	M	NA	NA	NA	NA	0.9999	-1.3836919839219315	0
361	M	E	M	NA	NA	NA	NA	0.9991	-0.42532094950506194	0
361	M	F	M	NA	NA	NA	NA	0.9917	-2.3464543779256113	0
361	M	G	M	NA	NA	NA	NA	0.9993	-4.732859806823106	0
361	M	H	M	NA	NA	NA	NA	0.9998	-1.5253558274776347	0
361	M	I	M	NA	NA	0.417	23.766666666666666	0.9869	-1.069756379439856	0
361	M	K	M	NA	NA	0.946	29.1	0.9983	-0.8608885399978699	0
361	M	L	M	NA	NA	0.402	22.9	0.9246	-0.48430843478565033	0
361	M	N	M	NA	NA	NA	NA	0.9991	-1.2361342567218865	0
361	M	P	M	NA	NA	NA	NA	1	-0.9395024258875588	0
361	M	Q	M	NA	NA	NA	NA	0.995	-2.2854649870580683	0
361	M	R	M	NA	NA	0.951	31	0.9988	-3.6049789639202485	0
361	M	S	M	NA	NA	NA	NA	0.9995	-1.2066910476846604	0
361	M	T	M	NA	NA	0.888	27.5	0.999	-0.6393222198022152	0
361	M	V	M	NA	NA	0.585	25.7	0.9489	0.20339184078410877	0
361	M	W	M	NA	NA	NA	NA	0.9992	-4.670751800317424	0
361	M	Y	M	NA	NA	NA	NA	0.9991	-2.875898348600518	0
362	E	A	M	NA	NA	0.881	29.1	0.993	8.394646739404362	0
362	E	C	M	NA	NA	NA	NA	0.9998	2.1415465478140048	0
362	E	D	M	NA	NA	0.593	21.65	0.9868	4.429765174055391	0
362	E	F	M	NA	NA	NA	NA	0.9999	-0.5139727222085034	0
362	E	G	M	NA	NA	0.931	33	0.9893	3.7809335544084197	0
362	E	H	M	NA	NA	NA	NA	0.9998	-0.5821565400649655	0
362	E	I	M	NA	NA	NA	NA	0.9997	2.3613746118386842	0
362	E	K	M	Uncertain significance	SMARCB1-related disorder	0.876	33	0.9994	8.260466110198706	0
362	E	L	M	NA	NA	NA	NA	0.9994	0.39160585185662433	0
362	E	M	M	NA	NA	NA	NA	0.9995	2.0773328313591723	0
362	E	N	M	NA	NA	NA	NA	0.9987	0.5376016124912778	0
362	E	P	M	NA	NA	NA	NA	1	-0.4727773143785324	0
362	E	Q	M	NA	NA	0.685	32	0.9912	-0.47928290867815143	0
362	E	R	M	NA	NA	NA	NA	0.9987	-4.0367224817287255	0
362	E	S	M	NA	NA	NA	NA	0.9969	-3.2241276229678086	0
362	E	T	M	NA	NA	NA	NA	0.9986	-3.256955584342478	0
362	E	V	M	NA	NA	0.942	32	0.9989	0.4646753069559787	0
362	E	W	M	NA	NA	NA	NA	1	2.01032583437859	0
362	E	Y	M	NA	NA	NA	NA	0.9998	12.186992115123886	0
363	K	A	M	NA	NA	NA	NA	0.9993	-2.2458841604313244	0
363	K	C	M	NA	NA	NA	NA	0.9999	0.09747650353144302	0
363	K	D	M	NA	NA	NA	NA	0.9997	-0.12784676237950016	0
363	K	E	M	Pathogenic/Likely pathogenic	Intellectual disability, autosomal dominant 15|not provided	0.874	29.6	0.9996	-0.21663170662921497	0
363	K	F	M	NA	NA	NA	NA	0.9999	-1.535581126284818	0
363	K	G	M	NA	NA	NA	NA	0.9981	0.3180665742764939	0
363	K	H	M	NA	NA	NA	NA	0.9989	-4.235549619279985	0
363	K	I	M	NA	NA	NA	NA	0.9998	-4.914885191276623	0
363	K	L	M	NA	NA	NA	NA	0.9992	-1.0603284122774501	0
363	K	M	M	NA	NA	0.896	31	0.9989	0.46015105923242705	0
363	K	N	M	Conflicting classifications of pathogenicity	not provided|Intellectual disability, autosomal dominant 15|SMARCB1-related BAFopathy	0.715	26.8	0.9997	0.09018495356076278	0
363	K	P	M	NA	NA	NA	NA	0.9998	0.4433999668957959	0
363	K	Q	M	NA	NA	0.834	28.9	0.9982	-1.1537704835261555	0
363	K	R	M	NA	NA	0.51	27.9	0.736	-0.9144726006264413	0
363	K	S	M	NA	NA	NA	NA	0.9998	-1.1031445509774964	0
363	K	T	M	NA	NA	0.923	29.5	0.9989	-0.6904501101271883	0
363	K	V	M	NA	NA	NA	NA	0.9996	-0.607791222354972	0
363	K	W	M	NA	NA	NA	NA	0.9999	-1.1242768494004238	0
363	K	Y	M	NA	NA	NA	NA	0.9997	-2.2390807301372098	0
364	K	A	M	NA	NA	NA	NA	0.9973	-0.7824913447006145	0
364	K	C	M	NA	NA	NA	NA	0.9996	-0.49927648191076607	0
364	K	D	M	NA	NA	NA	NA	0.9996	-0.6661858463268129	0
364	K	E	M	NA	NA	0.763	32	0.9992	0.39371225279382505	0
364	K	F	M	NA	NA	NA	NA	0.9997	-0.705744355923225	0
364	K	G	M	NA	NA	NA	NA	0.9974	-0.8040425039330619	0
364	K	H	M	NA	NA	NA	NA	0.9941	-0.9368823228044766	0
364	K	I	M	NA	NA	NA	NA	0.9955	-3.0436134128439685	0
364	K	L	M	NA	NA	NA	NA	0.9924	-1.8017204814884349	0
364	K	M	M	Uncertain significance	not provided	0.824	31	0.9892	-1.0343114064340544	0
364	K	N	M	Uncertain significance	not provided	0.578	28.35	0.999	0.6941692709507813	0
364	K	P	M	NA	NA	NA	NA	0.9997	-1.5834331986279477	0
364	K	Q	M	NA	NA	0.708	29.8	0.9947	-0.21578908198358912	0
364	K	R	M	NA	NA	0.559	28.1	0.699	-0.8524165429111407	0
364	K	S	M	NA	NA	NA	NA	0.9996	-2.0151556418555865	0
364	K	T	M	NA	NA	0.745	29.7	0.994	0.11445221275090661	0
364	K	V	M	NA	NA	NA	NA	0.9927	-2.1101057432380554	0
364	K	W	M	NA	NA	NA	NA	0.9998	-1.0668760725083373	0
364	K	Y	M	NA	NA	NA	NA	0.9986	-0.19539472931515445	0
365	I	A	M	NA	NA	NA	NA	0.9957	-0.12632474628931306	0
365	I	C	M	NA	NA	NA	NA	0.9994	-0.46437424226775365	0
365	I	D	M	NA	NA	NA	NA	0.9996	-1.346164445366137	0
365	I	E	M	NA	NA	NA	NA	0.9966	-1.4204755076558957	0
365	I	F	M	NA	NA	0.728	29.3	0.9559	-1.0094588004915568	0
365	I	G	M	NA	NA	NA	NA	0.9989	-0.8126795883057794	0
365	I	H	M	NA	NA	NA	NA	0.9993	-0.37708582726557416	0
365	I	K	M	NA	NA	NA	NA	0.9984	-1.2492794148315534	0
365	I	L	M	NA	NA	0.409	23.3	0.5902	0.28398354151779226	0
365	I	M	M	NA	NA	0.438	17.25	0.6693	-0.3802760376760108	0
365	I	N	M	NA	NA	0.727	29.7	0.9938	0.34645368399123605	0
365	I	P	M	NA	NA	NA	NA	0.9998	-0.2263831544426449	0
365	I	Q	M	NA	NA	NA	NA	0.9967	-0.6805038832356296	0
365	I	R	M	NA	NA	NA	NA	0.9965	-0.5557325771219354	0
365	I	S	M	NA	NA	0.661	31	0.9964	-0.8920105209812854	0
365	I	T	M	NA	NA	0.636	28.6	0.9961	-0.008642031688669706	0
365	I	V	M	NA	NA	0.486	29.4	0.8338	0.5405617816559275	0
365	I	W	M	NA	NA	NA	NA	0.9982	-0.9429246993534413	0
365	I	Y	M	NA	NA	NA	NA	0.994	0.5179985205827162	0
366	R	A	M	NA	NA	NA	NA	0.9995	-0.4040741719476013	0
366	R	C	M	Pathogenic/Likely pathogenic	not provided|Intellectual disability, autosomal dominant 15	0.869	31	0.9993	-0.25945264404743085	0
366	R	D	M	NA	NA	NA	NA	0.9999	-0.7313861628993168	0
366	R	E	M	NA	NA	NA	NA	0.9996	0.008434137582233991	0
366	R	F	M	NA	NA	NA	NA	0.9999	0.41712292247987065	0
366	R	G	M	Likely pathogenic	Intellectual disability, autosomal dominant 15	0.605	27.4	0.9989	0.10362891827189788	0
366	R	H	M	Uncertain significance	not provided	0.693	32	0.999	0.7144739360175218	0
366	R	I	M	NA	NA	NA	NA	0.9996	-2.028791455863935	0
366	R	K	M	NA	NA	NA	NA	0.989	-1.048284313055012	0
366	R	L	M	NA	NA	0.711	31	0.9983	0.585014436498233	0
366	R	M	M	NA	NA	NA	NA	0.9999	-1.8186622066124203e-4	0
366	R	N	M	NA	NA	NA	NA	0.9999	0.07601426486494556	0
366	R	P	M	NA	NA	0.734	33	0.9999	0.13734017660996034	0
366	R	Q	M	NA	NA	NA	NA	0.9987	-2.3506240593329735	0
366	R	S	M	NA	NA	0.681	26.6	0.9998	1.4125181432487954	0
366	R	T	M	NA	NA	NA	NA	0.9997	0.007884884555076521	0
366	R	V	M	NA	NA	NA	NA	0.9996	0.03327985998222682	0
366	R	W	M	NA	NA	NA	NA	0.999	0.7513917658220398	0
366	R	Y	M	NA	NA	NA	NA	0.9997	0.3169942498978445	0
367	D	A	M	NA	NA	0.838	31	0.9991	-1.2372982377123487	0
367	D	C	M	NA	NA	NA	NA	1	0.14418951821510406	0
367	D	E	M	NA	NA	0.581	23.35	0.9968	-0.9305517454468719	0
367	D	F	M	NA	NA	NA	NA	0.9997	-0.0064484256132027185	0
367	D	G	M	NA	NA	0.88	26.5	0.999	-1.5135496443327314	0
367	D	H	M	Uncertain significance	not provided	0.871	32	0.9997	0.2333010918206867	0
367	D	I	M	NA	NA	NA	NA	0.9998	-1.067236702445961	0
367	D	K	M	NA	NA	NA	NA	0.9998	1.2288772361834703	0
367	D	L	M	NA	NA	NA	NA	0.9994	-1.9338974184550333	0
367	D	M	M	NA	NA	NA	NA	0.9999	-1.4947530039947186	0
367	D	N	M	NA	NA	0.554	32	0.9949	0.8258220085824848	0
367	D	P	M	NA	NA	NA	NA	1	-0.8016655859280902	0
367	D	Q	M	NA	NA	NA	NA	0.9997	-1.0144404958916464	0
367	D	R	M	NA	NA	NA	NA	0.9998	-0.27296577042773307	0
367	D	S	M	NA	NA	NA	NA	0.9983	0.05960534075722866	0
367	D	T	M	NA	NA	NA	NA	0.9994	-1.1405321468411063	0
367	D	V	M	NA	NA	0.903	29.9	0.9993	0.28636889581714176	0
367	D	W	M	NA	NA	NA	NA	0.9999	-0.3775946518336358	0
367	D	Y	M	NA	NA	0.877	33	0.9982	1.3393072696057053	0
368	Q	A	M	NA	NA	NA	NA	0.8524	0.4227318690737481	0
368	Q	C	M	NA	NA	NA	NA	0.9988	0.1488963134602534	0
368	Q	D	M	NA	NA	NA	NA	0.9986	-0.5925882441638438	0
368	Q	E	M	NA	NA	0.402	28	0.9131	-0.3269702281784408	0
368	Q	F	M	NA	NA	NA	NA	0.9972	0.47413708586000824	0
368	Q	G	M	NA	NA	NA	NA	0.9326	0.04296577489907055	0
368	Q	H	M	NA	NA	0.643	25.15	0.9956	1.2712619304068904	0
368	Q	I	M	NA	NA	NA	NA	0.9829	0.7021397852047833	0
368	Q	K	M	NA	NA	0.488	28.7	0.9881	1.096063570654978	0
368	Q	L	M	NA	NA	0.77	29.4	0.9438	-0.26209905548044593	0
368	Q	M	M	NA	NA	NA	NA	0.8703	0.35772762139486486	0
368	Q	N	M	NA	NA	NA	NA	0.9345	-0.18919864508520917	0
368	Q	P	M	NA	NA	0.834	30	0.9998	-0.33732569437911286	0
368	Q	R	M	NA	NA	0.553	28.9	0.9894	0.2328149413850152	0
368	Q	S	M	NA	NA	NA	NA	0.887	-1.0467695489426871	0
368	Q	T	M	NA	NA	NA	NA	0.8324	0.5385320707256112	0
368	Q	V	M	NA	NA	NA	NA	0.9695	-0.10774285224102659	0
368	Q	W	M	NA	NA	NA	NA	0.9991	-1.5061974700240641	0
368	Q	Y	M	NA	NA	NA	NA	0.9988	0.29294592695648153	0
369	D	A	M	NA	NA	0.87	31	0.9997	-0.0893022649314103	0
369	D	C	M	NA	NA	NA	NA	1	-1.161617264798746	0
369	D	E	M	NA	NA	0.569	24.5	0.9973	0.0977629457467943	0
369	D	F	M	NA	NA	NA	NA	0.9999	-0.9724932112777396	0
369	D	G	M	NA	NA	0.863	32	0.9994	0.5042518742688882	0
369	D	H	M	NA	NA	0.888	32	0.9999	-0.494781871803212	0
369	D	I	M	NA	NA	NA	NA	0.9999	-0.13442498104291206	0
369	D	K	M	NA	NA	NA	NA	0.9999	-0.6454076797128556	0
369	D	L	M	NA	NA	NA	NA	0.9997	-0.19069902705313846	0
369	D	M	M	NA	NA	NA	NA	0.9999	-1.013080300382008	0
369	D	N	M	NA	NA	0.733	32	0.9988	0.3693031776126255	0
369	D	P	M	NA	NA	NA	NA	1	0.3483145671985615	0
369	D	Q	M	NA	NA	NA	NA	0.9999	0.5167711934583347	0
369	D	R	M	NA	NA	NA	NA	0.9999	-1.136155923355354	0
369	D	S	M	NA	NA	NA	NA	0.9996	0.4554653545437416	0
369	D	T	M	NA	NA	NA	NA	0.9998	-0.11990839232360145	0
369	D	V	M	Uncertain significance	Inborn genetic diseases	0.882	36	0.9996	-0.31747312758310703	0
369	D	W	M	NA	NA	NA	NA	1	-0.5680373118484634	0
369	D	Y	M	NA	NA	0.896	33	0.9991	0.6525621975644592	0
370	R	A	M	NA	NA	NA	NA	1	1.1728808568004987	0
370	R	C	M	NA	NA	NA	NA	1	0.42674507679510143	0
370	R	D	M	NA	NA	NA	NA	1	0.8120523119568233	0
370	R	E	M	NA	NA	NA	NA	0.9998	0.1364221131067836	0
370	R	F	M	NA	NA	NA	NA	1	0.16428948415208408	0
370	R	G	M	NA	NA	0.934	24.7	0.9999	0.6061786926296828	0
370	R	H	M	NA	NA	NA	NA	0.9999	0.3992537468504913	0
370	R	I	M	NA	NA	NA	NA	1	0.600571575391524	0
370	R	K	M	NA	NA	0.777	29.1	0.9984	-0.8256463875137381	0
370	R	L	M	NA	NA	NA	NA	0.9999	0.6512996631617318	0
370	R	M	M	NA	NA	0.919	33	1	1.1184837002677197	0
370	R	N	M	NA	NA	NA	NA	1	0.40005952016765367	0
370	R	P	M	NA	NA	NA	NA	1	0.5693194684328108	0
370	R	Q	M	NA	NA	NA	NA	0.9999	-0.009997920229093654	0
370	R	S	M	NA	NA	0.873	24	1	0.6451295092241374	0
370	R	T	M	NA	NA	0.915	30	1	0.30647180717489453	0
370	R	V	M	NA	NA	NA	NA	1	0.54900004928509	0
370	R	W	M	NA	NA	0.933	25.5	0.9999	0.07208503294064023	0
370	R	Y	M	NA	NA	NA	NA	0.9999	0.06406378868689167	0
371	N	A	M	NA	NA	NA	NA	0.9929	0.5243963131631485	0
371	N	C	M	NA	NA	NA	NA	0.9921	0.30116690202126256	0
371	N	D	M	NA	NA	0.634	28.7	0.9961	0.434269723263984	0
371	N	E	M	NA	NA	NA	NA	0.9977	-0.44916486243051695	0
371	N	F	M	NA	NA	NA	NA	0.9973	-0.47094142023608626	0
371	N	G	M	NA	NA	NA	NA	0.9893	0.15812363049409162	0
371	N	H	M	NA	NA	0.751	27.2	0.9823	-1.2898274682541286	0
371	N	I	M	NA	NA	0.785	28.6	0.9951	-0.4965948259958372	0
371	N	K	M	NA	NA	0.672	23.3	0.9995	0.7871527433821065	0
371	N	L	M	NA	NA	NA	NA	0.9873	-1.2887629974267012	0
371	N	M	M	NA	NA	NA	NA	0.9923	0.2968814273946717	0
371	N	P	M	NA	NA	NA	NA	0.9992	-0.1066848609401499	0
371	N	Q	M	NA	NA	NA	NA	0.9966	-0.4053357034233622	0
371	N	R	M	NA	NA	NA	NA	0.999	-2.270322300254016	0
371	N	S	M	NA	NA	0.639	26.3	0.9221	0.5681485462177935	0
371	N	T	M	NA	NA	0.773	27.3	0.9832	-0.4052049474803432	0
371	N	V	M	NA	NA	NA	NA	0.9907	-0.8322934205753016	0
371	N	W	M	NA	NA	NA	NA	0.9996	-2.177619033600031	0
371	N	Y	M	NA	NA	0.878	36	0.9856	0.17123720079111449	0
372	T	A	M	NA	NA	0.689	26.5	0.9923	0.04837331232132169	0
372	T	C	M	NA	NA	NA	NA	0.9994	-0.19162271083383214	0
372	T	D	M	NA	NA	NA	NA	0.9994	0.13320100062764867	0
372	T	E	M	NA	NA	NA	NA	0.9987	-0.15646886575887553	0
372	T	F	M	NA	NA	NA	NA	0.9989	0.913968017944734	0
372	T	G	M	NA	NA	NA	NA	0.9925	0.05670155409872886	0
372	T	H	M	NA	NA	NA	NA	0.9984	-0.6192047455084595	0
372	T	I	M	NA	NA	NA	NA	0.9977	0.9120830894275057	0
372	T	K	M	NA	NA	0.706	28	0.9983	0.6706727805081918	0
372	T	L	M	NA	NA	NA	NA	0.9902	-0.6179728168450125	0
372	T	M	M	Uncertain significance	Hereditary cancer-predisposing syndrome|not provided	0.582	29.6	0.9957	0.3517889546127997	0
372	T	N	M	NA	NA	NA	NA	0.9936	0.34347460108741135	0
372	T	P	M	NA	NA	0.846	28.8	0.9964	0.4160365274617468	0
372	T	Q	M	NA	NA	NA	NA	0.9965	0.7673255394294836	0
372	T	R	M	NA	NA	0.764	28	0.9965	0.7761734077488505	0
372	T	S	M	NA	NA	0.559	26	0.98740000000000006	0.00534279337884902	0
372	T	V	M	NA	NA	NA	NA	0.9911	-0.05646884790028672	0
372	T	W	M	NA	NA	NA	NA	0.9997	0.35473971760719814	0
372	T	Y	M	NA	NA	NA	NA	0.9991	0.29175505057650064	0
373	R	A	M	NA	NA	NA	NA	0.9999	1.1097151042216948	0
373	R	C	M	NA	NA	NA	NA	0.9999	2.6404999516941805	0
373	R	D	M	NA	NA	NA	NA	0.9999	1.2125889450433347	0
373	R	E	M	NA	NA	NA	NA	0.9997	1.1521878596884707	0
373	R	F	M	NA	NA	NA	NA	0.9999	0.07785746904628177	0
373	R	G	M	NA	NA	0.859	31	0.9997	1.0348584270417405	0
373	R	H	M	NA	NA	NA	NA	0.9998	0.34827427520212584	0
373	R	I	M	NA	NA	NA	NA	0.9999	0.7540968883658706	0
373	R	K	M	NA	NA	0.766	35	0.9974	0.8304175169001882	0
373	R	L	M	NA	NA	NA	NA	0.9996	-0.001431857614369425	0
373	R	M	M	NA	NA	0.885	35	1	1.7108236413343318	0
373	R	N	M	NA	NA	NA	NA	0.9999	0.9123292381129788	0
373	R	P	M	NA	NA	NA	NA	0.9996	1.3724896094821761	0
373	R	Q	M	NA	NA	NA	NA	0.9997	0.5901480871044638	0
373	R	S	M	NA	NA	0.8334999999999999	26.799999999999997	0.9999	0.8600948538683423	0
373	R	T	M	NA	NA	0.891	35	1	0.28888261873160476	0
373	R	V	M	NA	NA	NA	NA	0.9999	1.3819614201647206	0
373	R	W	M	NA	NA	0.952	36	0.9998	1.1579158720726217	0
373	R	Y	M	NA	NA	NA	NA	0.9998	1.4513007663614734	0
374	R	A	M	NA	NA	NA	NA	0.9997	-0.15292273595043215	0
374	R	C	M	NA	NA	NA	NA	0.9999	-0.46318464022949923	0
374	R	D	M	NA	NA	NA	NA	0.9998	0.5533545901701208	0
374	R	E	M	NA	NA	NA	NA	0.9992	0.4654351544063536	0
374	R	F	M	NA	NA	NA	NA	0.9998	0.3601923544857855	0
374	R	G	M	NA	NA	0.854	26.2	0.9994	0.9413626513447922	0
374	R	H	M	NA	NA	NA	NA	0.9996	-0.5560877002310952	0
374	R	I	M	NA	NA	NA	NA	0.9998	-1.1284665771121891	0
374	R	K	M	NA	NA	NA	NA	0.997	1.1476364094286977	0
374	R	L	M	NA	NA	0.879	32	0.9985	1.3939488989334672	0
374	R	M	M	NA	NA	NA	NA	1	0.10852463382080058	0
374	R	N	M	NA	NA	NA	NA	0.9999	-0.14845516265983483	0
374	R	P	M	NA	NA	0.878	33	0.9998	-0.04045152219074384	0
374	R	Q	M	Conflicting classifications of pathogenicity	Intellectual disability, autosomal dominant 15|SMARCB1-related BAFopathy|Hereditary cancer-predisposing syndrome|not provided	0.93	36	0.9993	-0.45702990517851744	0
374	R	S	M	NA	NA	NA	NA	0.9999	-0.7068468300292723	0
374	R	T	M	NA	NA	NA	NA	0.9999	-0.19027364813113476	0
374	R	V	M	NA	NA	NA	NA	0.9998	0.3040337672776138	0
374	R	W	M	Conflicting classifications of pathogenicity	not provided|Intellectual disability, autosomal dominant 15	0.861	32	0.9996	1.1068454612255638	0
374	R	Y	M	NA	NA	NA	NA	0.9994	-1.8165766714490386	0
375	M	A	M	NA	NA	NA	NA	0.9973	0.22450401904570874	0
375	M	C	M	NA	NA	NA	NA	0.9978	-1.0437693222322357	0
375	M	D	M	NA	NA	NA	NA	0.9999	-0.2109758242471444	0
375	M	E	M	NA	NA	NA	NA	0.9991	-0.7980545469658749	0
375	M	F	M	NA	NA	NA	NA	0.954	-0.2808788442439116	0
375	M	G	M	NA	NA	NA	NA	0.9991	0.6460181985390112	0
375	M	H	M	NA	NA	NA	NA	0.9989	-0.687905028329764	0
375	M	I	M	NA	NA	0.429	23.666666666666668	0.907	0.3114008081699187	0
375	M	K	M	NA	NA	0.732	24.8	0.9958	0.6593323389743234	0
375	M	L	M	NA	NA	0.513	23.299999999999997	0.7038	0.033140069401834726	0
375	M	N	M	NA	NA	NA	NA	0.9978	-1.0575802688777947	0
375	M	P	M	NA	NA	NA	NA	0.9997	-0.028492890163727136	0
375	M	Q	M	NA	NA	NA	NA	0.9851	0.7987649781217545	0
375	M	R	M	NA	NA	0.733	24.9	0.9958	0.14906051360262296	0
375	M	S	M	NA	NA	NA	NA	0.9982	-0.5375371269659226	0
375	M	T	M	NA	NA	0.698	23.9	0.9989	0.3798934644151979	0
375	M	V	M	NA	NA	0.663	23.6	0.8829	0.45847922165049887	0
375	M	W	M	NA	NA	NA	NA	0.9972	-0.2398843654203078	0
375	M	Y	M	NA	NA	NA	NA	0.9935	-0.19518467689367525	0
376	R	A	M	NA	NA	NA	NA	0.9997	0.14162188887881239	0
376	R	C	M	NA	NA	NA	NA	0.9998	0.8251715940924561	0
376	R	D	M	NA	NA	NA	NA	0.9999	1.4289151445338828	0
376	R	E	M	NA	NA	NA	NA	0.9995	0.015613957958908381	0
376	R	F	M	NA	NA	NA	NA	0.9998	0.8926536478295397	0
376	R	G	M	NA	NA	0.764	23.9	0.9991	0.5242618367606491	0
376	R	H	M	NA	NA	NA	NA	0.9986	-0.7678840598439008	0
376	R	I	M	NA	NA	NA	NA	0.9998	1.9952322408458356	0
376	R	K	M	NA	NA	0.606	25.8	0.9868	0.804286984549377	0
376	R	L	M	NA	NA	NA	NA	0.9984	0.32656177106530804	0
376	R	M	M	NA	NA	0.804	31	0.9999	1.2678691533329618	0
376	R	N	M	NA	NA	NA	NA	0.9999	0.9004050465977124	0
376	R	P	M	NA	NA	NA	NA	0.9997	1.4085414844539295	0
376	R	Q	M	NA	NA	NA	NA	0.9986	0.9012778229294549	0
376	R	S	M	NA	NA	0.712	24.15	0.9999	0.3610903613118047	0
376	R	T	M	Uncertain significance	not specified	0.828	29.6	0.9999	0.6327309815038108	0
376	R	V	M	NA	NA	NA	NA	0.9998	0.21696444402463555	0
376	R	W	M	NA	NA	0.765	24.6	0.9994	1.0049778074613833	0
376	R	Y	M	NA	NA	NA	NA	0.9994	0.7770937954535455	0
377	R	A	M	NA	NA	NA	NA	0.9998	-0.878664749664263	0
377	R	C	M	NA	NA	0.845	33	0.9999	0.5346518428352093	0
377	R	D	M	NA	NA	NA	NA	0.9999	0.38216880067172876	0
377	R	E	M	NA	NA	NA	NA	0.9994	1.1050205699439093	0
377	R	F	M	NA	NA	NA	NA	0.9999	1.151917555458933	0
377	R	G	M	Likely pathogenic	NK-cell enteropathy	0.839	28.2	0.9996	0.4962882654505014	0
377	R	H	M	Conflicting classifications of pathogenicity	not provided|Hereditary cancer-predisposing syndrome	0.868	33	0.9996	0.3596072427142516	0
377	R	I	M	NA	NA	NA	NA	0.9998	0.6606694081256299	0
377	R	K	M	NA	NA	NA	NA	0.9981	-0.37748298519144274	0
377	R	L	M	NA	NA	0.886	32	0.9992	0.511062178656129	0
377	R	M	M	NA	NA	NA	NA	1	1.0075309615307289	0
377	R	N	M	NA	NA	NA	NA	0.9999	0.3539582026791045	0
377	R	P	M	NA	NA	0.863	33	0.9997	0.6475722423045582	0
377	R	Q	M	NA	NA	NA	NA	0.9995	0.2828868695917764	0
377	R	S	M	NA	NA	0.82	26.2	0.9999	0.8632086461221303	0
377	R	T	M	NA	NA	NA	NA	0.9999	0.12415072249126018	0
377	R	V	M	NA	NA	NA	NA	0.9998	0.11743647741326256	0
377	R	W	M	NA	NA	NA	NA	0.9997	1.4368470822630037	0
377	R	Y	M	NA	NA	NA	NA	0.9994	0.7128581047962632	0
378	L	A	M	NA	NA	NA	NA	0.9621	-0.3584284668373081	0
378	L	C	M	NA	NA	NA	NA	0.9986	0.2433012378757901	0
378	L	D	M	NA	NA	NA	NA	0.9994	-0.24552105939763588	0
378	L	E	M	NA	NA	NA	NA	0.9952	0.021482211009931612	0
378	L	F	M	Uncertain significance	not provided	0.534	26	0.9868	0.20679026837597475	0
378	L	G	M	NA	NA	NA	NA	0.9947	0.1104376334069288	0
378	L	H	M	NA	NA	0.635	27	0.9981	0.3729216715158349	0
378	L	I	M	NA	NA	0.465	25.1	0.7593	0.5330467761219845	0
378	L	K	M	NA	NA	NA	NA	0.9923	-0.46762277293145416	0
378	L	M	M	NA	NA	NA	NA	0.7632	0.1649672016945841	0
378	L	N	M	NA	NA	NA	NA	0.9935	-0.9292505247649221	0
378	L	P	M	Likely pathogenic	not provided	0.655	27.8	0.9994	0.10073833365755651	0
378	L	Q	M	NA	NA	NA	NA	0.9898	0.025242393423035747	0
378	L	R	M	NA	NA	0.592	27	0.9915	0.40733429563758417	0
378	L	S	M	NA	NA	NA	NA	0.9961	0.2827870268473259	0
378	L	T	M	NA	NA	NA	NA	0.9864	0.6164020916853359	0
378	L	V	M	NA	NA	0.496	23.7	0.855	0.26144322723960234	0
378	L	W	M	NA	NA	NA	NA	0.9974	-0.7637237975219757	0
378	L	Y	M	NA	NA	NA	NA	0.997	0.4978204198881593	0
379	A	C	M	NA	NA	NA	NA	0.9623	1.176122084292309	0
379	A	D	M	NA	NA	0.544	28.4	0.9992	0.8544644764755529	0
379	A	E	M	NA	NA	NA	NA	0.9966	0.17075108694021124	0
379	A	F	M	NA	NA	NA	NA	0.9751	1.1351309341616838	0
379	A	G	M	NA	NA	0.503	27.2	0.8985	0.20863234254756027	0
379	A	H	M	NA	NA	NA	NA	0.9893	0.4303323809794135	0
379	A	I	M	NA	NA	NA	NA	0.9797	-0.6950783620320516	0
379	A	K	M	NA	NA	NA	NA	0.9982	-0.0854947656723718	0
379	A	L	M	NA	NA	NA	NA	0.894	-0.03121371101353576	0
379	A	M	M	NA	NA	NA	NA	0.9734	0.6745595588209023	0
379	A	N	M	NA	NA	NA	NA	0.9668	-0.4780732657550999	0
379	A	P	M	NA	NA	0.532	29.8	0.9976	0.4061054285760568	0
379	A	Q	M	NA	NA	NA	NA	0.9649	1.2185883702215192	0
379	A	R	M	NA	NA	NA	NA	0.9835	0.8854489432316031	0
379	A	S	M	NA	NA	0.521	27	0.6118	0.4172494025925917	0
379	A	T	M	NA	NA	0.513	28.1	0.9159	0.63403927401563	0
379	A	V	M	NA	NA	0.488	23.1	0.8976	0.41746675189520155	0
379	A	W	M	NA	NA	NA	NA	0.9975	0.703107063524988	0
379	A	Y	M	NA	NA	NA	NA	0.9893	0.9284629193664511	0
380	N	A	M	NA	NA	NA	NA	0.4524	-1.4008757602017685	0
380	N	C	M	NA	NA	NA	NA	0.748	-0.17602690732985393	0
380	N	D	M	NA	NA	0.5	26.8	0.9562	0.21433030795789937	0
380	N	E	M	NA	NA	NA	NA	0.989	-0.07950252808781194	0
380	N	F	M	NA	NA	NA	NA	0.9437	-2.221647243676143	0
380	N	G	M	NA	NA	NA	NA	0.4799	0.823419421363196	0
380	N	H	M	NA	NA	0.565	26.4	0.6753	0.3331902515707757	0
380	N	I	M	NA	NA	0.73	27	0.8548	0.11520386931505347	0
380	N	K	M	NA	NA	0.531	21.3	0.9878	-0.3514823733510012	0
380	N	L	M	NA	NA	NA	NA	0.6756	0.6281643630463452	0
380	N	M	M	NA	NA	NA	NA	0.8454	0.5469228372245103	0
380	N	P	M	NA	NA	NA	NA	0.9253	0.16673208973879886	0
380	N	Q	M	NA	NA	NA	NA	0.8781	2.1960174767823197	0
380	N	R	M	NA	NA	NA	NA	0.9739	-2.0364943997065157	0
380	N	S	M	NA	NA	0.481	24.6	0.1599	0.36509746099098295	0
380	N	T	M	NA	NA	0.593	25.7	0.556	0.16565821365596017	0
380	N	V	M	NA	NA	NA	NA	0.6403	0.8650409153603968	0
380	N	W	M	NA	NA	NA	NA	0.9923	0.00190402740911416	0
380	N	Y	M	NA	NA	0.769	27.5	0.8536	-0.0160560165759948	0
381	T	A	M	NA	NA	0.532	22	0.375	-0.5073831622355243	0
381	T	C	M	NA	NA	NA	NA	0.9604	-1.7299228503779007	0
381	T	D	M	NA	NA	NA	NA	0.9783	-0.9297064988953923	0
381	T	E	M	NA	NA	NA	NA	0.976	-2.032300653261328	0
381	T	F	M	NA	NA	NA	NA	0.9742	-0.539469341143394	0
381	T	G	M	NA	NA	NA	NA	0.6293	-2.9249290567932	0
381	T	H	M	NA	NA	NA	NA	0.9397	-0.9332653859269358	0
381	T	I	M	NA	NA	NA	NA	0.9683	-2.2284817202659544	0
381	T	K	M	NA	NA	0.549	26.6	0.9683	-0.6267878887765698	0
381	T	L	M	NA	NA	NA	NA	0.8238	-1.6479840278410396	0
381	T	M	M	Uncertain significance	not provided|Rhabdoid tumor predisposition syndrome 1|Hereditary cancer-predisposing syndrome	0.585	28.1	0.8031	0.2759846064863853	0
381	T	N	M	NA	NA	NA	NA	0.7022	-1.3810766284205866	0
381	T	P	M	NA	NA	0.58	26.7	0.8377	-0.43055795563814414	0
381	T	Q	M	NA	NA	NA	NA	0.8513	0.36439070545745395	0
381	T	R	M	Conflicting classifications of pathogenicity	Hereditary cancer-predisposing syndrome|not provided	0.506	27	0.9539	-0.17362878326472783	0
381	T	S	M	NA	NA	0.499	23.3	0.4245	-0.9938040242100123	0
381	T	V	M	NA	NA	NA	NA	0.8416	-0.6780040113847454	0
381	T	W	M	NA	NA	NA	NA	0.9966	-1.3279852401721188	0
381	T	Y	M	NA	NA	NA	NA	0.9814	-0.9967182349736325	0
382	A	C	M	NA	NA	NA	NA	0.8981	0.13843180687192694	0
382	A	D	M	NA	NA	0.514	24.7	0.9876	0.1616076603451063	0
382	A	E	M	NA	NA	NA	NA	0.9714	-0.6318288524482796	0
382	A	F	M	NA	NA	NA	NA	0.9144	-0.8414562344002425	0
382	A	G	M	NA	NA	0.483	22.6	0.5319	0.09508799003996429	0
382	A	H	M	NA	NA	NA	NA	0.9417	-0.08628787647013808	0
382	A	I	M	NA	NA	NA	NA	0.8546	0.4984858516188026	0
382	A	K	M	NA	NA	NA	NA	0.9863	0.3593994341392335	0
382	A	L	M	NA	NA	NA	NA	0.651	0.027544338314416245	0
382	A	M	M	NA	NA	NA	NA	0.7685	-0.5033029777065718	0
382	A	N	M	NA	NA	NA	NA	0.7915	0.4207588989259573	0
382	A	P	M	NA	NA	0.596	27.8	0.8556	0.4113095803900265	0
382	A	Q	M	NA	NA	NA	NA	0.7854	0.20294385926523306	0
382	A	R	M	NA	NA	NA	NA	0.9678	0.4105507614507006	0
382	A	S	M	NA	NA	0.497	22.9	0.2131	0.44212772225550784	0
382	A	T	M	NA	NA	0.382	22.6	0.3396	0.40302830127598277	0
382	A	V	M	Uncertain significance	not provided|Hereditary cancer-predisposing syndrome	0.512	22.9	0.582	1.2451320638453653	0
382	A	W	M	NA	NA	NA	NA	0.9944	-0.3815519929563317	0
382	A	Y	M	NA	NA	NA	NA	0.969	-0.5228986371364994	0
383	P	A	M	NA	NA	0.499	25.3	0.5278	0.6851175899249131	0
383	P	C	M	NA	NA	NA	NA	0.9844	-0.04114192572303525	0
383	P	D	M	NA	NA	NA	NA	0.9791	1.7436106559802602	0
383	P	E	M	NA	NA	NA	NA	0.9636	0.9301233580306522	0
383	P	F	M	NA	NA	NA	NA	0.9848	2.271199156214293	0
383	P	G	M	NA	NA	NA	NA	0.7445	-0.420703272677567	0
383	P	H	M	NA	NA	NA	NA	0.9296	0.2369578810253295	0
383	P	I	M	NA	NA	NA	NA	0.9569	-0.6055988494365714	0
383	P	K	M	NA	NA	NA	NA	0.9775	-2.0306701603451254	0
383	P	L	M	Uncertain significance	not provided	0.75	29.4	0.8906	0.9277840304854494	0
383	P	M	M	NA	NA	NA	NA	0.9552	-0.49520849460743194	0
383	P	N	M	NA	NA	NA	NA	0.9104	-1.9669264340515253	0
383	P	Q	M	NA	NA	0.62	27.1	0.8647	1.3308067844218527	0
383	P	R	M	NA	NA	0.709	27.5	0.9522	0.476157296829316	0
383	P	S	M	NA	NA	0.57	24.3	0.7104	-0.679594324977267	0
383	P	T	M	NA	NA	0.562	23.9	0.6353	0.7243549738716493	0
383	P	V	M	NA	NA	NA	NA	0.863	-0.08752141318503526	0
383	P	W	M	NA	NA	NA	NA	0.9953	-0.5393878730817624	0
383	P	Y	M	NA	NA	NA	NA	0.9879	0.6834937335433929	0
384	A	C	M	NA	NA	NA	NA	0.5829	-0.2077476702937591	0
384	A	D	M	NA	NA	0.54	24.8	0.8588	-0.22524170949286473	0
384	A	E	M	NA	NA	NA	NA	0.8462	-0.5670126387547916	0
384	A	F	M	NA	NA	NA	NA	0.6638	-0.8925094649077663	0
384	A	G	M	NA	NA	0.405	22.6	0.137	-0.8106656188100229	0
384	A	H	M	NA	NA	NA	NA	0.7885	-0.2277550072648157	0
384	A	I	M	NA	NA	NA	NA	0.4307	-1.1231631617205766	0
384	A	K	M	NA	NA	NA	NA	0.9535	-0.4895273913869128	0
384	A	L	M	NA	NA	NA	NA	0.3212	-1.1741565271783865	0
384	A	M	M	NA	NA	NA	NA	0.375	-0.2628320324080275	0
384	A	N	M	NA	NA	NA	NA	0.3019	-1.340225750955412	0
384	A	P	M	Uncertain significance	not specified	0.524	25.8	0.3295	-0.6651695542078742	0
384	A	Q	M	NA	NA	NA	NA	0.5949	-1.4600381348356444	0
384	A	R	M	NA	NA	NA	NA	0.9424	-0.3553465794646544	0
384	A	S	M	NA	NA	0.393	22.2	0.0785	-0.6398504682660346	0
384	A	T	M	NA	NA	0.393	22.9	0.0896	0.08983482244167579	0
384	A	V	M	NA	NA	0.552	23.1	0.2122	-0.33917596612452866	0
384	A	W	M	NA	NA	NA	NA	0.962	-0.84116332497706	0
384	A	Y	M	NA	NA	NA	NA	0.8529	0.016019459587809478	0
385	W	A	M	NA	NA	NA	NA	0.7354	1.2575543294780958	0
385	W	C	M	Uncertain significance	not provided	0.795	32	0.8522	-0.07988803816524474	0
385	W	D	M	NA	NA	NA	NA	0.9719	-0.28141549890097667	0
385	W	E	M	NA	NA	NA	NA	0.9701	-0.7299694684261026	0
385	W	F	M	NA	NA	NA	NA	0.1959	-0.38044898915180797	0
385	W	G	M	NA	NA	0.853	29.1	0.4552	0.24395830698360632	0
385	W	H	M	NA	NA	NA	NA	0.9417	-0.16442909431007932	0
385	W	I	M	NA	NA	NA	NA	0.7879	-0.9222257310961237	0
385	W	K	M	NA	NA	NA	NA	0.9892	-1.3743588978300711	0
385	W	L	M	NA	NA	0.738	31	0.6085	-0.2786595736369698	0
385	W	M	M	NA	NA	NA	NA	0.753	-1.1714453815074133	0
385	W	N	M	NA	NA	NA	NA	0.9246	-0.764779137059624	0
385	W	P	M	NA	NA	NA	NA	0.9147	-1.1946812986390825	0
385	W	Q	M	NA	NA	NA	NA	0.9611	-1.2017088849160777	0
385	W	R	M	NA	NA	0.83	28.45	0.9817	-0.18619784011236185	0
385	W	S	M	NA	NA	0.778	31	0.6411	-0.382657121067848	0
385	W	T	M	NA	NA	NA	NA	0.714	-0.2336253715564322	0
385	W	V	M	NA	NA	NA	NA	0.6735	-0.4388825151691861	0
385	W	Y	M	NA	NA	NA	NA	0.5303	1.2437730518857124	0
386	X	A	M	NA	NA	NA	NA	NA	-0.6298969921410181	0
386	X	C	M	NA	NA	NA	NA	NA	-0.7034752600833509	0
386	X	D	M	NA	NA	NA	NA	NA	-0.629168899867027	0
386	X	E	M	NA	NA	NA	18.64	NA	-0.6184107114919951	0
386	X	F	M	NA	NA	NA	NA	NA	-0.628257235882246	0
386	X	G	M	NA	NA	NA	NA	NA	-0.6728521755763258	0
386	X	H	M	NA	NA	NA	NA	NA	-0.5397869832740283	0
386	X	I	M	NA	NA	NA	NA	NA	-0.647297713114908	0
386	X	K	M	NA	NA	NA	18.82	NA	-0.5743509151879956	0
386	X	L	M	NA	NA	NA	14.22	NA	-0.6957408282571415	0
386	X	M	M	NA	NA	NA	NA	NA	-0.7623434730241754	0
386	X	N	M	NA	NA	NA	NA	NA	-0.5083863976314733	0
386	X	P	M	NA	NA	NA	NA	NA	-0.9329349238364356	0
386	X	Q	M	NA	NA	NA	19.02	NA	-0.7342341134907782	0
386	X	R	M	NA	NA	NA	NA	NA	-0.6434400269884145	0
386	X	S	M	NA	NA	NA	12.53	NA	-0.7542575101664265	0
386	X	T	M	NA	NA	NA	NA	NA	-0.6855703069439587	0
386	X	V	M	NA	NA	NA	NA	NA	-0.5541115416864044	0
386	X	W	M	NA	NA	NA	NA	NA	-0.6108386423515433	0
386	X	Y	M	NA	NA	NA	15.855	NA	-0.30744179502779817	0
