X	seqnames	start	end	width	strand	Conc	Conc_WT	Conc_MUTANT	Fold	p.value	FDR
17407	chr12	47165902	47166402	501	*	5.78967914617833	4.92663874646631	6.32593830858149	-1.17987983149169	2.90019093267026e-5	0.0104792667350337
